Year,Max_Obesity
2012,76.983809
2013,77.297693
2014,77.641147
2015,78.009105
2016,78.395933
2017,78.800446
2018,79.205018
2019,79.600513
2020,79.969907
2021,80.316889
2022,80.60925
