session_id,session_length,pages_visited,unique_domains,domain_switches,category_switches,session_complexity,avg_ram,peak_ram,avg_cpu,ram_per_page,ram_per_domain,ram_per_switch,session_intensity,efficiency_score,ram_efficiency,high_ram_usage,cluster,cluster_label
329,987.122825,13,4,4,4,15,6982.070000000001,6982.07,42.8,537.0823076923077,1745.5175000000002,1396.4140000000002,21,0.0151956773970858,0.0021483600135776,True,0,Casual Browsing
157,393.070513,13,2,3,2,15,6982.070000000001,6982.07,42.8,537.0823076923077,3491.0350000000003,1745.5175000000002,18,0.0381610919768993,0.0021483600135776,True,0,Casual Browsing
124,1463.672246,26,7,13,10,28,6982.070000000001,6982.07,42.8,268.54115384615386,997.4385714285715,498.7192857142858,49,0.0191299657942683,0.0040102720253449,True,0,Casual Browsing
121,1635.333886,13,7,11,3,15,6982.070000000001,6982.07,42.8,537.0823076923077,997.4385714285715,581.8391666666668,27,0.0091724388080098,0.0021483600135776,True,0,Casual Browsing
158,468.11091,13,4,6,4,15,6982.070000000001,6982.07,42.8,537.0823076923077,1745.5175000000002,997.4385714285715,23,0.0320436881080169,0.0021483600135776,True,0,Casual Browsing
272,1030.453822,26,8,11,12,28,6982.070000000001,6982.07,42.8,268.54115384615386,872.7587500000001,581.8391666666668,49,0.0271724937131632,0.0040102720253449,True,0,Casual Browsing
142,630.906887,13,2,1,3,14,6982.070000000001,6982.07,42.8,537.0823076923077,3491.0350000000003,3491.0350000000003,17,0.0221902792448039,0.0020051360126724,True,0,Casual Browsing
129,3733.169418,79,27,46,21,81,6982.070000000001,6982.07,42.8,88.38063291139241,258.5951851851852,148.55468085106384,146,0.0216973812143234,0.0116011440733192,True,1,Heavy Multitasking
318,1632.547083,43,7,12,4,45,6982.070000000001,6982.07,42.8,162.37372093023257,997.4385714285715,537.0823076923077,59,0.0275642892438404,0.0064450800407329,True,0,Casual Browsing
672,817.300356,43,15,23,14,45,6982.070000000001,6982.07,42.8,162.37372093023257,465.47133333333335,290.9195833333334,80,0.055059317752212,0.0064450800407329,True,1,Heavy Multitasking
367,2482.205314,26,4,7,2,28,6982.070000000001,6982.07,42.8,268.54115384615386,1745.5175000000002,872.7587500000001,35,0.0112802916995124,0.0040102720253449,True,0,Casual Browsing
368,1317.249992,43,3,9,3,45,6982.070000000001,6982.07,42.8,162.37372093023257,2327.356666666667,698.2070000000001,55,0.034162080298574,0.0064450800407329,True,0,Casual Browsing
373,914.904985,77,1,1,1,79,6982.070000000001,6982.07,42.8,90.67623376623378,6982.070000000001,3491.0350000000003,79,0.0863477642981691,0.0113146960715088,True,0,Casual Browsing
350,2767.68044,43,6,13,7,45,6982.070000000001,6982.07,42.8,162.37372093023257,1163.6783333333335,498.7192857142858,63,0.0162591025140171,0.0064450800407329,True,0,Casual Browsing
384,1223.701199,13,5,8,6,15,6982.070000000001,6982.07,42.8,537.0823076923077,1396.4140000000002,775.7855555555557,27,0.0122578943391228,0.0021483600135776,True,0,Casual Browsing
406,2242.342259,26,8,16,10,28,6982.070000000001,6982.07,42.8,268.54115384615386,872.7587500000001,410.71,52,0.0124869430113166,0.0040102720253449,True,0,Casual Browsing
435,3782.586023,79,12,26,17,81,6982.070000000001,6982.07,42.8,88.38063291139241,581.8391666666668,258.5951851851852,122,0.0214139214567705,0.0116011440733192,True,1,Heavy Multitasking
441,450.807986,13,1,1,0,14,6982.070000000001,6982.07,42.8,537.0823076923077,6982.070000000001,3491.0350000000003,14,0.031055350470211,0.0020051360126724,True,0,Casual Browsing
459,1112.848867,13,5,6,2,15,6982.070000000001,6982.07,42.8,537.0823076923077,1396.4140000000002,997.4385714285715,21,0.0134789192358498,0.0021483600135776,True,0,Casual Browsing
646,490.146697,13,4,7,6,15,6982.070000000001,6982.07,42.8,537.0823076923077,1745.5175000000002,872.7587500000001,26,0.0306030828970372,0.0021483600135776,True,0,Casual Browsing
631,1782.797834,26,7,12,5,28,6982.070000000001,6982.07,42.8,268.54115384615386,997.4385714285715,537.0823076923077,43,0.0157056506722231,0.0040102720253449,True,0,Casual Browsing
492,117.078192,13,4,6,5,15,6982.070000000001,6982.07,42.8,537.0823076923077,1745.5175000000002,997.4385714285715,24,0.1281195049544325,0.0021483600135776,True,0,Casual Browsing
510,1254.335554,43,6,12,2,45,6982.070000000001,6982.07,42.8,162.37372093023257,1163.6783333333335,537.0823076923077,57,0.0358755676314027,0.0064450800407329,True,0,Casual Browsing
526,858.214808,111,9,18,8,113,6982.070000000001,6982.07,42.79999999999999,62.90153153153154,775.7855555555557,367.4773684210527,137,0.131668667269139,0.0161843121022848,True,1,Heavy Multitasking
575,666.73447,26,8,12,2,28,6982.070000000001,6982.07,42.8,268.54115384615386,872.7587500000001,537.0823076923077,40,0.0419957288243999,0.0040102720253449,True,0,Casual Browsing
569,733.414495,13,1,1,0,14,6982.070000000001,6982.07,42.8,537.0823076923077,6982.070000000001,3491.0350000000003,14,0.0190887964383632,0.0020051360126724,True,0,Casual Browsing
599,502.928376,13,2,2,0,14,6982.070000000001,6982.07,42.8,537.0823076923077,3491.0350000000003,2327.356666666667,15,0.0278369657949067,0.0020051360126724,True,0,Casual Browsing
664,1106.164529,52,12,24,15,54,6982.070000000001,6982.07,42.8,134.27057692307693,581.8391666666668,279.2828,91,0.0488173310428036,0.0077340960488794,True,1,Heavy Multitasking
13,119.159957,6,1,0,0,6,6982.07,6982.07,42.79999999999999,1163.6783333333333,6982.07,6982.07,6,0.0503524854410613,0.000859344005431,True,0,Casual Browsing
15,37.920857,3,2,3,0,4,6982.07,6982.07,42.79999999999999,2327.3566666666666,3491.035,1745.5175,6,0.1054828481328889,0.0005728960036207,True,0,Casual Browsing
16,1.0,1,1,1,0,2,6982.07,6982.07,42.8,6982.07,6982.07,3491.035,2,2.0,0.0002864480018103,True,0,Casual Browsing
17,165.36165,5,3,4,0,6,6982.07,6982.07,42.8,1396.414,2327.3566666666666,1396.414,9,0.0362841081955822,0.000859344005431,True,0,Casual Browsing
18,2947.020593,36,2,6,0,37,6982.07,6982.07,42.8,193.9463888888889,3491.035,997.4385714285714,42,0.0125550530891726,0.0052992880334915,True,0,Casual Browsing
19,1.0,1,1,1,0,2,6982.07,6982.07,42.8,6982.07,6982.07,3491.035,2,2.0,0.0002864480018103,True,0,Casual Browsing
20,54.904288,7,2,2,0,8,6982.07,6982.07,42.8,997.4385714285714,3491.035,2327.3566666666666,9,0.1457081093556845,0.0011457920072414,True,0,Casual Browsing
21,72.791466,6,2,1,0,7,6982.07,6982.07,42.79999999999999,1163.6783333333333,3491.035,3491.035,7,0.0961651191363559,0.0010025680063362,True,0,Casual Browsing
22,66.148211,2,1,1,0,3,6982.07,6982.07,42.8,3491.035,6982.07,3491.035,3,0.0453527004683467,0.0004296720027155,True,0,Casual Browsing
680,343.220201,19,1,1,4,21,6982.07,6982.07,42.8,367.47736842105263,6982.07,3491.035,24,0.0611852097831502,0.0030077040190086,True,0,Casual Browsing
45,17.842192,2,1,1,0,3,6982.07,6982.07,42.8,3491.035,6982.07,3491.035,3,0.1681407755280292,0.0004296720027155,True,0,Casual Browsing
46,9.49925,8,1,1,0,9,6982.07,6982.07,42.8,872.75875,6982.07,3491.035,9,0.947443219201516,0.0012890160081465,True,0,Casual Browsing
47,1.0,1,1,1,0,2,6982.07,6982.07,42.8,6982.07,6982.07,3491.035,2,2.0,0.0002864480018103,True,0,Casual Browsing
48,1.0,1,1,1,0,2,6982.07,6982.07,42.8,6982.07,6982.07,3491.035,2,2.0,0.0002864480018103,True,0,Casual Browsing
49,1.0,1,1,0,0,1,6982.07,6982.07,42.8,6982.07,6982.07,6982.07,1,1.0,0.0001432240009051,True,0,Casual Browsing
50,204.875296,2,1,1,0,3,6982.07,6982.07,42.8,3491.035,6982.07,3491.035,3,0.0146430538897183,0.0004296720027155,True,0,Casual Browsing
51,1.0,1,1,0,0,1,6982.07,6982.07,42.8,6982.07,6982.07,6982.07,1,1.0,0.0001432240009051,True,0,Casual Browsing
52,1.0,1,1,1,0,2,6982.07,6982.07,42.8,6982.07,6982.07,3491.035,2,2.0,0.0002864480018103,True,0,Casual Browsing
53,2354.532182,51,7,18,9,53,6982.07,6982.07,42.8,136.90333333333334,997.4385714285714,367.47736842105263,78,0.0225097793970182,0.0075908720479743,True,1,Heavy Multitasking
54,3161.458832,61,9,17,5,63,6982.07,6982.07,42.8,114.46016393442622,775.7855555555556,387.8927777777778,83,0.0199275092126203,0.009023112057026,True,1,Heavy Multitasking
23,740.337724,5,2,2,0,6,6982.07,6982.07,42.8,1396.414,3491.035,2327.3566666666666,7,0.0081044093870866,0.000859344005431,True,0,Casual Browsing
24,1.0,1,1,0,0,1,6982.07,6982.07,42.8,6982.07,6982.07,6982.07,1,1.0,0.0001432240009051,True,0,Casual Browsing
25,1.0,1,1,1,0,2,6982.07,6982.07,42.8,6982.07,6982.07,3491.035,2,2.0,0.0002864480018103,True,0,Casual Browsing
26,345.051663,6,1,0,0,6,6982.07,6982.07,42.79999999999999,1163.6783333333333,6982.07,6982.07,6,0.0173887004277385,0.000859344005431,True,0,Casual Browsing
27,1.0,1,1,1,1,3,6982.07,6982.07,42.8,6982.07,6982.07,3491.035,3,3.0,0.0004296720027155,True,0,Casual Browsing
28,1.0,1,1,1,1,3,6982.07,6982.07,42.8,6982.07,6982.07,3491.035,3,3.0,0.0004296720027155,True,0,Casual Browsing
60,43.717691,3,2,3,0,4,6982.07,6982.07,42.79999999999999,2327.3566666666666,3491.035,1745.5175,6,0.0914961405441106,0.0005728960036207,True,0,Casual Browsing
61,6.790525,3,1,1,0,4,6982.07,6982.07,42.79999999999999,2327.3566666666666,6982.07,3491.035,4,0.5890560744566878,0.0005728960036207,True,0,Casual Browsing
62,265.448735,8,3,3,0,9,6982.07,6982.07,42.8,872.75875,2327.3566666666666,1745.5175,11,0.0339048517221225,0.0012890160081465,True,0,Casual Browsing
63,22.319508,4,2,2,0,5,6982.07,6982.07,42.8,1745.5175,3491.035,2327.3566666666666,6,0.2240192749768498,0.0007161200045258,True,0,Casual Browsing
64,748.851908,6,3,4,0,7,6982.07,6982.07,42.79999999999999,1163.6783333333333,2327.3566666666666,1396.414,10,0.0093476426049247,0.0010025680063362,True,0,Casual Browsing
65,112.199848,3,1,1,0,4,6982.07,6982.07,42.79999999999999,2327.3566666666666,6982.07,3491.035,4,0.0356506721827288,0.0005728960036207,True,0,Casual Browsing
66,1.0,1,1,1,0,2,6982.07,6982.07,42.8,6982.07,6982.07,3491.035,2,2.0,0.0002864480018103,True,0,Casual Browsing
67,146.514484,4,3,3,0,5,6982.07,6982.07,42.8,1745.5175,2327.3566666666666,1745.5175,7,0.0341263188696074,0.0007161200045258,True,0,Casual Browsing
68,1.0,1,1,0,0,1,6982.07,6982.07,42.8,6982.07,6982.07,6982.07,1,1.0,0.0001432240009051,True,0,Casual Browsing
70,488.517435,8,1,0,0,8,6982.07,6982.07,42.8,872.75875,6982.07,6982.07,8,0.0163760787780276,0.0011457920072414,True,0,Casual Browsing
39,6.911374,6,2,2,1,8,6982.07,6982.07,42.79999999999999,1163.6783333333333,3491.035,2327.3566666666666,9,1.1575122399684925,0.0011457920072414,True,0,Casual Browsing
40,1715.608492,35,4,8,0,36,6982.07,6982.07,42.8,199.48771428571428,1745.5175,775.7855555555556,43,0.0209838084667163,0.0051560640325863,True,0,Casual Browsing
41,1.0,3,2,2,1,5,6982.07,6982.07,42.79999999999999,2327.3566666666666,3491.035,2327.3566666666666,6,5.0,0.0007161200045258,True,0,Casual Browsing
42,1.0,1,1,1,1,3,6982.07,6982.07,42.8,6982.07,6982.07,3491.035,3,3.0,0.0004296720027155,True,0,Casual Browsing
43,2348.119522,23,6,8,0,24,6982.07,6982.07,42.8,303.5682608695652,1163.6783333333333,775.7855555555556,31,0.0102209447922642,0.0034373760217242,True,0,Casual Browsing
44,1760.202533,14,6,8,0,15,6982.07,6982.07,42.8,498.7192857142857,1163.6783333333333,775.7855555555556,22,0.0085217466278921,0.0021483600135776,True,0,Casual Browsing
75,317.374383,3,2,1,0,4,6982.07,6982.07,42.79999999999999,2327.3566666666666,3491.035,3491.035,4,0.0126034116622449,0.0005728960036207,True,0,Casual Browsing
76,1.0,1,1,0,0,1,6982.07,6982.07,42.8,6982.07,6982.07,6982.07,1,1.0,0.0001432240009051,True,0,Casual Browsing
77,1109.614066,7,3,4,2,8,6982.07,6982.07,42.8,997.4385714285714,2327.3566666666666,1396.414,13,0.0072097139403061,0.0011457920072414,True,0,Casual Browsing
78,2260.44683,9,3,3,0,10,6982.07,6982.07,42.8,775.7855555555556,2327.3566666666666,1745.5175,12,0.0044239041004118,0.0014322400090517,True,0,Casual Browsing
80,73.349988,4,3,4,1,6,6982.07,6982.07,42.8,1745.5175,2327.3566666666666,1396.414,9,0.0817996043843933,0.000859344005431,True,0,Casual Browsing
81,207.429685,16,2,3,0,17,6982.07,6982.07,42.8,436.379375,3491.035,1745.5175,19,0.0819554828905033,0.0024348080153879,True,0,Casual Browsing
82,69.813045,4,2,2,0,5,6982.07,6982.07,42.8,1745.5175,3491.035,2327.3566666666666,6,0.0716198527080433,0.0007161200045258,True,0,Casual Browsing
83,73.295929,2,1,1,0,3,6982.07,6982.07,42.8,3491.035,6982.07,3491.035,3,0.0409299676111616,0.0004296720027155,True,0,Casual Browsing
84,1.0,1,1,1,0,2,6982.07,6982.07,42.8,6982.07,6982.07,3491.035,2,2.0,0.0002864480018103,True,0,Casual Browsing
85,665.432265,7,3,3,0,8,6982.07,6982.07,42.8,997.4385714285714,2327.3566666666666,1745.5175,10,0.0120222604475002,0.0011457920072414,True,0,Casual Browsing
86,47.559676,3,2,3,0,4,6982.07,6982.07,42.79999999999999,2327.3566666666666,3491.035,1745.5175,6,0.0841048622787085,0.0005728960036207,True,0,Casual Browsing
55,925.115684,7,5,6,2,9,6982.07,6982.07,42.8,997.4385714285714,1396.414,997.4385714285714,15,0.0097285130450777,0.0012890160081465,True,0,Casual Browsing
56,139.681278,7,2,2,0,8,6982.07,6982.07,42.8,997.4385714285714,3491.035,2327.3566666666666,9,0.057273244593309,0.0011457920072414,True,0,Casual Browsing
57,73.550893,2,1,1,0,3,6982.07,6982.07,42.8,3491.035,6982.07,3491.035,3,0.0407880839733652,0.0004296720027155,True,0,Casual Browsing
58,1.0,1,1,1,0,2,6982.07,6982.07,42.8,6982.07,6982.07,3491.035,2,2.0,0.0002864480018103,True,0,Casual Browsing
59,3.604349,2,2,2,2,4,6982.07,6982.07,42.8,3491.035,3491.035,2327.3566666666666,6,1.1097704467575142,0.0005728960036207,True,0,Casual Browsing
91,1.0,1,1,1,0,2,6982.07,6982.07,42.8,6982.07,6982.07,3491.035,2,2.0,0.0002864480018103,True,0,Casual Browsing
92,1.0,1,1,1,0,2,6982.07,6982.07,42.8,6982.07,6982.07,3491.035,2,2.0,0.0002864480018103,True,0,Casual Browsing
93,7.325255,3,3,2,1,5,6982.07,6982.07,42.79999999999999,2327.3566666666666,2327.3566666666666,2327.3566666666666,6,0.6825700948294633,0.0007161200045258,True,0,Casual Browsing
94,120.350102,4,2,3,1,6,6982.07,6982.07,42.8,1745.5175,3491.035,1745.5175,8,0.0498545485237727,0.000859344005431,True,0,Casual Browsing
95,1.0,1,1,1,1,3,6982.07,6982.07,42.8,6982.07,6982.07,3491.035,3,3.0,0.0004296720027155,True,0,Casual Browsing
96,45.373265,3,2,3,1,5,6982.07,6982.07,42.79999999999999,2327.3566666666666,3491.035,1745.5175,7,0.1101970510607953,0.0007161200045258,True,0,Casual Browsing
97,138.213076,2,1,1,0,3,6982.07,6982.07,42.8,3491.035,6982.07,3491.035,3,0.0217056163340145,0.0004296720027155,True,0,Casual Browsing
98,127.628506,6,1,1,1,8,6982.07,6982.07,42.79999999999999,1163.6783333333333,6982.07,3491.035,8,0.0626819215450191,0.0011457920072414,True,0,Casual Browsing
99,154.140181,14,2,2,1,16,6982.07,6982.07,42.8,498.7192857142857,3491.035,2327.3566666666666,17,0.1038016167893302,0.0022915840144828,True,0,Casual Browsing
100,17.571242,2,1,1,1,4,6982.07,6982.07,42.8,3491.035,6982.07,3491.035,4,0.2276446935282093,0.0005728960036207,True,0,Casual Browsing
101,1.499143,2,1,1,0,3,6982.07,6982.07,42.8,3491.035,6982.07,3491.035,3,2.0011433198834268,0.0004296720027155,True,0,Casual Browsing
102,314.281855,4,1,0,0,4,6982.07,6982.07,42.8,1745.5175,6982.07,6982.07,4,0.0127274290143158,0.0005728960036207,True,0,Casual Browsing
71,654.450273,6,3,5,0,7,6982.07,6982.07,42.79999999999999,1163.6783333333333,2327.3566666666666,1163.6783333333333,11,0.0106959998166277,0.0010025680063362,True,0,Casual Browsing
72,4.506744,2,1,1,0,3,6982.07,6982.07,42.8,3491.035,6982.07,3491.035,3,0.6656690506494267,0.0004296720027155,True,0,Casual Browsing
73,143.799859,5,1,1,1,7,6982.07,6982.07,42.8,1396.414,6982.07,3491.035,7,0.0486787681759827,0.0010025680063362,True,0,Casual Browsing
74,1.0,1,1,1,1,3,6982.07,6982.07,42.8,6982.07,6982.07,3491.035,3,3.0,0.0004296720027155,True,0,Casual Browsing
106,1.0,1,1,1,0,2,6982.07,6982.07,42.8,6982.07,6982.07,3491.035,2,2.0,0.0002864480018103,True,0,Casual Browsing
107,56.88496,4,3,4,0,5,6982.07,6982.07,42.8,1745.5175,2327.3566666666666,1396.414,8,0.0878966953655236,0.0007161200045258,True,0,Casual Browsing
108,1.0,1,1,0,0,1,6982.07,6982.07,42.8,6982.07,6982.07,6982.07,1,1.0,0.0001432240009051,True,0,Casual Browsing
109,108.509824,7,3,3,2,9,6982.07,6982.07,42.8,997.4385714285714,2327.3566666666666,1745.5175,12,0.082941798891868,0.0012890160081465,True,0,Casual Browsing
110,1.0,1,1,1,1,3,6982.07,6982.07,42.8,6982.07,6982.07,3491.035,3,3.0,0.0004296720027155,True,0,Casual Browsing
111,1.0,1,1,1,1,3,6982.07,6982.07,42.8,6982.07,6982.07,3491.035,3,3.0,0.0004296720027155,True,0,Casual Browsing
112,4.075917,3,2,2,1,5,6982.07,6982.07,42.79999999999999,2327.3566666666666,3491.035,2327.3566666666666,6,1.2267178158927183,0.0007161200045258,True,0,Casual Browsing
114,18.123737,2,1,0,0,2,6982.07,6982.07,42.8,3491.035,6982.07,6982.07,2,0.1103525172540299,0.0002864480018103,True,0,Casual Browsing
115,42.231543,3,2,2,0,4,6982.07,6982.07,42.79999999999999,2327.3566666666666,3491.035,2327.3566666666666,5,0.0947159330645342,0.0005728960036207,True,0,Casual Browsing
116,1.0,1,1,1,0,2,6982.07,6982.07,42.8,6982.07,6982.07,3491.035,2,2.0,0.0002864480018103,True,0,Casual Browsing
117,13.756247,5,2,2,0,6,6982.07,6982.07,42.8,1396.414,3491.035,2327.3566666666666,7,0.436165474493152,0.000859344005431,True,0,Casual Browsing
118,4.472018,2,1,1,0,3,6982.07,6982.07,42.8,3491.035,6982.07,3491.035,3,0.6708380869665551,0.0004296720027155,True,0,Casual Browsing
87,1.0,1,1,0,1,2,6982.07,6982.07,42.8,6982.07,6982.07,6982.07,2,2.0,0.0002864480018103,True,0,Casual Browsing
88,1.0,1,1,1,1,3,6982.07,6982.07,42.8,6982.07,6982.07,3491.035,3,3.0,0.0004296720027155,True,0,Casual Browsing
89,11.081974,3,2,2,1,5,6982.07,6982.07,42.79999999999999,2327.3566666666666,3491.035,2327.3566666666666,6,0.4511831556363514,0.0007161200045258,True,0,Casual Browsing
90,1.805403,3,1,1,0,4,6982.07,6982.07,42.79999999999999,2327.3566666666666,6982.07,3491.035,4,2.215571814160052,0.0005728960036207,True,0,Casual Browsing
122,467.066593,4,3,3,1,6,6982.07,6982.07,42.8,1745.5175,2327.3566666666666,1745.5175,8,0.0128461339130713,0.000859344005431,True,0,Casual Browsing
123,111.649389,5,3,4,0,6,6982.07,6982.07,42.8,1396.414,2327.3566666666666,1396.414,9,0.0537396581722449,0.000859344005431,True,0,Casual Browsing
125,1101.320658,10,5,4,2,12,6982.07,6982.07,42.8,698.207,1396.414,1396.414,16,0.0108960091802799,0.0017186880108621,True,0,Casual Browsing
126,883.611504,14,4,4,1,16,6982.07,6982.07,42.8,498.7192857142857,1745.5175,1396.414,19,0.0181075053092563,0.0022915840144828,True,0,Casual Browsing
127,29.202042,3,2,3,1,5,6982.07,6982.07,42.79999999999999,2327.3566666666666,3491.035,1745.5175,7,0.1712209029765795,0.0007161200045258,True,0,Casual Browsing
128,1.0,1,1,1,0,2,6982.07,6982.07,42.8,6982.07,6982.07,3491.035,2,2.0,0.0002864480018103,True,0,Casual Browsing
130,1.0,1,1,1,0,2,6982.07,6982.07,42.8,6982.07,6982.07,3491.035,2,2.0,0.0002864480018103,True,0,Casual Browsing
131,84.675681,6,3,4,0,7,6982.07,6982.07,42.79999999999999,1163.6783333333333,2327.3566666666666,1396.414,10,0.0826683637773164,0.0010025680063362,True,0,Casual Browsing
132,1.0,2,1,1,1,3,6982.07,6982.07,42.8,3491.035,6982.07,3491.035,4,3.0,0.0004296720027155,True,0,Casual Browsing
133,428.298953,16,8,11,1,17,6982.07,6982.07,42.8,436.379375,872.75875,581.8391666666666,28,0.0396919018384805,0.0024348080153879,True,0,Casual Browsing
134,33.858254,19,6,7,0,20,6982.07,6982.07,42.8,367.47736842105263,1163.6783333333333,872.75875,26,0.5906979137199455,0.0028644800181035,True,0,Casual Browsing
103,430.235704,7,3,4,0,8,6982.07,6982.07,42.8,997.4385714285714,2327.3566666666666,1396.414,11,0.018594458631913,0.0011457920072414,True,0,Casual Browsing
104,828.869081,4,2,2,0,5,6982.07,6982.07,42.8,1745.5175,3491.035,2327.3566666666666,6,0.0060323157355172,0.0007161200045258,True,0,Casual Browsing
105,1.0,1,1,1,0,2,6982.07,6982.07,42.8,6982.07,6982.07,3491.035,2,2.0,0.0002864480018103,True,0,Casual Browsing
137,8.17778,3,2,2,1,5,6982.07,6982.07,42.79999999999999,2327.3566666666666,3491.035,2327.3566666666666,6,0.6114128773334572,0.0007161200045258,True,0,Casual Browsing
138,470.969392,19,6,10,7,21,6982.07,6982.07,42.8,367.47736842105263,1163.6783333333333,634.7336363636364,36,0.0445888848759836,0.0030077040190086,True,0,Casual Browsing
139,261.393918,8,3,3,0,9,6982.07,6982.07,42.8,872.75875,2327.3566666666666,1745.5175,11,0.0344307934509784,0.0012890160081465,True,0,Casual Browsing
140,1.0,2,1,1,0,3,6982.07,6982.07,42.8,3491.035,6982.07,3491.035,3,3.0,0.0004296720027155,True,0,Casual Browsing
141,560.510217,10,2,3,3,12,6982.07,6982.07,42.8,698.207,3491.035,1745.5175,16,0.0214090655906812,0.0017186880108621,True,0,Casual Browsing
143,32.887703,2,1,1,0,3,6982.07,6982.07,42.8,3491.035,6982.07,3491.035,3,0.0912195053573671,0.0004296720027155,True,0,Casual Browsing
144,1.0,1,1,1,0,2,6982.07,6982.07,42.8,6982.07,6982.07,3491.035,2,2.0,0.0002864480018103,True,0,Casual Browsing
145,403.152716,7,2,1,0,8,6982.07,6982.07,42.8,997.4385714285714,3491.035,3491.035,8,0.0198435969361049,0.0011457920072414,True,0,Casual Browsing
146,337.430951,12,2,1,0,13,6982.07,6982.07,42.79999999999999,581.8391666666666,3491.035,3491.035,13,0.0385264006205524,0.0018619120117672,True,0,Casual Browsing
147,1.0,1,1,1,0,2,6982.07,6982.07,42.8,6982.07,6982.07,3491.035,2,2.0,0.0002864480018103,True,0,Casual Browsing
149,1.0,1,1,1,0,2,6982.07,6982.07,42.8,6982.07,6982.07,3491.035,2,2.0,0.0002864480018103,True,0,Casual Browsing
150,991.397244,19,5,8,3,21,6982.07,6982.07,42.8,367.47736842105263,1396.414,775.7855555555556,30,0.0211822255176654,0.0030077040190086,True,0,Casual Browsing
119,16.913609,8,1,1,0,9,6982.07,6982.07,42.8,872.75875,6982.07,3491.035,9,0.5321158837241655,0.0012890160081465,True,0,Casual Browsing
120,3963.527614,47,2,2,0,48,6982.07,6982.07,42.8,148.55468085106384,3491.035,2327.3566666666666,49,0.012110424014823,0.0068747520434484,True,0,Casual Browsing
153,45.955478,4,4,4,0,5,6982.07,6982.07,42.8,1745.5175,1745.5175,1396.414,8,0.108800957309159,0.0007161200045258,True,0,Casual Browsing
154,1516.803623,29,10,14,7,31,6982.07,6982.07,42.8,240.76103448275865,698.207,465.4713333333333,50,0.0204377148959381,0.0044399440280604,True,0,Casual Browsing
155,1104.708175,14,4,8,4,16,6982.07,6982.07,42.8,498.7192857142857,1745.5175,775.7855555555556,26,0.0144834630195436,0.0022915840144828,True,0,Casual Browsing
156,639.042695,17,5,12,3,19,6982.07,6982.07,42.8,410.71,1396.414,537.0823076923077,32,0.0297319727596604,0.0027212560171983,True,0,Casual Browsing
159,1400.590283,16,2,2,0,17,6982.07,6982.07,42.8,436.379375,3491.035,2327.3566666666666,18,0.0121377394990823,0.0024348080153879,True,0,Casual Browsing
160,136.474774,7,1,1,0,8,6982.07,6982.07,42.8,997.4385714285714,6982.07,3491.035,8,0.0586188917228029,0.0011457920072414,True,0,Casual Browsing
161,916.508626,33,5,13,2,35,6982.07,6982.07,42.8,211.5778787878788,1396.414,498.7192857142857,48,0.0381884021678591,0.0050128400316811,True,0,Casual Browsing
162,500.48712,10,4,3,2,12,6982.07,6982.07,42.8,698.207,1745.5175,1745.5175,15,0.0239766409972748,0.0017186880108621,True,0,Casual Browsing
163,10.072585,10,2,5,0,11,6982.07,6982.07,42.8,698.207,3491.035,1163.6783333333333,15,1.0920731867738025,0.0015754640099569,True,0,Casual Browsing
164,2564.421877,18,6,8,0,19,6982.07,6982.07,42.8,387.8927777777778,1163.6783333333333,775.7855555555556,26,0.0074090773325593,0.0027212560171983,True,0,Casual Browsing
165,1.0,3,2,2,2,5,6982.07,6982.07,42.79999999999999,2327.3566666666666,3491.035,2327.3566666666666,7,5.0,0.0007161200045258,True,0,Casual Browsing
166,15.611211,3,2,2,0,4,6982.07,6982.07,42.79999999999999,2327.3566666666666,3491.035,2327.3566666666666,5,0.2562261185246935,0.0005728960036207,True,0,Casual Browsing
135,5.786642,2,1,1,0,3,6982.07,6982.07,42.8,3491.035,6982.07,3491.035,3,0.5184353896439421,0.0004296720027155,True,0,Casual Browsing
136,51.095377,10,2,2,0,11,6982.07,6982.07,42.8,698.207,3491.035,2327.3566666666666,12,0.2152836645084349,0.0015754640099569,True,0,Casual Browsing
168,25.51314,3,2,2,0,4,6982.07,6982.07,42.79999999999999,2327.3566666666666,3491.035,2327.3566666666666,5,0.1567819562782158,0.0005728960036207,True,0,Casual Browsing
169,1.0,1,1,1,0,2,6982.07,6982.07,42.8,6982.07,6982.07,3491.035,2,2.0,0.0002864480018103,True,0,Casual Browsing
170,1.0,1,1,1,0,2,6982.07,6982.07,42.8,6982.07,6982.07,3491.035,2,2.0,0.0002864480018103,True,0,Casual Browsing
171,1.0,2,1,1,0,3,6982.07,6982.07,42.8,3491.035,6982.07,3491.035,3,3.0,0.0004296720027155,True,0,Casual Browsing
172,6.759539,3,1,1,0,4,6982.07,6982.07,42.79999999999999,2327.3566666666666,6982.07,3491.035,4,0.591756331311943,0.0005728960036207,True,0,Casual Browsing
174,109.275468,2,2,2,0,3,6982.07,6982.07,42.8,3491.035,3491.035,2327.3566666666666,4,0.027453554351284,0.0004296720027155,True,0,Casual Browsing
175,91.046238,2,1,0,0,2,6982.07,6982.07,42.8,3491.035,6982.07,6982.07,2,0.0219668603989985,0.0002864480018103,True,0,Casual Browsing
176,2900.19973,33,6,11,5,35,6982.07,6982.07,42.8,211.5778787878788,1163.6783333333333,581.8391666666666,49,0.0120681343556983,0.0050128400316811,True,0,Casual Browsing
177,53.44248,4,2,3,4,6,6982.07,6982.07,42.8,1745.5175,3491.035,1745.5175,11,0.1122702389559765,0.000859344005431,True,0,Casual Browsing
178,716.276698,3,2,2,1,5,6982.07,6982.07,42.79999999999999,2327.3566666666666,3491.035,2327.3566666666666,6,0.0069805425947278,0.0007161200045258,True,0,Casual Browsing
179,130.289121,4,2,3,3,6,6982.07,6982.07,42.8,1745.5175,3491.035,1745.5175,10,0.0460514274250111,0.000859344005431,True,0,Casual Browsing
180,1.0,2,1,0,2,3,6982.07,6982.07,42.8,3491.035,6982.07,6982.07,4,3.0,0.0004296720027155,True,0,Casual Browsing
181,4.112404,4,1,1,1,6,6982.07,6982.07,42.8,1745.5175,6982.07,3491.035,6,1.4590006234795998,0.000859344005431,True,0,Casual Browsing
182,682.650494,5,2,3,4,7,6982.07,6982.07,42.8,1396.414,3491.035,1745.5175,12,0.0102541491752,0.0010025680063362,True,0,Casual Browsing
151,208.560965,28,1,1,0,29,6982.07,6982.07,42.8,249.3596428571429,6982.07,3491.035,29,0.1390480716274016,0.00415349602625,True,0,Casual Browsing
152,207.519119,2,2,2,0,3,6982.07,6982.07,42.8,3491.035,3491.035,2327.3566666666666,4,0.0144564993069385,0.0004296720027155,True,0,Casual Browsing
184,809.391053,9,1,0,4,10,6982.07,6982.07,42.8,775.7855555555556,6982.07,6982.07,13,0.012354967308985,0.0014322400090517,True,0,Casual Browsing
185,1110.769583,17,4,5,7,19,6982.07,6982.07,42.8,410.71,1745.5175,1163.6783333333333,29,0.0171052577337274,0.0027212560171983,True,0,Casual Browsing
186,189.09573,3,2,2,2,5,6982.07,6982.07,42.79999999999999,2327.3566666666666,3491.035,2327.3566666666666,7,0.0264416335577752,0.0007161200045258,True,0,Casual Browsing
187,1.0,1,1,1,1,3,6982.07,6982.07,42.8,6982.07,6982.07,3491.035,3,3.0,0.0004296720027155,True,0,Casual Browsing
188,63.348061,5,2,2,4,7,6982.07,6982.07,42.8,1396.414,3491.035,2327.3566666666666,11,0.1105006197427258,0.0010025680063362,True,0,Casual Browsing
189,286.616147,2,1,0,2,3,6982.07,6982.07,42.8,3491.035,6982.07,6982.07,4,0.0104669608861918,0.0004296720027155,True,0,Casual Browsing
190,1.0,2,1,0,0,2,6982.07,6982.07,42.8,3491.035,6982.07,6982.07,2,2.0,0.0002864480018103,True,0,Casual Browsing
191,777.795559,35,8,19,12,37,6982.07,6982.07,42.8,199.48771428571428,872.75875,349.1035,66,0.047570341038679,0.0052992880334915,True,0,Casual Browsing
192,163.662587,3,1,1,1,4,6982.07,6982.07,42.79999999999999,2327.3566666666666,6982.07,3491.035,5,0.0244405277548252,0.0005728960036207,True,0,Casual Browsing
193,1.0,1,1,1,1,3,6982.07,6982.07,42.8,6982.07,6982.07,3491.035,3,3.0,0.0004296720027155,True,0,Casual Browsing
194,108.478083,5,2,2,4,7,6982.07,6982.07,42.8,1396.414,3491.035,2327.3566666666666,11,0.0645291639233705,0.0010025680063362,True,0,Casual Browsing
195,36.229408,5,2,2,2,7,6982.07,6982.07,42.8,1396.414,3491.035,2327.3566666666666,9,0.1932132040357932,0.0010025680063362,True,0,Casual Browsing
196,850.015394,56,27,41,16,58,6982.07,6982.07,42.8,124.67982142857144,258.5951851851852,166.2397619047619,113,0.0682340583587125,0.0083069920525001,True,1,Heavy Multitasking
197,971.820992,18,2,3,7,20,6982.07,6982.07,42.8,387.8927777777778,3491.035,1745.5175,28,0.0205799217804918,0.0028644800181035,True,0,Casual Browsing
198,12.345739,4,2,1,3,6,6982.07,6982.07,42.8,1745.5175,3491.035,3491.035,8,0.4859976385374743,0.000859344005431,True,0,Casual Browsing
167,223.010275,4,2,2,4,6,6982.07,6982.07,42.8,1745.5175,3491.035,2327.3566666666666,10,0.026904589934253,0.000859344005431,True,0,Casual Browsing
200,1.0,3,2,1,3,5,6982.07,6982.07,42.79999999999999,2327.3566666666666,3491.035,3491.035,7,5.0,0.0007161200045258,True,0,Casual Browsing
201,2177.023224,71,14,28,4,73,6982.07,6982.07,42.8,98.33901408450704,498.7192857142857,240.76103448275865,103,0.0335320262986776,0.0104553520660778,True,1,Heavy Multitasking
202,1.0,1,1,1,0,2,6982.07,6982.07,42.8,6982.07,6982.07,3491.035,2,2.0,0.0002864480018103,True,0,Casual Browsing
203,211.83976,10,3,3,0,11,6982.07,6982.07,42.8,698.207,2327.3566666666666,1745.5175,13,0.0519260407017077,0.0015754640099569,True,0,Casual Browsing
204,51.624413,7,3,4,0,8,6982.07,6982.07,42.8,997.4385714285714,2327.3566666666666,1396.414,11,0.154965442415781,0.0011457920072414,True,0,Casual Browsing
205,1.0,2,1,1,1,3,6982.07,6982.07,42.8,3491.035,6982.07,3491.035,4,3.0,0.0004296720027155,True,0,Casual Browsing
206,439.588938,5,2,1,5,7,6982.07,6982.07,42.8,1396.414,3491.035,3491.035,11,0.0159239675862817,0.0010025680063362,True,0,Casual Browsing
207,1.0,1,1,1,0,2,6982.07,6982.07,42.8,6982.07,6982.07,3491.035,2,2.0,0.0002864480018103,True,0,Casual Browsing
208,218.219263,12,3,4,2,14,6982.07,6982.07,42.79999999999999,581.8391666666666,2327.3566666666666,1396.414,18,0.0641556561393024,0.0020051360126724,True,0,Casual Browsing
209,82.818879,12,4,8,6,14,6982.07,6982.07,42.79999999999999,581.8391666666666,1745.5175,775.7855555555556,26,0.1690435824421144,0.0020051360126724,True,0,Casual Browsing
210,296.224819,7,4,5,2,9,6982.07,6982.07,42.8,997.4385714285714,1745.5175,1163.6783333333333,14,0.0303823293077951,0.0012890160081465,True,0,Casual Browsing
211,69.365992,5,3,4,0,6,6982.07,6982.07,42.8,1396.414,2327.3566666666666,1396.414,9,0.0864977177865487,0.000859344005431,True,0,Casual Browsing
212,1.0,2,1,1,0,3,6982.07,6982.07,42.8,3491.035,6982.07,3491.035,3,3.0,0.0004296720027155,True,0,Casual Browsing
213,2052.374722,27,8,13,15,29,6982.07,6982.07,42.8,258.5951851851852,872.75875,498.7192857142857,55,0.0141299732885718,0.00415349602625,True,0,Casual Browsing
214,1.0,3,1,0,0,3,6982.07,6982.07,42.79999999999999,2327.3566666666666,6982.07,6982.07,3,3.0,0.0004296720027155,True,0,Casual Browsing
183,19.17823,5,1,0,3,6,6982.07,6982.07,42.8,1396.414,6982.07,6982.07,8,0.3128547316410325,0.000859344005431,True,0,Casual Browsing
216,911.992996,36,4,10,9,38,6982.07,6982.07,42.8,193.9463888888889,1745.5175,634.7336363636364,55,0.0416669866618142,0.0054425120343966,True,0,Casual Browsing
217,1976.713064,10,2,5,8,12,6982.07,6982.07,42.8,698.207,3491.035,1163.6783333333333,23,0.0060706838127114,0.0017186880108621,True,0,Casual Browsing
218,32.529854,9,4,5,9,11,6982.07,6982.07,42.8,775.7855555555556,1745.5175,1163.6783333333333,23,0.3381509182303738,0.0015754640099569,True,0,Casual Browsing
219,1583.492197,10,3,5,4,12,6982.07,6982.07,42.8,698.207,2327.3566666666666,1163.6783333333333,19,0.0075781870114261,0.0017186880108621,True,0,Casual Browsing
220,2.767991,3,2,3,0,4,6982.07,6982.07,42.79999999999999,2327.3566666666666,3491.035,1745.5175,6,1.445091403837657,0.0005728960036207,True,0,Casual Browsing
221,1.0,1,1,1,0,2,6982.07,6982.07,42.8,6982.07,6982.07,3491.035,2,2.0,0.0002864480018103,True,0,Casual Browsing
222,1.0,2,1,0,0,2,6982.07,6982.07,42.8,3491.035,6982.07,6982.07,2,2.0,0.0002864480018103,True,0,Casual Browsing
223,429.859522,3,3,3,2,5,6982.07,6982.07,42.79999999999999,2327.3566666666666,2327.3566666666666,1745.5175,8,0.0116317069742612,0.0007161200045258,True,0,Casual Browsing
224,232.900195,4,2,3,0,5,6982.07,6982.07,42.8,1745.5175,3491.035,1745.5175,7,0.0214684234163049,0.0007161200045258,True,0,Casual Browsing
225,5.453967,4,1,1,0,5,6982.07,6982.07,42.8,1745.5175,6982.07,3491.035,5,0.9167638894771458,0.0007161200045258,True,0,Casual Browsing
226,8.522759,4,2,2,0,5,6982.07,6982.07,42.8,1745.5175,3491.035,2327.3566666666666,6,0.5866644827103523,0.0007161200045258,True,0,Casual Browsing
227,2288.581418,49,10,31,4,51,6982.07,6982.07,42.8,142.4912244897959,698.207,218.1896875,84,0.0222845469245175,0.0073044240461639,True,1,Heavy Multitasking
228,1.0,1,1,1,0,2,6982.07,6982.07,42.8,6982.07,6982.07,3491.035,2,2.0,0.0002864480018103,True,0,Casual Browsing
229,1.0,2,1,1,1,3,6982.07,6982.07,42.8,3491.035,6982.07,3491.035,4,3.0,0.0004296720027155,True,0,Casual Browsing
230,4125.79451,27,5,15,13,29,6982.07,6982.07,42.8,258.5951851851852,1396.414,436.379375,55,0.0070289491950484,0.00415349602625,True,0,Casual Browsing
199,1.0,2,1,1,1,3,6982.07,6982.07,42.8,3491.035,6982.07,3491.035,4,3.0,0.0004296720027155,True,0,Casual Browsing
232,1.0,1,1,0,0,1,6982.07,6982.07,42.8,6982.07,6982.07,6982.07,1,1.0,0.0001432240009051,True,0,Casual Browsing
233,1.493689,3,2,3,2,5,6982.07,6982.07,42.79999999999999,2327.3566666666666,3491.035,1745.5175,8,3.3474170325951387,0.0007161200045258,True,0,Casual Browsing
234,19.54055,5,3,3,0,6,6982.07,6982.07,42.8,1396.414,2327.3566666666666,1745.5175,8,0.3070537932657985,0.000859344005431,True,0,Casual Browsing
235,389.372785,8,5,5,0,9,6982.07,6982.07,42.8,872.75875,1396.414,1163.6783333333333,13,0.0231140961739275,0.0012890160081465,True,0,Casual Browsing
236,255.699987,6,1,1,0,7,6982.07,6982.07,42.79999999999999,1163.6783333333333,6982.07,3491.035,7,0.027375832443824,0.0010025680063362,True,0,Casual Browsing
237,29.116105,3,1,0,0,3,6982.07,6982.07,42.79999999999999,2327.3566666666666,6982.07,6982.07,3,0.1030357597625094,0.0004296720027155,True,0,Casual Browsing
238,4111.404483,72,2,2,0,73,6982.07,6982.07,42.8,96.97319444444445,3491.035,2327.3566666666666,74,0.0177554897120541,0.0104553520660778,True,1,Heavy Multitasking
239,1132.845649,19,1,0,0,19,6982.07,6982.07,42.8,367.47736842105263,6982.07,6982.07,19,0.0167719230036077,0.0027212560171983,True,0,Casual Browsing
240,2398.39136,47,6,9,2,49,6982.07,6982.07,42.8,148.55468085106384,1163.6783333333333,698.207,58,0.0204303604562684,0.0070179760443536,True,0,Casual Browsing
241,502.576034,10,3,3,2,12,6982.07,6982.07,42.8,698.207,2327.3566666666666,1745.5175,15,0.0238769841540036,0.0017186880108621,True,0,Casual Browsing
242,274.840135,12,3,6,2,14,6982.07,6982.07,42.79999999999999,581.8391666666666,2327.3566666666666,997.4385714285714,20,0.0509387029663626,0.0020051360126724,True,0,Casual Browsing
243,295.525386,6,2,3,0,7,6982.07,6982.07,42.79999999999999,1163.6783333333333,3491.035,1745.5175,9,0.0236866283967902,0.0010025680063362,True,0,Casual Browsing
244,255.399976,4,2,2,0,5,6982.07,6982.07,42.8,1745.5175,3491.035,2327.3566666666666,6,0.0195771357472641,0.0007161200045258,True,0,Casual Browsing
245,416.92681,6,2,2,0,7,6982.07,6982.07,42.79999999999999,1163.6783333333333,3491.035,2327.3566666666666,8,0.0167895175654451,0.0010025680063362,True,0,Casual Browsing
246,62.942539,2,1,1,0,3,6982.07,6982.07,42.8,3491.035,6982.07,3491.035,3,0.0476625196196804,0.0004296720027155,True,0,Casual Browsing
215,367.345835,6,3,6,6,8,6982.07,6982.07,42.79999999999999,1163.6783333333333,2327.3566666666666,997.4385714285714,18,0.0217778432141472,0.0011457920072414,True,0,Casual Browsing
247,272.359351,8,1,1,0,9,6982.07,6982.07,42.8,872.75875,6982.07,3491.035,9,0.0330445786676881,0.0012890160081465,True,0,Casual Browsing
249,1.0,1,1,1,1,3,6982.07,6982.07,42.8,6982.07,6982.07,3491.035,3,3.0,0.0004296720027155,True,0,Casual Browsing
250,4.01333,3,2,2,0,4,6982.07,6982.07,42.79999999999999,2327.3566666666666,3491.035,2327.3566666666666,5,0.9966785686699076,0.0005728960036207,True,0,Casual Browsing
251,853.022725,3,3,3,2,5,6982.07,6982.07,42.79999999999999,2327.3566666666666,2327.3566666666666,1745.5175,8,0.0058615085547691,0.0007161200045258,True,0,Casual Browsing
252,1.0,1,1,0,0,1,6982.07,6982.07,42.8,6982.07,6982.07,6982.07,1,1.0,0.0001432240009051,True,0,Casual Browsing
253,8495.669987,69,6,14,6,71,6982.07,6982.07,42.8,101.18942028985506,1163.6783333333333,465.4713333333333,89,0.0083571984444597,0.0101689040642674,True,1,Heavy Multitasking
254,462.764617,6,2,3,4,8,6982.07,6982.07,42.79999999999999,1163.6783333333333,3491.035,1745.5175,13,0.0172874063965007,0.0011457920072414,True,0,Casual Browsing
255,1.0,3,2,1,2,5,6982.07,6982.07,42.79999999999999,2327.3566666666666,3491.035,3491.035,6,5.0,0.0007161200045258,True,0,Casual Browsing
257,492.887827,5,3,3,3,7,6982.07,6982.07,42.8,1396.414,2327.3566666666666,1745.5175,11,0.0142020143662424,0.0010025680063362,True,0,Casual Browsing
258,1.0,1,1,1,1,3,6982.07,6982.07,42.8,6982.07,6982.07,3491.035,3,3.0,0.0004296720027155,True,0,Casual Browsing
259,1.0,1,1,0,0,1,6982.07,6982.07,42.8,6982.07,6982.07,6982.07,1,1.0,0.0001432240009051,True,0,Casual Browsing
260,123.608982,3,1,1,3,5,6982.07,6982.07,42.79999999999999,2327.3566666666666,6982.07,3491.035,7,0.040450134926279,0.0007161200045258,True,0,Casual Browsing
261,412.804687,4,3,2,2,6,6982.07,6982.07,42.8,1745.5175,2327.3566666666666,2327.3566666666666,8,0.0145347186913117,0.000859344005431,True,0,Casual Browsing
262,1.0,3,2,2,2,5,6982.07,6982.07,42.79999999999999,2327.3566666666666,3491.035,2327.3566666666666,7,5.0,0.0007161200045258,True,0,Casual Browsing
231,1403.240421,20,3,2,1,22,6982.07,6982.07,42.8,349.1035,2327.3566666666666,2327.3566666666666,23,0.0156779976337354,0.0031509280199138,True,0,Casual Browsing
263,694.932098,7,2,4,6,9,6982.07,6982.07,42.8,997.4385714285714,3491.035,1396.414,17,0.0129509056005641,0.0012890160081465,True,0,Casual Browsing
264,78.179514,4,2,2,4,6,6982.07,6982.07,42.8,1745.5175,3491.035,2327.3566666666666,10,0.076746447924964,0.000859344005431,True,0,Casual Browsing
265,1.0,3,2,2,2,5,6982.07,6982.07,42.79999999999999,2327.3566666666666,3491.035,2327.3566666666666,7,5.0,0.0007161200045258,True,0,Casual Browsing
266,338.137928,5,3,4,3,7,6982.07,6982.07,42.8,1396.414,2327.3566666666666,1396.414,12,0.0207016114441914,0.0010025680063362,True,0,Casual Browsing
267,1.017977,3,2,1,3,5,6982.07,6982.07,42.79999999999999,2327.3566666666666,3491.035,3491.035,7,4.911702327262797,0.0007161200045258,True,0,Casual Browsing
268,100.24882,5,2,3,3,7,6982.07,6982.07,42.8,1396.414,3491.035,1745.5175,11,0.0698262583040877,0.0010025680063362,True,0,Casual Browsing
269,1.0,1,1,1,0,2,6982.07,6982.07,42.8,6982.07,6982.07,3491.035,2,2.0,0.0002864480018103,True,0,Casual Browsing
270,1.0,2,1,1,2,4,6982.07,6982.07,42.8,3491.035,6982.07,3491.035,5,4.0,0.0005728960036207,True,0,Casual Browsing
271,82.315539,5,2,2,2,7,6982.07,6982.07,42.8,1396.414,3491.035,2327.3566666666666,9,0.0850386219301801,0.0010025680063362,True,0,Casual Browsing
273,244.48642,27,2,2,1,29,6982.07,6982.07,42.8,258.5951851851852,3491.035,2327.3566666666666,30,0.1186159951133482,0.00415349602625,True,0,Casual Browsing
274,1.0,1,1,0,0,1,6982.07,6982.07,42.8,6982.07,6982.07,6982.07,1,1.0,0.0001432240009051,True,0,Casual Browsing
275,1.0,1,1,0,0,1,6982.07,6982.07,42.8,6982.07,6982.07,6982.07,1,1.0,0.0001432240009051,True,0,Casual Browsing
276,165.254795,7,2,2,4,9,6982.07,6982.07,42.8,997.4385714285714,3491.035,2327.3566666666666,13,0.0544613546614487,0.0012890160081465,True,0,Casual Browsing
277,275.815837,17,2,3,1,19,6982.07,6982.07,42.8,410.71,3491.035,1745.5175,21,0.0688865447563114,0.0027212560171983,True,0,Casual Browsing
278,201.28129,5,2,2,2,7,6982.07,6982.07,42.8,1396.414,3491.035,2327.3566666666666,9,0.0347772015968299,0.0010025680063362,True,0,Casual Browsing
308,2915.721937,41,13,19,10,43,6982.07,6982.07,42.8,170.29439024390243,537.0823076923077,349.1035,70,0.0147476340093811,0.0061586320389225,True,1,Heavy Multitasking
309,10.615342,9,2,4,4,11,6982.07,6982.07,42.8,775.7855555555556,3491.035,1396.414,17,1.0362360440200609,0.0015754640099569,True,0,Casual Browsing
279,443.113316,8,3,3,0,9,6982.07,6982.07,42.8,872.75875,2327.3566666666666,1745.5175,11,0.0203108317331632,0.0012890160081465,True,0,Casual Browsing
280,161.351814,6,2,1,4,7,6982.07,6982.07,42.79999999999999,1163.6783333333333,3491.035,3491.035,11,0.0433834601946278,0.0010025680063362,True,0,Casual Browsing
281,1.0,2,1,1,1,3,6982.07,6982.07,42.8,3491.035,6982.07,3491.035,4,3.0,0.0004296720027155,True,0,Casual Browsing
282,3883.693777,53,8,16,12,55,6982.07,6982.07,42.79999999999999,131.73716981132074,872.75875,410.71,81,0.0141617756594819,0.0078773200497846,True,1,Heavy Multitasking
283,1.0,1,1,1,0,2,6982.07,6982.07,42.8,6982.07,6982.07,3491.035,2,2.0,0.0002864480018103,True,0,Casual Browsing
284,21.452128,3,2,2,2,5,6982.07,6982.07,42.79999999999999,2327.3566666666666,3491.035,2327.3566666666666,7,0.2330771101123394,0.0007161200045258,True,0,Casual Browsing
285,128.001423,4,1,1,1,6,6982.07,6982.07,42.8,1745.5175,6982.07,3491.035,6,0.0468744788876292,0.000859344005431,True,0,Casual Browsing
286,886.305761,34,8,15,11,36,6982.07,6982.07,42.8,205.355,872.75875,436.379375,60,0.0406180367815526,0.0051560640325863,True,0,Casual Browsing
287,149.574829,5,1,0,0,5,6982.07,6982.07,42.8,1396.414,6982.07,6982.07,5,0.0334280843469993,0.0007161200045258,True,0,Casual Browsing
288,138.944168,31,6,9,0,32,6982.07,6982.07,42.8,225.22806451612905,1163.6783333333333,698.207,40,0.2303083350716814,0.0045831680289656,True,0,Casual Browsing
290,1159.217917,12,2,1,0,13,6982.07,6982.07,42.79999999999999,581.8391666666666,3491.035,3491.035,13,0.0112144574452777,0.0018619120117672,True,0,Casual Browsing
292,1.0,3,2,2,2,5,6982.07,6982.07,42.79999999999999,2327.3566666666666,3491.035,2327.3566666666666,7,5.0,0.0007161200045258,True,0,Casual Browsing
293,1.0,1,1,1,1,3,6982.07,6982.07,42.8,6982.07,6982.07,3491.035,3,3.0,0.0004296720027155,True,0,Casual Browsing
294,332.198892,4,2,1,3,6,6982.07,6982.07,42.8,1745.5175,3491.035,3491.035,8,0.0180614690310285,0.000859344005431,True,0,Casual Browsing
321,13.807162,2,1,1,0,3,6982.07,6982.07,42.8,3491.035,6982.07,3491.035,3,0.2172785399345644,0.0004296720027155,True,0,Casual Browsing
322,26.08942,4,2,2,0,5,6982.07,6982.07,42.8,1745.5175,3491.035,2327.3566666666666,6,0.1916485686535001,0.0007161200045258,True,0,Casual Browsing
323,5.499605,2,2,2,0,3,6982.07,6982.07,42.8,3491.035,3491.035,2327.3566666666666,4,0.54549372182184,0.0004296720027155,True,0,Casual Browsing
324,161.202983,8,2,2,2,9,6982.07,6982.07,42.8,872.75875,3491.035,2327.3566666666666,12,0.0558302323723128,0.0012890160081465,True,0,Casual Browsing
325,2546.768225,84,25,48,6,86,6982.07,6982.07,42.8,83.11988095238095,279.2828,142.4912244897959,138,0.0337682868648166,0.0123172640778451,True,1,Heavy Multitasking
326,1203.320106,17,6,13,2,19,6982.07,6982.07,42.8,410.71,1163.6783333333333,498.7192857142857,32,0.015789647247862,0.0027212560171983,True,0,Casual Browsing
296,804.007443,3,2,2,1,4,6982.07,6982.07,42.79999999999999,2327.3566666666666,3491.035,2327.3566666666666,6,0.0049750783215075,0.0005728960036207,True,0,Casual Browsing
297,1.0,1,1,1,1,3,6982.07,6982.07,42.8,6982.07,6982.07,3491.035,3,3.0,0.0004296720027155,True,0,Casual Browsing
298,80.272301,17,5,8,0,18,6982.07,6982.07,42.8,410.71,1396.414,775.7855555555556,25,0.2242367513546173,0.0025780320162931,True,0,Casual Browsing
299,5391.297767,126,24,60,20,128,6982.07,6982.07,42.8,55.41325396825397,290.9195833333333,114.46016393442622,206,0.0237419644641935,0.0183326721158624,True,1,Heavy Multitasking
300,1.0,3,2,2,3,5,6982.07,6982.07,42.79999999999999,2327.3566666666666,3491.035,2327.3566666666666,8,5.0,0.0007161200045258,True,0,Casual Browsing
301,1.0,1,1,1,1,3,6982.07,6982.07,42.8,6982.07,6982.07,3491.035,3,3.0,0.0004296720027155,True,0,Casual Browsing
304,2472.637169,58,6,8,8,60,6982.07,6982.07,42.8,120.38051724137932,1163.6783333333333,775.7855555555556,74,0.0242655900963688,0.0085934400543105,True,1,Heavy Multitasking
305,1.0,1,1,1,0,2,6982.07,6982.07,42.8,6982.07,6982.07,3491.035,2,2.0,0.0002864480018103,True,0,Casual Browsing
306,2241.635786,31,5,10,12,33,6982.07,6982.07,42.8,225.22806451612905,1396.414,634.7336363636364,53,0.0147213923894771,0.0047263920298707,True,0,Casual Browsing
307,1.0,1,1,1,1,3,6982.07,6982.07,42.8,6982.07,6982.07,3491.035,3,3.0,0.0004296720027155,True,0,Casual Browsing
337,1.0,1,1,0,0,1,6982.07,6982.07,42.8,6982.07,6982.07,6982.07,1,1.0,0.0001432240009051,True,0,Casual Browsing
338,2450.787453,76,18,44,15,78,6982.07,6982.07,42.8,91.86934210526316,387.8927777777778,155.1571111111111,135,0.0318265053562766,0.0111714720706037,True,1,Heavy Multitasking
339,4067.785733,211,13,32,30,213,6982.07,6982.07,42.8,33.09037914691943,537.0823076923077,211.5778787878788,273,0.0523626400161721,0.0305067121928024,True,1,Heavy Multitasking
340,31.494589,2,1,1,0,3,6982.07,6982.07,42.8,3491.035,6982.07,3491.035,3,0.0952544578371859,0.0004296720027155,True,0,Casual Browsing
341,12.413188,2,2,2,1,4,6982.07,6982.07,42.8,3491.035,3491.035,2327.3566666666666,5,0.3222379295310761,0.0005728960036207,True,0,Casual Browsing
342,843.618633,48,4,5,4,50,6982.07,6982.07,42.79999999999999,145.45979166666666,1745.5175,1163.6783333333333,57,0.0592684870202481,0.0071612000452587,True,0,Casual Browsing
311,489.808977,4,3,2,2,6,6982.07,6982.07,42.8,1745.5175,2327.3566666666666,2327.3566666666666,8,0.0122496734068636,0.000859344005431,True,0,Casual Browsing
312,381.729627,5,3,3,3,7,6982.07,6982.07,42.8,1396.414,2327.3566666666666,1745.5175,11,0.0183375863566387,0.0010025680063362,True,0,Casual Browsing
313,830.560504,20,6,8,9,22,6982.07,6982.07,42.8,349.1035,1163.6783333333333,775.7855555555556,37,0.0264881364982411,0.0031509280199138,True,0,Casual Browsing
314,771.947315,5,2,3,3,7,6982.07,6982.07,42.8,1396.414,3491.035,1745.5175,11,0.0090679763553552,0.0010025680063362,True,0,Casual Browsing
315,31.744917,7,2,2,2,9,6982.07,6982.07,42.8,997.4385714285714,3491.035,2327.3566666666666,11,0.2835099553103257,0.0012890160081465,True,0,Casual Browsing
316,59.633803,4,3,3,0,5,6982.07,6982.07,42.8,1745.5175,2327.3566666666666,1745.5175,7,0.0838450635120486,0.0007161200045258,True,0,Casual Browsing
317,11.738035,3,2,2,0,4,6982.07,6982.07,42.79999999999999,2327.3566666666666,3491.035,2327.3566666666666,5,0.3407725398671924,0.0005728960036207,True,0,Casual Browsing
319,11.34698,4,2,1,2,6,6982.07,6982.07,42.8,1745.5175,3491.035,3491.035,7,0.5287750573280291,0.000859344005431,True,0,Casual Browsing
320,1.0,2,1,1,0,3,6982.07,6982.07,42.8,3491.035,6982.07,3491.035,3,3.0,0.0004296720027155,True,0,Casual Browsing
655,1.0,1,1,1,0,2,6982.07,6982.07,42.8,6982.07,6982.07,3491.035,2,2.0,0.0002864480018103,True,0,Casual Browsing
656,319.496849,5,2,1,0,6,6982.07,6982.07,42.8,1396.414,3491.035,3491.035,6,0.0187795279320579,0.000859344005431,True,0,Casual Browsing
657,81.330253,4,1,1,0,5,6982.07,6982.07,42.8,1745.5175,6982.07,3491.035,5,0.0614777381794201,0.0007161200045258,True,0,Casual Browsing
658,765.922334,8,3,7,2,10,6982.07,6982.07,42.8,872.75875,2327.3566666666666,872.75875,17,0.0130561540721438,0.0014322400090517,True,0,Casual Browsing
659,2.5328,3,1,1,0,4,6982.07,6982.07,42.79999999999999,2327.3566666666666,6982.07,3491.035,4,1.5792798483891346,0.0005728960036207,True,0,Casual Browsing
660,17.230254,5,2,2,2,7,6982.07,6982.07,42.8,1396.414,3491.035,2327.3566666666666,9,0.4062621479636922,0.0010025680063362,True,0,Casual Browsing
661,1.0,1,1,0,0,1,6982.07,6982.07,42.8,6982.07,6982.07,6982.07,1,1.0,0.0001432240009051,True,0,Casual Browsing
662,5.463986,4,1,0,0,4,6982.07,6982.07,42.8,1745.5175,6982.07,6982.07,4,0.732066297388024,0.0005728960036207,True,0,Casual Browsing
328,148.400593,5,2,2,4,7,6982.07,6982.07,42.8,1396.414,3491.035,2327.3566666666666,11,0.0471696228329761,0.0010025680063362,True,0,Casual Browsing
256,876.620603,5,1,1,2,6,6982.07,6982.07,42.8,1396.414,6982.07,3491.035,8,0.0068444661002337,0.000859344005431,True,0,Casual Browsing
330,22.683676,4,3,3,0,5,6982.07,6982.07,42.8,1745.5175,2327.3566666666666,1745.5175,7,0.2204228274112185,0.0007161200045258,True,0,Casual Browsing
331,1.0,1,1,1,0,2,6982.07,6982.07,42.8,6982.07,6982.07,3491.035,2,2.0,0.0002864480018103,True,0,Casual Browsing
332,1.0,1,1,0,0,1,6982.07,6982.07,42.8,6982.07,6982.07,6982.07,1,1.0,0.0001432240009051,True,0,Casual Browsing
334,354.408821,8,3,4,6,10,6982.07,6982.07,42.8,872.75875,2327.3566666666666,1396.414,18,0.0282160019939232,0.0014322400090517,True,0,Casual Browsing
335,641.688365,27,8,14,2,29,6982.07,6982.07,42.8,258.5951851851852,872.75875,465.4713333333333,43,0.0451932769577332,0.00415349602625,True,0,Casual Browsing
336,1.0,1,1,1,0,2,6982.07,6982.07,42.8,6982.07,6982.07,3491.035,2,2.0,0.0002864480018103,True,0,Casual Browsing
351,1549.93043,21,6,7,3,23,6982.07,6982.07,42.8,332.4795238095238,1163.6783333333333,872.75875,31,0.0148393757260446,0.003294152020819,True,0,Casual Browsing
352,1010.477819,8,2,2,0,9,6982.07,6982.07,42.8,872.75875,3491.035,2327.3566666666666,10,0.0089066774458311,0.0012890160081465,True,0,Casual Browsing
353,3706.105199,46,7,14,4,48,6982.07,6982.07,42.8,151.7841304347826,997.4385714285714,465.4713333333333,64,0.0129516021328675,0.0068747520434484,True,1,Heavy Multitasking
354,604.389088,9,5,7,2,11,6982.07,6982.07,42.8,775.7855555555556,1396.414,872.75875,18,0.0182001962285593,0.0015754640099569,True,0,Casual Browsing
355,1.0,3,2,2,2,5,6982.07,6982.07,42.79999999999999,2327.3566666666666,3491.035,2327.3566666666666,7,5.0,0.0007161200045258,True,0,Casual Browsing
356,3527.175451,39,12,22,8,41,6982.07,6982.07,42.8,179.02743589743588,581.8391666666666,303.5682608695652,69,0.011624031911533,0.0058721840371122,True,1,Heavy Multitasking
357,150.235338,6,3,5,2,8,6982.07,6982.07,42.79999999999999,1163.6783333333333,2327.3566666666666,1163.6783333333333,13,0.0532497886748855,0.0011457920072414,True,0,Casual Browsing
358,1.0,1,1,0,0,1,6982.07,6982.07,42.8,6982.07,6982.07,6982.07,1,1.0,0.0001432240009051,True,0,Casual Browsing
647,962.095261,24,11,17,6,26,6982.07,6982.07,42.79999999999999,290.9195833333333,634.7336363636364,387.8927777777778,47,0.0270243509701686,0.0037238240235345,True,0,Casual Browsing
648,12.066714,2,2,2,0,3,6982.07,6982.07,42.8,3491.035,3491.035,2327.3566666666666,4,0.2486178092892564,0.0004296720027155,True,0,Casual Browsing
649,1.0,1,1,1,0,2,6982.07,6982.07,42.8,6982.07,6982.07,3491.035,2,2.0,0.0002864480018103,True,0,Casual Browsing
650,1215.430493,9,4,6,0,10,6982.07,6982.07,42.8,775.7855555555556,1745.5175,997.4385714285714,15,0.0082275375330738,0.0014322400090517,True,0,Casual Browsing
651,867.971857,2,1,0,0,2,6982.07,6982.07,42.8,3491.035,6982.07,6982.07,2,0.002304222174798,0.0002864480018103,True,0,Casual Browsing
652,544.568941,2,1,0,0,2,6982.07,6982.07,42.8,3491.035,6982.07,6982.07,2,0.0036726295780427,0.0002864480018103,True,0,Casual Browsing
653,1.0,1,1,0,0,1,6982.07,6982.07,42.8,6982.07,6982.07,6982.07,1,1.0,0.0001432240009051,True,0,Casual Browsing
654,1.0,1,1,0,0,1,6982.07,6982.07,42.8,6982.07,6982.07,6982.07,1,1.0,0.0001432240009051,True,0,Casual Browsing
365,5040.67021,25,3,9,6,27,6982.07,6982.07,42.8,279.2828,2327.3566666666666,698.207,40,0.0053564305687834,0.0038670480244397,True,0,Casual Browsing
366,1584.656296,103,4,6,6,105,6982.07,6982.07,42.8,67.78708737864078,1745.5175,997.4385714285714,115,0.066260425219678,0.0150385200950434,True,1,Heavy Multitasking
2,8.465632,3,1,1,1,5,6982.07,6982.07,42.79999999999999,2327.3566666666666,6982.07,3491.035,5,0.5906233580670646,0.0007161200045258,True,0,Casual Browsing
3,31.031382,3,2,3,0,4,6982.07,6982.07,42.79999999999999,2327.3566666666666,3491.035,1745.5175,6,0.1289017678941917,0.0005728960036207,True,0,Casual Browsing
369,297.456893,3,2,2,1,5,6982.07,6982.07,42.79999999999999,2327.3566666666666,3491.035,2327.3566666666666,6,0.0168091582937363,0.0007161200045258,True,0,Casual Browsing
370,164.386759,8,5,5,2,9,6982.07,6982.07,42.8,872.75875,1396.414,1163.6783333333333,15,0.0547489351012753,0.0012890160081465,True,0,Casual Browsing
372,3607.916876,135,8,22,14,137,6982.07,6982.07,42.8,51.71903703703703,872.75875,303.5682608695652,171,0.0379720499968636,0.019621688124009,True,1,Heavy Multitasking
4,123.994814,5,1,1,0,6,6982.07,6982.07,42.8,1396.414,6982.07,3491.035,6,0.0483891205320893,0.000859344005431,True,0,Casual Browsing
374,1069.830986,21,7,11,5,23,6982.07,6982.07,42.8,332.4795238095238,997.4385714285714,581.8391666666666,37,0.0214987229767899,0.003294152020819,True,0,Casual Browsing
343,1.0,1,1,1,0,2,6982.07,6982.07,42.8,6982.07,6982.07,3491.035,2,2.0,0.0002864480018103,True,0,Casual Browsing
344,13.11044,5,2,2,0,6,6982.07,6982.07,42.8,1396.414,3491.035,2327.3566666666666,7,0.457650544146497,0.000859344005431,True,0,Casual Browsing
345,1.0,1,1,1,0,2,6982.07,6982.07,42.8,6982.07,6982.07,3491.035,2,2.0,0.0002864480018103,True,0,Casual Browsing
346,149.86615,6,3,5,0,7,6982.07,6982.07,42.79999999999999,1163.6783333333333,2327.3566666666666,1163.6783333333333,11,0.0467083460808194,0.0010025680063362,True,0,Casual Browsing
347,290.64397,9,2,2,2,11,6982.07,6982.07,42.8,775.7855555555556,3491.035,2327.3566666666666,13,0.0378469919744077,0.0015754640099569,True,0,Casual Browsing
349,1093.463136,24,6,13,6,26,6982.07,6982.07,42.79999999999999,290.9195833333333,1163.6783333333333,498.7192857142857,43,0.0237776648741087,0.0037238240235345,True,0,Casual Browsing
5,1.0,1,1,0,0,1,6982.07,6982.07,42.8,6982.07,6982.07,6982.07,1,1.0,0.0001432240009051,True,0,Casual Browsing
379,1.223651,2,1,0,0,2,6982.07,6982.07,42.8,3491.035,6982.07,6982.07,2,1.6344529608524,0.0002864480018103,True,0,Casual Browsing
380,3.555119,3,2,3,0,4,6982.07,6982.07,42.79999999999999,2327.3566666666666,3491.035,1745.5175,6,1.1251381458679723,0.0005728960036207,True,0,Casual Browsing
381,313.290137,2,1,0,1,3,6982.07,6982.07,42.8,3491.035,6982.07,6982.07,3,0.0095757882093811,0.0004296720027155,True,0,Casual Browsing
382,325.348604,23,6,15,3,25,6982.07,6982.07,42.8,303.5682608695652,1163.6783333333333,436.379375,41,0.0768406555080838,0.0035806000226293,True,0,Casual Browsing
383,1557.732242,89,14,41,18,91,6982.07,6982.07,42.8,78.45022471910112,498.7192857142857,166.2397619047619,148,0.0584182554269811,0.0130333840823709,True,1,Heavy Multitasking
678,1.0,1,1,0,0,1,6982.07,6982.07,42.8,6982.07,6982.07,6982.07,1,1.0,0.0001432240009051,True,0,Casual Browsing
386,586.69271,12,2,3,2,14,6982.07,6982.07,42.79999999999999,581.8391666666666,3491.035,1745.5175,17,0.023862577055031,0.0020051360126724,True,0,Casual Browsing
387,497.946409,6,5,6,0,7,6982.07,6982.07,42.79999999999999,1163.6783333333333,1396.414,997.4385714285714,12,0.0140577376871895,0.0010025680063362,True,0,Casual Browsing
389,1.0,2,1,1,1,4,6982.07,6982.07,42.8,3491.035,6982.07,3491.035,4,4.0,0.0005728960036207,True,0,Casual Browsing
390,5070.007897,94,17,42,18,96,6982.07,6982.07,42.8,74.27734042553192,410.71,162.37372093023257,154,0.0189348817497512,0.0137495040868968,True,1,Heavy Multitasking
359,1.0,1,1,0,0,1,6982.07,6982.07,42.8,6982.07,6982.07,6982.07,1,1.0,0.0001432240009051,True,0,Casual Browsing
360,3253.771802,105,19,60,40,107,6982.07,6982.07,42.8,66.49590476190475,367.47736842105263,114.46016393442622,205,0.0328849121915157,0.0153249680968537,True,1,Heavy Multitasking
361,1.0,2,1,1,0,3,6982.07,6982.07,42.8,3491.035,6982.07,3491.035,3,3.0,0.0004296720027155,True,0,Casual Browsing
362,1.0,1,1,1,0,2,6982.07,6982.07,42.8,6982.07,6982.07,3491.035,2,2.0,0.0002864480018103,True,0,Casual Browsing
363,2220.77937,31,13,19,8,33,6982.07,6982.07,42.8,225.22806451612905,537.0823076923077,349.1035,58,0.0148596481243429,0.0047263920298707,True,1,Heavy Multitasking
364,216.586069,7,3,3,2,9,6982.07,6982.07,42.8,997.4385714285714,2327.3566666666666,1745.5175,12,0.0415539191488811,0.0012890160081465,True,0,Casual Browsing
393,3081.523304,65,9,20,16,67,6982.07,6982.07,42.8,107.41646153846152,775.7855555555556,332.4795238095238,101,0.0217424933678191,0.0095960080606467,True,1,Heavy Multitasking
394,1188.090423,7,3,5,5,9,6982.07,6982.07,42.8,997.4385714285714,2327.3566666666666,1163.6783333333333,17,0.0075751810011854,0.0012890160081465,True,0,Casual Browsing
395,1.217058,2,1,0,0,2,6982.07,6982.07,42.8,3491.035,6982.07,6982.07,2,1.6433070568534942,0.0002864480018103,True,0,Casual Browsing
396,4156.699442,83,9,33,26,85,6982.07,6982.07,42.8,84.12132530120482,775.7855555555556,205.355,142,0.020448916546899,0.0121740400769399,True,1,Heavy Multitasking
397,172.632248,16,6,9,1,18,6982.07,6982.07,42.8,436.379375,1163.6783333333333,698.207,26,0.1042678885812806,0.0025780320162931,True,0,Casual Browsing
398,1.0,1,1,1,1,3,6982.07,6982.07,42.8,6982.07,6982.07,3491.035,3,3.0,0.0004296720027155,True,0,Casual Browsing
401,3872.862568,210,53,119,14,212,6982.07,6982.07,42.8,33.24795238095238,131.73716981132074,58.18391666666666,343,0.054739871678297,0.0303634881918972,True,1,Heavy Multitasking
402,12.896684,3,2,2,0,4,6982.07,6982.07,42.79999999999999,2327.3566666666666,3491.035,2327.3566666666666,5,0.3101572466224651,0.0005728960036207,True,0,Casual Browsing
403,26.548473,4,3,3,0,5,6982.07,6982.07,42.8,1745.5175,2327.3566666666666,1745.5175,7,0.1883347490456419,0.0007161200045258,True,0,Casual Browsing
404,1074.20528,8,2,2,0,9,6982.07,6982.07,42.8,872.75875,3491.035,2327.3566666666666,10,0.0083782868764152,0.0012890160081465,True,0,Casual Browsing
405,1284.208503,18,5,7,2,20,6982.07,6982.07,42.8,387.8927777777778,1396.414,872.75875,27,0.0155737950288279,0.0028644800181035,True,0,Casual Browsing
677,1.0,1,1,0,0,1,6982.07,6982.07,42.8,6982.07,6982.07,6982.07,1,1.0,0.0001432240009051,True,0,Casual Browsing
375,1.0,1,1,1,0,2,6982.07,6982.07,42.8,6982.07,6982.07,3491.035,2,2.0,0.0002864480018103,True,0,Casual Browsing
376,2251.966893,21,4,8,2,23,6982.07,6982.07,42.8,332.4795238095238,1745.5175,775.7855555555556,31,0.0102132940193273,0.003294152020819,True,0,Casual Browsing
377,1192.366333,9,2,2,4,11,6982.07,6982.07,42.8,775.7855555555556,3491.035,2327.3566666666666,15,0.0092253527255536,0.0015754640099569,True,0,Casual Browsing
378,1.0,1,1,1,1,3,6982.07,6982.07,42.8,6982.07,6982.07,3491.035,3,3.0,0.0004296720027155,True,0,Casual Browsing
408,672.505414,8,5,5,5,10,6982.07,6982.07,42.8,872.75875,1396.414,1163.6783333333333,18,0.0148697687659061,0.0014322400090517,True,0,Casual Browsing
409,149.61153,3,1,0,0,3,6982.07,6982.07,42.79999999999999,2327.3566666666666,6982.07,6982.07,3,0.0200519304895819,0.0004296720027155,True,0,Casual Browsing
410,775.20572,5,2,2,0,6,6982.07,6982.07,42.8,1396.414,3491.035,2327.3566666666666,7,0.0077398809699185,0.000859344005431,True,0,Casual Browsing
411,1.0,1,1,1,0,2,6982.07,6982.07,42.8,6982.07,6982.07,3491.035,2,2.0,0.0002864480018103,True,0,Casual Browsing
412,7.973668,4,2,2,2,6,6982.07,6982.07,42.8,1745.5175,3491.035,2327.3566666666666,8,0.7524767773125242,0.000859344005431,True,0,Casual Browsing
413,118.437105,2,1,0,0,2,6982.07,6982.07,42.8,3491.035,6982.07,6982.07,2,0.01688659985399,0.0002864480018103,True,0,Casual Browsing
414,1737.509954,40,4,5,2,42,6982.07,6982.07,42.8,174.55175,1745.5175,1163.6783333333333,47,0.02417252338803,0.0060154080380173,True,0,Casual Browsing
415,782.74373,29,8,18,10,31,6982.07,6982.07,42.8,240.76103448275865,872.75875,367.47736842105263,57,0.0396042776350313,0.0044399440280604,True,0,Casual Browsing
416,37.662114,16,4,12,2,18,6982.07,6982.07,42.8,436.379375,1745.5175,537.0823076923077,30,0.4779338727507436,0.0025780320162931,True,0,Casual Browsing
417,20.623732,7,3,4,0,8,6982.07,6982.07,42.8,997.4385714285714,2327.3566666666666,1396.414,11,0.3879026356626434,0.0011457920072414,True,0,Casual Browsing
418,892.846059,19,4,5,0,20,6982.07,6982.07,42.8,367.47736842105263,1745.5175,1163.6783333333333,24,0.02240027807526,0.0028644800181035,True,0,Casual Browsing
419,478.442701,14,2,2,2,16,6982.07,6982.07,42.8,498.7192857142857,3491.035,2327.3566666666666,18,0.0334418311044523,0.0022915840144828,True,0,Casual Browsing
420,1.0,2,1,0,0,2,6982.07,6982.07,42.8,3491.035,6982.07,6982.07,2,2.0,0.0002864480018103,True,0,Casual Browsing
422,128.28922,4,3,2,1,6,6982.07,6982.07,42.8,1745.5175,2327.3566666666666,2327.3566666666666,7,0.0467693232525694,0.000859344005431,True,0,Casual Browsing
391,361.556062,4,2,2,1,5,6982.07,6982.07,42.8,1745.5175,3491.035,2327.3566666666666,7,0.0138291140033492,0.0007161200045258,True,0,Casual Browsing
392,201.332263,3,2,2,1,5,6982.07,6982.07,42.79999999999999,2327.3566666666666,3491.035,2327.3566666666666,6,0.024834569112254,0.0007161200045258,True,0,Casual Browsing
424,826.284725,41,8,16,2,43,6982.07,6982.07,42.8,170.29439024390243,872.75875,410.71,59,0.0520401729561199,0.0061586320389225,True,0,Casual Browsing
425,308.133535,9,2,4,0,10,6982.07,6982.07,42.8,775.7855555555556,3491.035,1396.414,13,0.0324534621004494,0.0014322400090517,True,0,Casual Browsing
426,1.0,2,1,1,1,3,6982.07,6982.07,42.8,3491.035,6982.07,3491.035,4,3.0,0.0004296720027155,True,0,Casual Browsing
427,46.173305,7,3,3,5,9,6982.07,6982.07,42.8,997.4385714285714,2327.3566666666666,1745.5175,15,0.1949178210223418,0.0012890160081465,True,0,Casual Browsing
428,3592.255854,46,8,14,6,48,6982.07,6982.07,42.8,151.7841304347826,872.75875,465.4713333333333,66,0.0133620771879463,0.0068747520434484,True,1,Heavy Multitasking
429,1212.501276,20,3,4,4,22,6982.07,6982.07,42.8,349.1035,2327.3566666666666,1396.414,28,0.0181443108023582,0.0031509280199138,True,0,Casual Browsing
430,869.051875,10,3,4,3,12,6982.07,6982.07,42.8,698.207,2327.3566666666666,1396.414,17,0.0138081515559701,0.0017186880108621,True,0,Casual Browsing
431,3.817732,2,1,1,2,4,6982.07,6982.07,42.8,3491.035,6982.07,3491.035,5,1.0477424816618872,0.0005728960036207,True,0,Casual Browsing
432,102.908361,2,1,1,0,3,6982.07,6982.07,42.8,3491.035,6982.07,3491.035,3,0.0291521502319913,0.0004296720027155,True,0,Casual Browsing
433,895.636977,6,2,2,0,7,6982.07,6982.07,42.79999999999999,1163.6783333333333,3491.035,2327.3566666666666,8,0.0078156665923363,0.0010025680063362,True,0,Casual Browsing
434,1.0,1,1,1,0,2,6982.07,6982.07,42.8,6982.07,6982.07,3491.035,2,2.0,0.0002864480018103,True,0,Casual Browsing
676,1.0,1,1,0,0,1,6982.07,6982.07,42.8,6982.07,6982.07,6982.07,1,1.0,0.0001432240009051,True,0,Casual Browsing
436,724.514273,36,6,21,6,38,6982.07,6982.07,42.8,193.9463888888889,1163.6783333333333,317.3668181818182,63,0.0524489322241412,0.0054425120343966,True,0,Casual Browsing
437,1.0,2,1,1,1,3,6982.07,6982.07,42.8,3491.035,6982.07,3491.035,4,3.0,0.0004296720027155,True,0,Casual Browsing
438,89.070798,23,6,12,5,25,6982.07,6982.07,42.8,303.5682608695652,1163.6783333333333,537.0823076923077,40,0.2806756036922449,0.0035806000226293,True,0,Casual Browsing
407,6964.515433,105,19,42,11,107,6982.07,6982.07,42.8,66.49590476190475,367.47736842105263,162.37372093023257,158,0.0153635957920347,0.0153249680968537,True,1,Heavy Multitasking
469,2828.736332,40,8,15,13,42,6982.07,6982.07,42.8,174.55175,872.75875,436.379375,68,0.0148476192442809,0.0060154080380173,True,1,Heavy Multitasking
470,595.069719,6,4,4,1,8,6982.07,6982.07,42.79999999999999,1163.6783333333333,1745.5175,1396.414,11,0.0134438028764827,0.0011457920072414,True,0,Casual Browsing
439,1.0,2,1,1,0,3,6982.07,6982.07,42.8,3491.035,6982.07,3491.035,3,3.0,0.0004296720027155,True,0,Casual Browsing
440,1.0,3,2,2,0,4,6982.07,6982.07,42.79999999999999,2327.3566666666666,3491.035,2327.3566666666666,5,4.0,0.0005728960036207,True,0,Casual Browsing
675,1.0,1,1,1,1,3,6982.07,6982.07,42.8,6982.07,6982.07,3491.035,3,3.0,0.0004296720027155,True,0,Casual Browsing
442,20.881157,2,1,1,0,3,6982.07,6982.07,42.8,3491.035,6982.07,3491.035,3,0.1436701998840389,0.0004296720027155,True,0,Casual Browsing
443,689.888333,61,6,9,2,63,6982.07,6982.07,42.8,114.46016393442622,1163.6783333333333,698.207,72,0.0913191265694298,0.009023112057026,True,0,Casual Browsing
445,450.134298,8,1,1,0,9,6982.07,6982.07,42.8,872.75875,6982.07,3491.035,9,0.0199940329807972,0.0012890160081465,True,0,Casual Browsing
446,3135.438701,20,5,10,8,22,6982.07,6982.07,42.8,349.1035,1396.414,634.7336363636364,38,0.0070165619863604,0.0031509280199138,True,0,Casual Browsing
447,453.698623,4,1,1,1,6,6982.07,6982.07,42.8,1745.5175,6982.07,3491.035,6,0.0132246378891919,0.000859344005431,True,0,Casual Browsing
448,424.697423,9,3,4,4,11,6982.07,6982.07,42.8,775.7855555555556,2327.3566666666666,1396.414,17,0.0259007929040341,0.0015754640099569,True,0,Casual Browsing
449,1.0,2,1,1,0,3,6982.07,6982.07,42.8,3491.035,6982.07,3491.035,3,3.0,0.0004296720027155,True,0,Casual Browsing
450,1867.992504,54,15,30,14,56,6982.07,6982.07,42.8,129.2975925925926,465.4713333333333,225.22806451612905,98,0.0299787070237622,0.0080205440506898,True,1,Heavy Multitasking
452,1149.8164,25,5,10,12,27,6982.07,6982.07,42.8,279.2828,1396.414,634.7336363636364,47,0.0234820098234813,0.0038670480244397,True,0,Casual Browsing
454,164.883694,3,2,1,1,5,6982.07,6982.07,42.79999999999999,2327.3566666666666,3491.035,3491.035,5,0.0303244055170185,0.0007161200045258,True,0,Casual Browsing
423,1.0,1,1,1,1,3,6982.07,6982.07,42.8,6982.07,6982.07,3491.035,3,3.0,0.0004296720027155,True,0,Casual Browsing
483,390.831929,23,6,10,7,25,6982.07,6982.07,42.8,303.5682608695652,1163.6783333333333,634.7336363636364,40,0.0639661147029776,0.0035806000226293,True,0,Casual Browsing
484,265.351445,4,1,1,0,5,6982.07,6982.07,42.8,1745.5175,6982.07,3491.035,5,0.0188429348858454,0.0007161200045258,True,0,Casual Browsing
485,178.141863,16,3,5,5,18,6982.07,6982.07,42.8,436.379375,2327.3566666666666,1163.6783333333333,26,0.1010430658850806,0.0025780320162931,True,0,Casual Browsing
455,1.0,3,2,2,2,5,6982.07,6982.07,42.79999999999999,2327.3566666666666,3491.035,2327.3566666666666,7,5.0,0.0007161200045258,True,0,Casual Browsing
456,274.775099,5,2,2,0,6,6982.07,6982.07,42.8,1396.414,3491.035,2327.3566666666666,7,0.0218360398079594,0.000859344005431,True,0,Casual Browsing
457,26.028307,2,2,2,1,4,6982.07,6982.07,42.8,3491.035,3491.035,2327.3566666666666,5,0.1536788389655923,0.0005728960036207,True,0,Casual Browsing
458,49.285504,19,6,12,5,21,6982.07,6982.07,42.8,367.47736842105263,1163.6783333333333,537.0823076923077,36,0.4260887745005103,0.0030077040190086,True,0,Casual Browsing
674,575.535682,3,2,1,1,5,6982.07,6982.07,42.79999999999999,2327.3566666666666,3491.035,3491.035,5,0.008687558662957,0.0007161200045258,True,0,Casual Browsing
460,1.0,1,1,0,0,1,6982.07,6982.07,42.8,6982.07,6982.07,6982.07,1,1.0,0.0001432240009051,True,0,Casual Browsing
461,1.0,2,1,1,1,3,6982.07,6982.07,42.8,3491.035,6982.07,3491.035,4,3.0,0.0004296720027155,True,0,Casual Browsing
462,49.847476,2,1,1,1,4,6982.07,6982.07,42.8,3491.035,6982.07,3491.035,4,0.0802447851120887,0.0005728960036207,True,0,Casual Browsing
463,261.922174,5,3,2,1,7,6982.07,6982.07,42.8,1396.414,2327.3566666666666,2327.3566666666666,8,0.0267254959482735,0.0010025680063362,True,0,Casual Browsing
465,197.826397,9,2,3,3,11,6982.07,6982.07,42.8,775.7855555555556,3491.035,1745.5175,15,0.0556043084583904,0.0015754640099569,True,0,Casual Browsing
466,1.421804,2,1,1,0,3,6982.07,6982.07,42.8,3491.035,6982.07,3491.035,3,2.1099954705430566,0.0004296720027155,True,0,Casual Browsing
467,131.682559,29,4,17,2,31,6982.07,6982.07,42.8,240.76103448275865,1745.5175,387.8927777777778,48,0.2354146231316783,0.0044399440280604,True,0,Casual Browsing
468,1.0,1,1,1,0,2,6982.07,6982.07,42.8,6982.07,6982.07,3491.035,2,2.0,0.0002864480018103,True,0,Casual Browsing
639,35.813195,10,5,5,4,12,6982.07,6982.07,42.8,698.207,1396.414,1163.6783333333333,19,0.335072031411886,0.0017186880108621,True,0,Casual Browsing
640,118.421333,12,3,4,4,14,6982.07,6982.07,42.79999999999999,581.8391666666666,2327.3566666666666,1396.414,20,0.1182219423252058,0.0020051360126724,True,0,Casual Browsing
641,1.0,2,2,2,1,4,6982.07,6982.07,42.8,3491.035,3491.035,2327.3566666666666,5,4.0,0.0005728960036207,True,0,Casual Browsing
643,1.0,2,1,1,0,3,6982.07,6982.07,42.8,3491.035,6982.07,3491.035,3,3.0,0.0004296720027155,True,0,Casual Browsing
644,119.756826,3,1,1,0,4,6982.07,6982.07,42.79999999999999,2327.3566666666666,6982.07,3491.035,4,0.0334010188279372,0.0005728960036207,True,0,Casual Browsing
645,1545.130534,40,11,21,12,42,6982.07,6982.07,42.8,174.55175,634.7336363636364,317.3668181818182,73,0.0271821694515811,0.0060154080380173,True,1,Heavy Multitasking
671,1.0,1,1,1,0,2,6982.07,6982.07,42.8,6982.07,6982.07,3491.035,2,2.0,0.0002864480018103,True,0,Casual Browsing
471,845.811672,6,4,4,4,8,6982.07,6982.07,42.79999999999999,1163.6783333333333,1745.5175,1396.414,14,0.0094583703025559,0.0011457920072414,True,0,Casual Browsing
474,1.0,1,1,1,0,2,6982.07,6982.07,42.8,6982.07,6982.07,3491.035,2,2.0,0.0002864480018103,True,0,Casual Browsing
475,83.723168,14,3,5,3,16,6982.07,6982.07,42.8,498.7192857142857,2327.3566666666666,1163.6783333333333,22,0.1911060030599893,0.0022915840144828,True,0,Casual Browsing
476,207.522633,3,2,1,1,5,6982.07,6982.07,42.79999999999999,2327.3566666666666,3491.035,3491.035,5,0.024093757522824,0.0007161200045258,True,0,Casual Browsing
477,632.4264,12,3,5,3,14,6982.07,6982.07,42.79999999999999,581.8391666666666,2327.3566666666666,1163.6783333333333,20,0.022136963289325,0.0020051360126724,True,0,Casual Browsing
478,233.995861,3,2,2,3,5,6982.07,6982.07,42.79999999999999,2327.3566666666666,3491.035,2327.3566666666666,8,0.0213678993236551,0.0007161200045258,True,0,Casual Browsing
479,534.416082,12,6,7,3,14,6982.07,6982.07,42.79999999999999,581.8391666666666,1163.6783333333333,872.75875,22,0.0261968164348766,0.0020051360126724,True,0,Casual Browsing
481,1.0,1,1,1,0,2,6982.07,6982.07,42.8,6982.07,6982.07,3491.035,2,2.0,0.0002864480018103,True,0,Casual Browsing
482,83.283107,8,3,4,3,10,6982.07,6982.07,42.8,872.75875,2327.3566666666666,1396.414,15,0.1200723695382786,0.0014322400090517,True,0,Casual Browsing
495,3.752422,3,2,2,0,4,6982.07,6982.07,42.79999999999999,2327.3566666666666,3491.035,2327.3566666666666,5,1.0659781868883618,0.0005728960036207,True,0,Casual Browsing
496,94.401676,5,2,2,2,7,6982.07,6982.07,42.8,1396.414,3491.035,2327.3566666666666,9,0.0741512258744219,0.0010025680063362,True,0,Casual Browsing
497,480.764592,5,2,2,2,7,6982.07,6982.07,42.8,1396.414,3491.035,2327.3566666666666,9,0.0145601404855538,0.0010025680063362,True,0,Casual Browsing
498,8.627193,3,2,2,1,4,6982.07,6982.07,42.79999999999999,2327.3566666666666,3491.035,2327.3566666666666,6,0.4636502278319263,0.0005728960036207,True,0,Casual Browsing
499,2581.685232,57,15,30,16,59,6982.07,6982.07,42.8,122.49245614035088,465.4713333333333,225.22806451612905,103,0.0228532894981521,0.0084502160534053,True,1,Heavy Multitasking
500,57.74837,25,5,12,13,27,6982.07,6982.07,42.8,279.2828,1396.414,537.0823076923077,50,0.4675456640594357,0.0038670480244397,True,0,Casual Browsing
501,206.268128,2,2,2,2,4,6982.07,6982.07,42.8,3491.035,3491.035,2327.3566666666666,6,0.0193922349457692,0.0005728960036207,True,0,Casual Browsing
502,1.0,1,1,1,0,2,6982.07,6982.07,42.8,6982.07,6982.07,3491.035,2,2.0,0.0002864480018103,True,0,Casual Browsing
617,111.930836,5,4,5,2,7,6982.07,6982.07,42.8,1396.414,1745.5175,1163.6783333333333,12,0.0625386198312679,0.0010025680063362,True,0,Casual Browsing
632,933.261655,21,3,5,3,23,6982.07,6982.07,42.8,332.4795238095238,2327.3566666666666,1163.6783333333333,29,0.0246447498156345,0.003294152020819,True,0,Casual Browsing
633,1.0,1,1,1,0,2,6982.07,6982.07,42.8,6982.07,6982.07,3491.035,2,2.0,0.0002864480018103,True,0,Casual Browsing
634,1.0,1,1,1,0,2,6982.07,6982.07,42.8,6982.07,6982.07,3491.035,2,2.0,0.0002864480018103,True,0,Casual Browsing
635,1.0,1,1,1,0,2,6982.07,6982.07,42.8,6982.07,6982.07,3491.035,2,2.0,0.0002864480018103,True,0,Casual Browsing
636,52.653517,3,2,2,0,4,6982.07,6982.07,42.79999999999999,2327.3566666666666,3491.035,2327.3566666666666,5,0.0759683346508458,0.0005728960036207,True,0,Casual Browsing
637,1007.436567,6,3,4,0,7,6982.07,6982.07,42.79999999999999,1163.6783333333333,2327.3566666666666,1396.414,10,0.006948328291125,0.0010025680063362,True,0,Casual Browsing
638,206.175334,9,4,4,0,10,6982.07,6982.07,42.8,775.7855555555556,1745.5175,1396.414,13,0.0485024071793185,0.0014322400090517,True,0,Casual Browsing
511,1.0,3,1,0,0,3,6982.07,6982.07,42.79999999999999,2327.3566666666666,6982.07,6982.07,3,3.0,0.0004296720027155,True,0,Casual Browsing
512,7.697996,2,1,0,0,2,6982.07,6982.07,42.8,3491.035,6982.07,6982.07,2,0.2598078772709157,0.0002864480018103,True,0,Casual Browsing
513,1.0,1,1,1,0,2,6982.07,6982.07,42.8,6982.07,6982.07,3491.035,2,2.0,0.0002864480018103,True,0,Casual Browsing
514,275.895339,9,4,5,4,11,6982.07,6982.07,42.8,775.7855555555556,1745.5175,1163.6783333333333,18,0.039870191500408,0.0015754640099569,True,0,Casual Browsing
515,87.161635,2,1,1,0,3,6982.07,6982.07,42.8,3491.035,6982.07,3491.035,3,0.0344188128182772,0.0004296720027155,True,0,Casual Browsing
516,1.64519,4,2,2,2,6,6982.07,6982.07,42.8,1745.5175,3491.035,2327.3566666666666,8,3.646995179888037,0.000859344005431,True,0,Casual Browsing
517,674.989222,6,2,2,0,7,6982.07,6982.07,42.79999999999999,1163.6783333333333,3491.035,2327.3566666666666,8,0.010370535960943,0.0010025680063362,True,0,Casual Browsing
518,1.0,1,1,1,0,2,6982.07,6982.07,42.8,6982.07,6982.07,3491.035,2,2.0,0.0002864480018103,True,0,Casual Browsing
487,1.0,2,1,1,2,4,6982.07,6982.07,42.8,3491.035,6982.07,3491.035,5,4.0,0.0005728960036207,True,0,Casual Browsing
488,600.376497,16,3,6,5,18,6982.07,6982.07,42.8,436.379375,2327.3566666666666,997.4385714285714,27,0.0299811869550916,0.0025780320162931,True,0,Casual Browsing
489,1.0,1,1,0,0,1,6982.07,6982.07,42.8,6982.07,6982.07,6982.07,1,1.0,0.0001432240009051,True,0,Casual Browsing
490,323.393778,4,1,1,1,6,6982.07,6982.07,42.8,1745.5175,6982.07,3491.035,6,0.0185532326475372,0.000859344005431,True,0,Casual Browsing
491,1.0,1,1,1,0,2,6982.07,6982.07,42.8,6982.07,6982.07,3491.035,2,2.0,0.0002864480018103,True,0,Casual Browsing
29,1.0,1,1,1,0,2,6982.07,6982.07,42.8,6982.07,6982.07,3491.035,2,2.0,0.0002864480018103,True,0,Casual Browsing
493,160.351396,4,2,2,2,6,6982.07,6982.07,42.8,1745.5175,3491.035,2327.3566666666666,8,0.0374178220437819,0.000859344005431,True,0,Casual Browsing
494,1.0,1,1,1,1,3,6982.07,6982.07,42.8,6982.07,6982.07,3491.035,3,3.0,0.0004296720027155,True,0,Casual Browsing
527,1.0,2,1,1,1,4,6982.07,6982.07,42.8,3491.035,6982.07,3491.035,4,4.0,0.0005728960036207,True,0,Casual Browsing
528,1.0,2,1,1,2,4,6982.07,6982.07,42.8,3491.035,6982.07,3491.035,5,4.0,0.0005728960036207,True,0,Casual Browsing
529,22.635698,3,1,1,1,5,6982.07,6982.07,42.79999999999999,2327.3566666666666,6982.07,3491.035,5,0.2208900295453667,0.0007161200045258,True,0,Casual Browsing
530,1.0,1,1,1,0,2,6982.07,6982.07,42.8,6982.07,6982.07,3491.035,2,2.0,0.0002864480018103,True,0,Casual Browsing
531,1432.82331,31,2,4,3,33,6982.07,6982.07,42.8,225.22806451612905,3491.035,1396.414,38,0.0230314511005547,0.0047263920298707,True,0,Casual Browsing
532,988.215665,24,8,9,8,26,6982.07,6982.07,42.79999999999999,290.9195833333333,872.75875,698.207,41,0.0263100464006508,0.0037238240235345,True,0,Casual Browsing
533,756.589745,4,1,1,2,6,6982.07,6982.07,42.8,1745.5175,6982.07,3491.035,7,0.0079303216038171,0.000859344005431,True,0,Casual Browsing
534,63.117754,14,4,7,2,16,6982.07,6982.07,42.8,498.7192857142857,1745.5175,872.75875,23,0.2534944446850881,0.0022915840144828,True,0,Casual Browsing
503,63.579198,4,2,2,0,5,6982.07,6982.07,42.8,1745.5175,3491.035,2327.3566666666666,6,0.0786420740947377,0.0007161200045258,True,0,Casual Browsing
504,79.289314,7,2,3,2,9,6982.07,6982.07,42.8,997.4385714285714,3491.035,1745.5175,12,0.1135083600294486,0.0012890160081465,True,0,Casual Browsing
505,1.0,1,1,0,1,2,6982.07,6982.07,42.8,6982.07,6982.07,6982.07,2,2.0,0.0002864480018103,True,0,Casual Browsing
506,34.499666,3,1,1,1,5,6982.07,6982.07,42.79999999999999,2327.3566666666666,6982.07,3491.035,5,0.1449289393120501,0.0007161200045258,True,0,Casual Browsing
507,114.977036,3,2,2,0,4,6982.07,6982.07,42.79999999999999,2327.3566666666666,3491.035,2327.3566666666666,5,0.0347895557161518,0.0005728960036207,True,0,Casual Browsing
508,1.0,6,2,3,0,7,6982.07,6982.07,42.79999999999999,1163.6783333333333,3491.035,1745.5175,9,7.0,0.0010025680063362,True,0,Casual Browsing
509,2.133439,3,2,2,0,4,6982.07,6982.07,42.79999999999999,2327.3566666666666,3491.035,2327.3566666666666,5,1.8749071335060437,0.0005728960036207,True,0,Casual Browsing
694,340.959554,3,2,2,0,4,6982.07,6982.07,42.79999999999999,2327.3566666666666,3491.035,2327.3566666666666,5,0.0117315967629403,0.0005728960036207,True,0,Casual Browsing
543,1.0,1,1,1,0,2,6982.07,6982.07,42.8,6982.07,6982.07,3491.035,2,2.0,0.0002864480018103,True,0,Casual Browsing
544,1.0,3,2,2,2,5,6982.07,6982.07,42.79999999999999,2327.3566666666666,3491.035,2327.3566666666666,7,5.0,0.0007161200045258,True,0,Casual Browsing
545,1.0,1,1,0,0,1,6982.07,6982.07,42.8,6982.07,6982.07,6982.07,1,1.0,0.0001432240009051,True,0,Casual Browsing
546,678.569837,7,3,3,2,9,6982.07,6982.07,42.8,997.4385714285714,2327.3566666666666,1745.5175,12,0.0132631890031976,0.0012890160081465,True,0,Casual Browsing
547,54.967403,4,2,2,0,5,6982.07,6982.07,42.8,1745.5175,3491.035,2327.3566666666666,6,0.0909630021996855,0.0007161200045258,True,0,Casual Browsing
548,68.905192,3,2,2,0,4,6982.07,6982.07,42.79999999999999,2327.3566666666666,3491.035,2327.3566666666666,5,0.0580507779442803,0.0005728960036207,True,0,Casual Browsing
549,1.0,1,1,1,0,2,6982.07,6982.07,42.8,6982.07,6982.07,3491.035,2,2.0,0.0002864480018103,True,0,Casual Browsing
550,1003.948885,24,4,8,1,26,6982.07,6982.07,42.79999999999999,290.9195833333333,1745.5175,775.7855555555556,33,0.0258977328312885,0.0037238240235345,True,0,Casual Browsing
519,158.962321,2,2,2,0,3,6982.07,6982.07,42.8,3491.035,3491.035,2327.3566666666666,4,0.0188723968115689,0.0004296720027155,True,0,Casual Browsing
520,61.880671,10,1,1,1,12,6982.07,6982.07,42.8,698.207,6982.07,3491.035,12,0.193921620533171,0.0017186880108621,True,0,Casual Browsing
521,1.0,3,2,2,2,5,6982.07,6982.07,42.79999999999999,2327.3566666666666,3491.035,2327.3566666666666,7,5.0,0.0007161200045258,True,0,Casual Browsing
522,8.860966,3,2,2,1,5,6982.07,6982.07,42.79999999999999,2327.3566666666666,3491.035,2327.3566666666666,6,0.5642725635105699,0.0007161200045258,True,0,Casual Browsing
523,21.462615,8,2,4,0,9,6982.07,6982.07,42.8,872.75875,3491.035,1396.414,12,0.4193338043849736,0.0012890160081465,True,0,Casual Browsing
524,1.848011,6,1,1,0,7,6982.07,6982.07,42.79999999999999,1163.6783333333333,6982.07,3491.035,7,3.787856241115448,0.0010025680063362,True,0,Casual Browsing
525,994.403864,12,2,2,0,13,6982.07,6982.07,42.79999999999999,581.8391666666666,3491.035,2327.3566666666666,14,0.0130731591767024,0.0018619120117672,True,0,Casual Browsing
8,1.0,1,1,0,0,1,6982.07,6982.07,42.8,6982.07,6982.07,6982.07,1,1.0,0.0001432240009051,True,0,Casual Browsing
557,906.51952,4,2,2,1,5,6982.07,6982.07,42.8,1745.5175,3491.035,2327.3566666666666,7,0.0055156010319557,0.0007161200045258,True,0,Casual Browsing
558,215.400794,3,1,1,1,5,6982.07,6982.07,42.79999999999999,2327.3566666666666,6982.07,3491.035,5,0.0232125421041855,0.0007161200045258,True,0,Casual Browsing
559,1.0,3,2,2,2,5,6982.07,6982.07,42.79999999999999,2327.3566666666666,3491.035,2327.3566666666666,7,5.0,0.0007161200045258,True,0,Casual Browsing
560,499.100597,14,5,7,2,16,6982.07,6982.07,42.8,498.7192857142857,1396.414,872.75875,23,0.0320576655210853,0.0022915840144828,True,0,Casual Browsing
561,828.565997,31,8,10,6,33,6982.07,6982.07,42.8,225.22806451612905,872.75875,634.7336363636364,47,0.0398278472921692,0.0047263920298707,True,0,Casual Browsing
562,125.005716,2,1,1,0,3,6982.07,6982.07,42.8,3491.035,6982.07,3491.035,3,0.0239989025781829,0.0004296720027155,True,0,Casual Browsing
563,1.0,1,1,1,0,2,6982.07,6982.07,42.8,6982.07,6982.07,3491.035,2,2.0,0.0002864480018103,True,0,Casual Browsing
565,654.893487,23,5,11,9,25,6982.07,6982.07,42.8,303.5682608695652,1396.414,581.8391666666666,43,0.0381741466303512,0.0035806000226293,True,0,Casual Browsing
566,335.553263,12,4,7,3,14,6982.07,6982.07,42.79999999999999,581.8391666666666,1745.5175,872.75875,22,0.0417221393552653,0.0020051360126724,True,0,Casual Browsing
535,107.788591,5,2,2,4,7,6982.07,6982.07,42.8,1396.414,3491.035,2327.3566666666666,11,0.0649419380572476,0.0010025680063362,True,0,Casual Browsing
536,40.130104,4,3,2,0,5,6982.07,6982.07,42.8,1745.5175,2327.3566666666666,2327.3566666666666,6,0.1245947431384678,0.0007161200045258,True,0,Casual Browsing
537,1442.180271,9,4,6,4,11,6982.07,6982.07,42.8,775.7855555555556,1745.5175,997.4385714285714,19,0.0076273405074198,0.0015754640099569,True,0,Casual Browsing
538,1.0,1,1,1,0,2,6982.07,6982.07,42.8,6982.07,6982.07,3491.035,2,2.0,0.0002864480018103,True,0,Casual Browsing
539,197.274209,8,1,1,0,9,6982.07,6982.07,42.8,872.75875,6982.07,3491.035,9,0.0456217771477669,0.0012890160081465,True,0,Casual Browsing
540,97.44955,7,3,3,0,8,6982.07,6982.07,42.8,997.4385714285714,2327.3566666666666,1745.5175,10,0.0820937603098218,0.0011457920072414,True,0,Casual Browsing
542,1.0,2,1,1,0,3,6982.07,6982.07,42.8,3491.035,6982.07,3491.035,3,3.0,0.0004296720027155,True,0,Casual Browsing
571,14.850757,4,2,2,3,6,6982.07,6982.07,42.8,1745.5175,3491.035,2327.3566666666666,9,0.4040198085525202,0.000859344005431,True,0,Casual Browsing
572,1.0,2,1,1,0,3,6982.07,6982.07,42.8,3491.035,6982.07,3491.035,3,3.0,0.0004296720027155,True,0,Casual Browsing
573,54.450274,3,2,2,0,4,6982.07,6982.07,42.79999999999999,2327.3566666666666,3491.035,2327.3566666666666,5,0.0734615219750776,0.0005728960036207,True,0,Casual Browsing
574,19.166599,2,2,2,0,3,6982.07,6982.07,42.8,3491.035,3491.035,2327.3566666666666,4,0.1565222917221777,0.0004296720027155,True,0,Casual Browsing
9,15.791363,3,3,2,0,4,6982.07,6982.07,42.79999999999999,2327.3566666666666,2327.3566666666666,2327.3566666666666,5,0.2533030239378323,0.0005728960036207,True,0,Casual Browsing
576,1426.488678,20,8,16,9,22,6982.07,6982.07,42.8,349.1035,872.75875,410.71,45,0.0154224848323682,0.0031509280199138,True,0,Casual Browsing
578,3277.9079,57,9,14,1,58,6982.07,6982.07,42.8,122.49245614035088,775.7855555555556,465.4713333333333,72,0.0176942128239783,0.0083069920525001,True,1,Heavy Multitasking
579,2039.409479,35,5,14,9,37,6982.07,6982.07,42.8,199.48771428571428,1396.414,465.4713333333333,58,0.0181425066329212,0.0052992880334915,True,0,Casual Browsing
580,1564.593494,32,5,9,2,34,6982.07,6982.07,42.8,218.1896875,1396.414,698.207,43,0.0217308841755927,0.0048696160307759,True,0,Casual Browsing
581,933.141319,18,3,3,2,20,6982.07,6982.07,42.8,387.8927777777778,2327.3566666666666,1745.5175,23,0.0214329808280625,0.0028644800181035,True,0,Casual Browsing
582,540.65749,31,2,1,1,33,6982.07,6982.07,42.8,225.22806451612905,3491.035,3491.035,33,0.0610367942928155,0.0047263920298707,True,0,Casual Browsing
551,116.496341,2,2,2,1,4,6982.07,6982.07,42.8,3491.035,3491.035,2327.3566666666666,5,0.0343358423592033,0.0005728960036207,True,0,Casual Browsing
553,1.0,1,1,1,0,2,6982.07,6982.07,42.8,6982.07,6982.07,3491.035,2,2.0,0.0002864480018103,True,0,Casual Browsing
554,400.824089,2,2,1,0,3,6982.07,6982.07,42.8,3491.035,3491.035,3491.035,3,0.0074845800996755,0.0004296720027155,True,0,Casual Browsing
555,544.988978,16,4,8,2,18,6982.07,6982.07,42.8,436.379375,1745.5175,775.7855555555556,26,0.0330281908930642,0.0025780320162931,True,0,Casual Browsing
556,1601.065366,21,4,4,0,22,6982.07,6982.07,42.8,332.4795238095238,1745.5175,1396.414,25,0.0137408506030977,0.0031509280199138,True,0,Casual Browsing
587,1.0,1,1,1,0,2,6982.07,6982.07,42.8,6982.07,6982.07,3491.035,2,2.0,0.0002864480018103,True,0,Casual Browsing
588,1239.67816,27,7,13,6,29,6982.07,6982.07,42.8,258.5951851851852,997.4385714285714,498.7192857142857,46,0.0233931684333295,0.00415349602625,True,0,Casual Browsing
589,1347.059595,10,4,6,0,11,6982.07,6982.07,42.8,698.207,1745.5175,997.4385714285714,16,0.0081659341879376,0.0015754640099569,True,0,Casual Browsing
590,656.624904,4,2,2,0,5,6982.07,6982.07,42.8,1745.5175,3491.035,2327.3566666666666,6,0.0076146974772677,0.0007161200045258,True,0,Casual Browsing
591,2283.213738,42,9,20,2,44,6982.07,6982.07,42.8,166.2397619047619,775.7855555555556,332.4795238095238,64,0.0192710823641689,0.0063018560398277,True,1,Heavy Multitasking
592,142.527432,6,3,2,0,7,6982.07,6982.07,42.79999999999999,1163.6783333333333,2327.3566666666666,2327.3566666666666,8,0.049113352438708,0.0010025680063362,True,0,Casual Browsing
593,57.968604,7,1,1,0,8,6982.07,6982.07,42.8,997.4385714285714,6982.07,3491.035,8,0.1380057384166091,0.0011457920072414,True,0,Casual Browsing
594,952.052271,18,4,5,4,20,6982.07,6982.07,42.8,387.8927777777778,1745.5175,1163.6783333333333,27,0.0210072499265116,0.0028644800181035,True,0,Casual Browsing
595,410.749351,12,3,4,1,14,6982.07,6982.07,42.79999999999999,581.8391666666666,2327.3566666666666,1396.414,17,0.0340840465503255,0.0020051360126724,True,0,Casual Browsing
596,1383.88519,34,12,17,7,36,6982.07,6982.07,42.8,205.355,581.8391666666666,387.8927777777778,58,0.0260137186669365,0.0051560640325863,True,0,Casual Browsing
597,51.737665,3,1,1,2,4,6982.07,6982.07,42.79999999999999,2327.3566666666666,6982.07,3491.035,6,0.0773131141500104,0.0005728960036207,True,0,Casual Browsing
598,1541.457881,62,8,16,0,63,6982.07,6982.07,42.8,112.61403225806453,872.75875,410.71,78,0.0408703998834723,0.009023112057026,True,1,Heavy Multitasking
567,894.922092,9,2,3,0,10,6982.07,6982.07,42.8,775.7855555555556,3491.035,1745.5175,12,0.0111741570460638,0.0014322400090517,True,0,Casual Browsing
568,1675.049459,28,6,13,2,30,6982.07,6982.07,42.8,249.3596428571429,1163.6783333333333,498.7192857142857,43,0.0179099189213851,0.0042967200271552,True,0,Casual Browsing
10,223.767854,3,2,2,0,4,6982.07,6982.07,42.79999999999999,2327.3566666666666,3491.035,2327.3566666666666,5,0.0178756685935773,0.0005728960036207,True,0,Casual Browsing
570,11.815147,6,4,4,3,8,6982.07,6982.07,42.79999999999999,1163.6783333333333,1745.5175,1396.414,13,0.6770969502114532,0.0011457920072414,True,0,Casual Browsing
603,60.614075,6,3,3,0,7,6982.07,6982.07,42.79999999999999,1163.6783333333333,2327.3566666666666,1745.5175,9,0.1154847285882033,0.0010025680063362,True,0,Casual Browsing
604,1306.513283,36,11,19,8,38,6982.07,6982.07,42.8,193.9463888888889,634.7336363636364,349.1035,63,0.0290850468146369,0.0054425120343966,True,0,Casual Browsing
605,225.029153,23,7,9,2,25,6982.07,6982.07,42.8,303.5682608695652,997.4385714285714,698.207,34,0.1110967164330036,0.0035806000226293,True,0,Casual Browsing
606,881.690322,34,2,3,0,35,6982.07,6982.07,42.8,205.355,3491.035,1745.5175,37,0.0396964774668355,0.0050128400316811,True,0,Casual Browsing
607,191.464278,9,4,6,2,11,6982.07,6982.07,42.8,775.7855555555556,1745.5175,997.4385714285714,17,0.0574519702312302,0.0015754640099569,True,0,Casual Browsing
608,9.45322,3,2,2,1,4,6982.07,6982.07,42.79999999999999,2327.3566666666666,3491.035,2327.3566666666666,6,0.4231362435233708,0.0005728960036207,True,0,Casual Browsing
609,1.0,3,2,2,3,5,6982.07,6982.07,42.79999999999999,2327.3566666666666,3491.035,2327.3566666666666,8,5.0,0.0007161200045258,True,0,Casual Browsing
610,196.78525,7,2,3,4,9,6982.07,6982.07,42.8,997.4385714285714,3491.035,1745.5175,14,0.045735135128268,0.0012890160081465,True,0,Casual Browsing
611,1.0,1,1,1,0,2,6982.07,6982.07,42.8,6982.07,6982.07,3491.035,2,2.0,0.0002864480018103,True,0,Casual Browsing
612,1.0,1,1,1,0,2,6982.07,6982.07,42.8,6982.07,6982.07,3491.035,2,2.0,0.0002864480018103,True,0,Casual Browsing
613,328.083014,25,5,10,7,27,6982.07,6982.07,42.8,279.2828,1396.414,634.7336363636364,42,0.0822962446937286,0.0038670480244397,True,0,Casual Browsing
614,1.0,2,1,1,1,4,6982.07,6982.07,42.8,3491.035,6982.07,3491.035,4,4.0,0.0005728960036207,True,0,Casual Browsing
583,1.0,1,1,1,1,3,6982.07,6982.07,42.8,6982.07,6982.07,3491.035,3,3.0,0.0004296720027155,True,0,Casual Browsing
584,50.450035,9,3,2,0,10,6982.07,6982.07,42.8,775.7855555555556,2327.3566666666666,2327.3566666666666,11,0.1982159179869746,0.0014322400090517,True,0,Casual Browsing
585,1.0,1,1,1,0,2,6982.07,6982.07,42.8,6982.07,6982.07,3491.035,2,2.0,0.0002864480018103,True,0,Casual Browsing
586,1.0,4,3,3,0,5,6982.07,6982.07,42.8,1745.5175,2327.3566666666666,1745.5175,7,5.0,0.0007161200045258,True,0,Casual Browsing
618,1990.41552,29,1,0,0,29,6982.07,6982.07,42.8,240.76103448275865,6982.07,6982.07,29,0.0145698220841847,0.00415349602625,True,0,Casual Browsing
619,1.0,1,1,1,0,2,6982.07,6982.07,42.8,6982.07,6982.07,3491.035,2,2.0,0.0002864480018103,True,0,Casual Browsing
620,25.156649,4,3,2,0,5,6982.07,6982.07,42.8,1745.5175,2327.3566666666666,2327.3566666666666,6,0.1987546115541859,0.0007161200045258,True,0,Casual Browsing
621,13.916382,2,1,1,0,3,6982.07,6982.07,42.8,3491.035,6982.07,3491.035,3,0.2155732718460875,0.0004296720027155,True,0,Casual Browsing
622,706.150667,6,2,1,1,8,6982.07,6982.07,42.79999999999999,1163.6783333333333,3491.035,3491.035,8,0.0113290270389279,0.0011457920072414,True,0,Casual Browsing
623,1.0,1,1,1,1,3,6982.07,6982.07,42.8,6982.07,6982.07,3491.035,3,3.0,0.0004296720027155,True,0,Casual Browsing
624,2164.071821,8,2,2,0,9,6982.07,6982.07,42.8,872.75875,3491.035,2327.3566666666666,10,0.00415882685254,0.0012890160081465,True,0,Casual Browsing
625,1.0,3,2,2,0,4,6982.07,6982.07,42.79999999999999,2327.3566666666666,3491.035,2327.3566666666666,5,4.0,0.0005728960036207,True,0,Casual Browsing
627,482.037228,6,2,2,5,8,6982.07,6982.07,42.79999999999999,1163.6783333333333,3491.035,2327.3566666666666,13,0.0165962285385974,0.0011457920072414,True,0,Casual Browsing
628,1401.896006,50,13,23,4,52,6982.07,6982.07,42.8,139.6414,537.0823076923077,290.9195833333333,77,0.037092622974489,0.0074476480470691,True,1,Heavy Multitasking
629,1.0,1,1,0,0,1,6982.07,6982.07,42.8,6982.07,6982.07,6982.07,1,1.0,0.0001432240009051,True,0,Casual Browsing
630,833.301715,2,1,1,0,3,6982.07,6982.07,42.8,3491.035,6982.07,3491.035,3,0.0036001365963827,0.0004296720027155,True,0,Casual Browsing
11,35.645368,2,1,1,0,3,6982.07,6982.07,42.8,3491.035,6982.07,3491.035,3,0.0841624078618012,0.0004296720027155,True,0,Casual Browsing
600,1.0,1,1,1,1,3,6982.07,6982.07,42.8,6982.07,6982.07,3491.035,3,3.0,0.0004296720027155,True,0,Casual Browsing
601,88.673304,10,2,1,0,11,6982.07,6982.07,42.8,698.207,3491.035,3491.035,11,0.1240508642826706,0.0015754640099569,True,0,Casual Browsing
602,1558.711193,14,3,6,5,16,6982.07,6982.07,42.8,498.7192857142857,2327.3566666666666,997.4385714285714,25,0.0102648906813874,0.0022915840144828,True,0,Casual Browsing
679,13.204845,2,1,0,0,2,6982.07,6982.07,42.8,3491.035,6982.07,6982.07,2,0.1514595589724832,0.0002864480018103,True,0,Casual Browsing
30,1.0,1,1,0,0,1,6982.07,6982.07,42.8,6982.07,6982.07,6982.07,1,1.0,0.0001432240009051,True,0,Casual Browsing
31,1.0,1,1,0,0,1,6982.07,6982.07,42.8,6982.07,6982.07,6982.07,1,1.0,0.0001432240009051,True,0,Casual Browsing
32,1.0,1,1,1,0,2,6982.07,6982.07,42.8,6982.07,6982.07,3491.035,2,2.0,0.0002864480018103,True,0,Casual Browsing
33,1.0,1,1,1,0,2,6982.07,6982.07,42.8,6982.07,6982.07,3491.035,2,2.0,0.0002864480018103,True,0,Casual Browsing
34,46.71454,4,2,1,0,5,6982.07,6982.07,42.8,1745.5175,3491.035,3491.035,5,0.107033056517307,0.0007161200045258,True,0,Casual Browsing
35,1.0,1,1,1,0,2,6982.07,6982.07,42.8,6982.07,6982.07,3491.035,2,2.0,0.0002864480018103,True,0,Casual Browsing
36,1.0,1,1,1,0,2,6982.07,6982.07,42.8,6982.07,6982.07,3491.035,2,2.0,0.0002864480018103,True,0,Casual Browsing
37,2.169995,2,1,1,0,3,6982.07,6982.07,42.8,3491.035,6982.07,3491.035,3,1.382491664727338,0.0004296720027155,True,0,Casual Browsing
38,1.0,1,1,0,1,2,6982.07,6982.07,42.8,6982.07,6982.07,6982.07,2,2.0,0.0002864480018103,True,0,Casual Browsing
663,405.956571,2,1,1,0,3,6982.07,6982.07,42.8,3491.035,6982.07,3491.035,3,0.0073899530499285,0.0004296720027155,True,0,Casual Browsing
12,1.0,1,1,0,0,1,6982.07,6982.07,42.8,6982.07,6982.07,6982.07,1,1.0,0.0001432240009051,True,0,Casual Browsing
666,1784.474607,18,4,6,3,20,6982.07,6982.07,42.8,387.8927777777778,1745.5175,997.4385714285714,27,0.0112077806663908,0.0028644800181035,True,0,Casual Browsing
668,1.0,1,1,1,0,2,6982.07,6982.07,42.8,6982.07,6982.07,3491.035,2,2.0,0.0002864480018103,True,0,Casual Browsing
669,8335.339662,372,51,200,71,374,6982.07,6982.07,42.8,18.769005376344086,136.90333333333334,34.736666666666665,643,0.0448691973171806,0.0535657763385357,True,1,Heavy Multitasking
7,1.0,1,1,0,0,1,6982.07,6982.07,42.8,6982.07,6982.07,6982.07,1,1.0,0.0001432240009051,True,0,Casual Browsing
670,1.0,1,1,1,0,2,6982.07,6982.07,42.8,6982.07,6982.07,3491.035,2,2.0,0.0002864480018103,True,0,Casual Browsing
681,3693.390027,41,11,15,5,43,6982.07,6982.07,42.8,170.29439024390243,634.7336363636364,436.379375,61,0.0116424205636704,0.0061586320389225,True,1,Heavy Multitasking
683,12.394949,2,1,1,2,4,6982.07,6982.07,42.8,3491.035,6982.07,3491.035,5,0.3227120982910054,0.0005728960036207,True,0,Casual Browsing
685,109.641416,4,3,3,0,5,6982.07,6982.07,42.8,1745.5175,2327.3566666666666,1745.5175,7,0.0456032052705339,0.0007161200045258,True,0,Casual Browsing
686,2331.967917,20,6,12,7,22,6982.07,6982.07,42.8,349.1035,1163.6783333333333,537.0823076923077,39,0.0094340920557356,0.0031509280199138,True,0,Casual Browsing
687,32.858727,4,2,2,1,6,6982.07,6982.07,42.8,1745.5175,3491.035,2327.3566666666666,7,0.1825998919556439,0.000859344005431,True,0,Casual Browsing
688,452.616692,35,8,16,5,37,6982.07,6982.07,42.8,199.48771428571428,872.75875,410.71,56,0.081746874682209,0.0052992880334915,True,0,Casual Browsing
689,670.571818,3,1,0,0,3,6982.07,6982.07,42.79999999999999,2327.3566666666666,6982.07,6982.07,3,0.0044737937376306,0.0004296720027155,True,0,Casual Browsing
690,29.22338,2,1,1,1,4,6982.07,6982.07,42.8,3491.035,6982.07,3491.035,4,0.1368767062536914,0.0005728960036207,True,0,Casual Browsing
691,442.258514,6,2,3,2,8,6982.07,6982.07,42.79999999999999,1163.6783333333333,3491.035,1745.5175,11,0.0180889677569893,0.0011457920072414,True,0,Casual Browsing
692,303.281747,3,2,2,0,4,6982.07,6982.07,42.79999999999999,2327.3566666666666,3491.035,2327.3566666666666,5,0.0131890561814786,0.0005728960036207,True,0,Casual Browsing
693,469.391911,14,4,5,0,15,6982.07,6982.07,42.8,498.7192857142857,1745.5175,1163.6783333333333,19,0.0319562388027602,0.0021483600135776,True,0,Casual Browsing
6,142.666406,4,1,0,0,4,6982.07,6982.07,42.8,1745.5175,6982.07,6982.07,4,0.0280374344048451,0.0005728960036207,True,0,Casual Browsing
615,80.286272,2,1,1,1,4,6982.07,6982.07,42.8,3491.035,6982.07,3491.035,4,0.049821717964436,0.0005728960036207,True,0,Casual Browsing
616,399.381585,5,3,3,1,7,6982.07,6982.07,42.8,1396.414,2327.3566666666666,1745.5175,9,0.0175270975500785,0.0010025680063362,True,0,Casual Browsing
1,1.0,1,1,1,1,3,6982.07,6982.07,42.8,6982.07,6982.07,3491.035,3,3.0,0.0004296720027155,True,0,Casual Browsing
14,1071.43437,11,3,4,0,12,6982.069999999999,6982.07,42.8,634.7336363636363,2327.356666666666,1396.4139999999998,15,0.011199939385928,0.0017186880108621,True,0,Casual Browsing
682,2145.93265,22,6,6,4,24,6982.069999999999,6982.07,42.8,317.36681818181813,1163.678333333333,997.4385714285712,32,0.0111839483871965,0.0034373760217242,True,0,Casual Browsing
684,3206.996779,97,9,17,8,99,6982.069999999999,6982.07,42.8,71.9801030927835,775.7855555555554,387.8927777777777,122,0.0308700029411535,0.0141791760896123,True,1,Heavy Multitasking
626,1206.726554,15,2,4,5,17,6982.069999999999,6982.07,42.8,465.4713333333332,3491.0349999999994,1396.4139999999998,24,0.0140876986121248,0.0024348080153879,True,0,Casual Browsing
577,157.131303,11,4,5,4,13,6982.069999999999,6982.07,42.8,634.7336363636363,1745.5174999999997,1163.678333333333,20,0.0827333558100768,0.0018619120117672,True,0,Casual Browsing
552,1808.422279,15,4,7,7,17,6982.069999999999,6982.07,42.8,465.4713333333332,1745.5174999999997,872.7587499999998,29,0.0094004592828841,0.0024348080153879,True,0,Casual Browsing
564,364.022569,11,6,6,5,13,6982.069999999999,6982.07,42.8,634.7336363636363,1163.678333333333,997.4385714285712,22,0.0357120714677446,0.0018619120117672,True,0,Casual Browsing
541,20.387106,15,4,9,0,16,6982.069999999999,6982.07,42.8,465.4713333333332,1745.5174999999997,698.2069999999999,24,0.7848097714310212,0.0022915840144828,True,0,Casual Browsing
642,506.978559,11,2,2,2,13,6982.069999999999,6982.07,42.8,634.7336363636363,3491.0349999999994,2327.356666666666,15,0.0256421100443421,0.0018619120117672,True,0,Casual Browsing
472,227.557682,11,2,3,0,12,6982.069999999999,6982.07,42.8,634.7336363636363,3491.0349999999994,1745.5174999999997,14,0.0527338822162901,0.0017186880108621,True,0,Casual Browsing
473,1249.536309,11,2,2,2,13,6982.069999999999,6982.07,42.8,634.7336363636363,3491.0349999999994,2327.356666666666,15,0.0104038593407532,0.0018619120117672,True,0,Casual Browsing
480,280.213723,11,4,6,2,13,6982.069999999999,6982.07,42.8,634.7336363636363,1745.5174999999997,997.4385714285712,19,0.0463931596954657,0.0018619120117672,True,0,Casual Browsing
486,29.815638,11,2,4,4,13,6982.069999999999,6982.07,42.8,634.7336363636363,3491.0349999999994,1396.4139999999998,19,0.4360128064339928,0.0018619120117672,True,0,Casual Browsing
464,502.579597,30,6,13,12,32,6982.069999999999,6982.07,42.8,232.73566666666665,1163.678333333333,498.7192857142856,55,0.0636715063464862,0.0045831680289656,True,0,Casual Browsing
444,560.248875,15,7,10,2,17,6982.069999999999,6982.07,42.8,465.4713333333332,997.4385714285712,634.7336363636363,27,0.030343657539696,0.0024348080153879,True,0,Casual Browsing
451,900.05498,15,4,6,4,17,6982.069999999999,6982.07,42.8,465.4713333333332,1745.5174999999997,997.4385714285712,25,0.0188877350581405,0.0024348080153879,True,0,Casual Browsing
453,27.615953,11,2,4,3,13,6982.069999999999,6982.07,42.8,634.7336363636363,3491.0349999999994,1396.4139999999998,18,0.4707424002351104,0.0018619120117672,True,0,Casual Browsing
421,924.479174,30,6,10,8,32,6982.069999999999,6982.07,42.8,232.73566666666665,1163.678333333333,634.7336363636363,48,0.0346140842324696,0.0045831680289656,True,0,Casual Browsing
399,659.039557,15,6,12,8,17,6982.069999999999,6982.07,42.8,465.4713333333332,1163.678333333333,537.0823076923076,35,0.0257951132362757,0.0024348080153879,True,0,Casual Browsing
400,1604.530837,60,14,29,8,62,6982.069999999999,6982.07,42.8,116.36783333333332,498.7192857142856,232.73566666666665,97,0.0386405786478505,0.0088798880561208,True,1,Heavy Multitasking
385,805.980484,30,6,11,0,31,6982.069999999999,6982.07,42.8,232.73566666666665,1163.678333333333,581.8391666666665,41,0.0384624697686848,0.0044399440280604,True,0,Casual Browsing
388,1363.665078,11,3,4,3,13,6982.069999999999,6982.07,42.8,634.7336363636363,2327.356666666666,1396.4139999999998,18,0.0095331325922537,0.0018619120117672,True,0,Casual Browsing
371,1963.611995,22,7,11,10,24,6982.069999999999,6982.07,42.8,317.36681818181813,997.4385714285712,581.8391666666665,43,0.0122223739013164,0.0034373760217242,True,0,Casual Browsing
348,2033.702662,22,5,10,5,24,6982.069999999999,6982.07,42.8,317.36681818181813,1396.4139999999998,634.7336363636363,37,0.0118011351651562,0.0034373760217242,True,0,Casual Browsing
327,3871.072106,45,10,23,12,47,6982.069999999999,6982.07,42.8,155.15711111111108,698.2069999999999,290.91958333333326,80,0.0121413393274571,0.0067315280425432,True,1,Heavy Multitasking
333,61.072563,11,4,8,0,12,6982.069999999999,6982.07,42.8,634.7336363636363,1745.5174999999997,775.7855555555554,19,0.1964875782272311,0.0017186880108621,True,0,Casual Browsing
295,2481.389239,15,3,9,8,17,6982.069999999999,6982.07,42.8,465.4713333333332,2327.356666666666,698.2069999999999,32,0.0068510009364153,0.0024348080153879,True,0,Casual Browsing
302,3041.252665,90,20,36,22,92,6982.069999999999,6982.07,42.8,77.57855555555554,349.10349999999994,188.70459459459457,148,0.0302506927684023,0.0131766080832761,True,1,Heavy Multitasking
303,333.638728,22,6,13,4,24,6982.069999999999,6982.07,42.8,317.36681818181813,1163.678333333333,498.7192857142856,39,0.0719340951329846,0.0034373760217242,True,0,Casual Browsing
310,152.649179,15,3,5,5,17,6982.069999999999,6982.07,42.8,465.4713333333332,2327.356666666666,1163.678333333333,25,0.1113664686005287,0.0024348080153879,True,0,Casual Browsing
289,1391.809812,15,1,1,0,16,6982.069999999999,6982.07,42.8,465.4713333333332,6982.069999999999,3491.0349999999994,16,0.0114958235400053,0.0022915840144828,True,0,Casual Browsing
291,2808.904316,60,1,1,0,61,6982.069999999999,6982.07,42.8,116.36783333333332,6982.069999999999,3491.0349999999994,61,0.0217166528786806,0.0087366640552157,True,0,Casual Browsing
248,1586.118219,11,3,2,1,13,6982.069999999999,6982.07,42.8,634.7336363636363,2327.356666666666,2327.356666666666,14,0.0081961103808492,0.0018619120117672,True,0,Casual Browsing
173,3239.055433,30,7,15,8,32,6982.069999999999,6982.07,42.8,232.73566666666665,997.4385714285712,436.3793749999999,53,0.009879423388059,0.0045831680289656,True,0,Casual Browsing
148,2650.30904,60,21,32,16,62,6982.069999999999,6982.07,42.8,116.36783333333332,332.47952380952376,211.57787878787877,108,0.0233934982918067,0.0088798880561208,True,1,Heavy Multitasking
113,104.063306,15,5,13,5,17,6982.069999999999,6982.07,42.8,465.4713333333332,1396.4139999999998,498.7192857142856,33,0.1633620980674975,0.0024348080153879,True,0,Casual Browsing
79,2176.347362,11,1,0,3,12,6982.069999999999,6982.07,42.8,634.7336363636363,6982.069999999999,6982.069999999999,14,0.0055138256923161,0.0017186880108621,True,0,Casual Browsing
69,833.496357,11,3,3,0,12,6982.069999999999,6982.07,42.8,634.7336363636363,2327.356666666666,1745.5174999999997,14,0.0143971835020269,0.0017186880108621,True,0,Casual Browsing
665,621.826878,22,5,8,5,24,6982.069999999999,6982.07,42.8,317.36681818181813,1396.4139999999998,775.7855555555554,35,0.0385959514603033,0.0034373760217242,True,0,Casual Browsing
667,1421.582951,120,16,33,20,122,6982.069999999999,6982.07,42.8,58.183916666666654,436.3793749999999,205.355,173,0.0858198249452697,0.0174733281104314,True,1,Heavy Multitasking
673,5846.878842,173,18,56,34,175,6982.069999999999,6982.07,42.8,40.358786127167626,387.8927777777777,122.49245614035084,263,0.0299304987719121,0.0250642001584057,True,1,Heavy Multitasking
