session_id,session_length,pages_visited,unique_domains,domain_switches,category_switches,session_complexity,avg_ram,peak_ram,avg_cpu,ram_per_page,ram_per_domain,ram_per_switch,session_intensity,efficiency_score,ram_efficiency,high_ram_usage,anomaly_score,is_anomaly
329,987.122825,13,4,4,4,15,6982.070000000001,6982.07,42.8,537.0823076923077,1745.5175000000002,1396.4140000000002,21,0.0151956773970858,0.0021483600135776,True,0.007752714335663875,False
157,393.070513,13,2,3,2,15,6982.070000000001,6982.07,42.8,537.0823076923077,3491.0350000000003,1745.5175000000002,18,0.0381610919768993,0.0021483600135776,True,0.018073260993961452,False
124,1463.672246,26,7,13,10,28,6982.070000000001,6982.07,42.8,268.54115384615386,997.4385714285715,498.7192857142858,49,0.0191299657942683,0.0040102720253449,True,0.024671952075688872,False
121,1635.333886,13,7,11,3,15,6982.070000000001,6982.07,42.8,537.0823076923077,997.4385714285715,581.8391666666668,27,0.0091724388080098,0.0021483600135776,True,0.12796986808568653,False
158,468.11091,13,4,6,4,15,6982.070000000001,6982.07,42.8,537.0823076923077,1745.5175000000002,997.4385714285715,23,0.0320436881080169,0.0021483600135776,True,0.023670680618878392,False
272,1030.453822,26,8,11,12,28,6982.070000000001,6982.07,42.8,268.54115384615386,872.7587500000001,581.8391666666668,49,0.0271724937131632,0.0040102720253449,True,0.06621551008558794,False
142,630.906887,13,2,1,3,14,6982.070000000001,6982.07,42.8,537.0823076923077,3491.0350000000003,3491.0350000000003,17,0.0221902792448039,0.0020051360126724,True,0.019332498638278652,False
129,3733.169418,79,27,46,21,81,6982.070000000001,6982.07,42.8,88.38063291139241,258.5951851851852,148.55468085106384,146,0.0216973812143234,0.0116011440733192,True,0.7354110227293662,True
318,1632.547083,43,7,12,4,45,6982.070000000001,6982.07,42.8,162.37372093023257,997.4385714285715,537.0823076923077,59,0.0275642892438404,0.0064450800407329,True,0.017667313871428607,False
672,817.300356,43,15,23,14,45,6982.070000000001,6982.07,42.8,162.37372093023257,465.47133333333335,290.9195833333334,80,0.055059317752212,0.0064450800407329,True,0.4687368094319368,True
367,2482.205314,26,4,7,2,28,6982.070000000001,6982.07,42.8,268.54115384615386,1745.5175000000002,872.7587500000001,35,0.0112802916995124,0.0040102720253449,True,0.19446182855609292,False
368,1317.249992,43,3,9,3,45,6982.070000000001,6982.07,42.8,162.37372093023257,2327.356666666667,698.2070000000001,55,0.034162080298574,0.0064450800407329,True,0.141445668839367,False
373,914.904985,77,1,1,1,79,6982.070000000001,6982.07,42.8,90.67623376623378,6982.070000000001,3491.0350000000003,79,0.0863477642981691,0.0113146960715088,True,1.210461079717492,True
350,2767.68044,43,6,13,7,45,6982.070000000001,6982.07,42.8,162.37372093023257,1163.6783333333335,498.7192857142858,63,0.0162591025140171,0.0064450800407329,True,0.1594156203146164,False
384,1223.701199,13,5,8,6,15,6982.070000000001,6982.07,42.8,537.0823076923077,1396.4140000000002,775.7855555555557,27,0.0122578943391228,0.0021483600135776,True,0.033252292409055424,False
406,2242.342259,26,8,16,10,28,6982.070000000001,6982.07,42.8,268.54115384615386,872.7587500000001,410.71,52,0.0124869430113166,0.0040102720253449,True,0.11098378596256704,False
435,3782.586023,79,12,26,17,81,6982.070000000001,6982.07,42.8,88.38063291139241,581.8391666666668,258.5951851851852,122,0.0214139214567705,0.0116011440733192,True,0.1728110013268294,False
441,450.807986,13,1,1,0,14,6982.070000000001,6982.07,42.8,537.0823076923077,6982.070000000001,3491.0350000000003,14,0.031055350470211,0.0020051360126724,True,0.03381161384708129,False
459,1112.848867,13,5,6,2,15,6982.070000000001,6982.07,42.8,537.0823076923077,1396.4140000000002,997.4385714285715,21,0.0134789192358498,0.0021483600135776,True,0.031131852611335078,False
646,490.146697,13,4,7,6,15,6982.070000000001,6982.07,42.8,537.0823076923077,1745.5175000000002,872.7587500000001,26,0.0306030828970372,0.0021483600135776,True,0.029990041724149298,False
631,1782.797834,26,7,12,5,28,6982.070000000001,6982.07,42.8,268.54115384615386,997.4385714285715,537.0823076923077,43,0.0157056506722231,0.0040102720253449,True,0.03595459579428206,False
492,117.078192,13,4,6,5,15,6982.070000000001,6982.07,42.8,537.0823076923077,1745.5175000000002,997.4385714285715,24,0.1281195049544325,0.0021483600135776,True,0.05443107855219315,False
510,1254.335554,43,6,12,2,45,6982.070000000001,6982.07,42.8,162.37372093023257,1163.6783333333335,537.0823076923077,57,0.0358755676314027,0.0064450800407329,True,0.048867352407325815,False
526,858.214808,111,9,18,8,113,6982.070000000001,6982.07,42.79999999999999,62.90153153153154,775.7855555555557,367.4773684210527,137,0.131668667269139,0.0161843121022848,True,1.4239143989602294,True
575,666.73447,26,8,12,2,28,6982.070000000001,6982.07,42.8,268.54115384615386,872.7587500000001,537.0823076923077,40,0.0419957288243999,0.0040102720253449,True,0.12652469765397895,False
569,733.414495,13,1,1,0,14,6982.070000000001,6982.07,42.8,537.0823076923077,6982.070000000001,3491.0350000000003,14,0.0190887964383632,0.0020051360126724,True,0.04599069410225849,False
599,502.928376,13,2,2,0,14,6982.070000000001,6982.07,42.8,537.0823076923077,3491.0350000000003,2327.356666666667,15,0.0278369657949067,0.0020051360126724,True,0.014778103058806946,False
664,1106.164529,52,12,24,15,54,6982.070000000001,6982.07,42.8,134.27057692307693,581.8391666666668,279.2828,91,0.0488173310428036,0.0077340960488794,True,0.19575734762659353,False
13,119.159957,6,1,0,0,6,6982.07,6982.07,42.79999999999999,1163.6783333333333,6982.07,6982.07,6,0.0503524854410613,0.000859344005431,True,0.011760907444718083,False
15,37.920857,3,2,3,0,4,6982.07,6982.07,42.79999999999999,2327.3566666666666,3491.035,1745.5175,6,0.1054828481328889,0.0005728960036207,True,0.0029088407805982638,False
16,1.0,1,1,1,0,2,6982.07,6982.07,42.8,6982.07,6982.07,3491.035,2,2.0,0.0002864480018103,True,0.00044708259133709893,False
17,165.36165,5,3,4,0,6,6982.07,6982.07,42.8,1396.414,2327.3566666666666,1396.414,9,0.0362841081955822,0.000859344005431,True,0.010388073160921338,False
18,2947.020593,36,2,6,0,37,6982.07,6982.07,42.8,193.9463888888889,3491.035,997.4385714285714,42,0.0125550530891726,0.0052992880334915,True,0.4506227768069742,True
19,1.0,1,1,1,0,2,6982.07,6982.07,42.8,6982.07,6982.07,3491.035,2,2.0,0.0002864480018103,True,0.0004470827423434602,False
20,54.904288,7,2,2,0,8,6982.07,6982.07,42.8,997.4385714285714,3491.035,2327.3566666666666,9,0.1457081093556845,0.0011457920072414,True,0.003548853977961769,False
21,72.791466,6,2,1,0,7,6982.07,6982.07,42.79999999999999,1163.6783333333333,3491.035,3491.035,7,0.0961651191363559,0.0010025680063362,True,0.0027511169848677087,False
22,66.148211,2,1,1,0,3,6982.07,6982.07,42.8,3491.035,6982.07,3491.035,3,0.0453527004683467,0.0004296720027155,True,0.0019174307391242825,False
680,343.220201,19,1,1,4,21,6982.07,6982.07,42.8,367.47736842105263,6982.07,3491.035,24,0.0611852097831502,0.0030077040190086,True,0.08073424356122101,False
45,17.842192,2,1,1,0,3,6982.07,6982.07,42.8,3491.035,6982.07,3491.035,3,0.1681407755280292,0.0004296720027155,True,0.0014443433704246914,False
46,9.49925,8,1,1,0,9,6982.07,6982.07,42.8,872.75875,6982.07,3491.035,9,0.947443219201516,0.0012890160081465,True,0.016544152209517778,False
47,1.0,1,1,1,0,2,6982.07,6982.07,42.8,6982.07,6982.07,3491.035,2,2.0,0.0002864480018103,True,0.0004470827423434602,False
48,1.0,1,1,1,0,2,6982.07,6982.07,42.8,6982.07,6982.07,3491.035,2,2.0,0.0002864480018103,True,0.0004470827423434602,False
49,1.0,1,1,0,0,1,6982.07,6982.07,42.8,6982.07,6982.07,6982.07,1,1.0,0.0001432240009051,True,0.0005355187794550065,False
50,204.875296,2,1,1,0,3,6982.07,6982.07,42.8,3491.035,6982.07,3491.035,3,0.0146430538897183,0.0004296720027155,True,0.005250456743766168,False
51,1.0,1,1,0,0,1,6982.07,6982.07,42.8,6982.07,6982.07,6982.07,1,1.0,0.0001432240009051,True,0.0005355187794550065,False
52,1.0,1,1,1,0,2,6982.07,6982.07,42.8,6982.07,6982.07,3491.035,2,2.0,0.0002864480018103,True,0.0004470827423434602,False
53,2354.532182,51,7,18,9,53,6982.07,6982.07,42.8,136.90333333333334,997.4385714285714,367.47736842105263,78,0.0225097793970182,0.0075908720479743,True,0.055569441779079444,False
54,3161.458832,61,9,17,5,63,6982.07,6982.07,42.8,114.46016393442622,775.7855555555556,387.8927777777778,83,0.0199275092126203,0.009023112057026,True,0.162314999573769,False
23,740.337724,5,2,2,0,6,6982.07,6982.07,42.8,1396.414,3491.035,2327.3566666666666,7,0.0081044093870866,0.000859344005431,True,0.02356135975749509,False
24,1.0,1,1,0,0,1,6982.07,6982.07,42.8,6982.07,6982.07,6982.07,1,1.0,0.0001432240009051,True,0.0005355187794550065,False
25,1.0,1,1,1,0,2,6982.07,6982.07,42.8,6982.07,6982.07,3491.035,2,2.0,0.0002864480018103,True,0.0004470827423434602,False
26,345.051663,6,1,0,0,6,6982.07,6982.07,42.79999999999999,1163.6783333333333,6982.07,6982.07,6,0.0173887004277385,0.000859344005431,True,0.01743391572430053,False
27,1.0,1,1,1,1,3,6982.07,6982.07,42.8,6982.07,6982.07,3491.035,3,3.0,0.0004296720027155,True,0.0011665495128092597,False
28,1.0,1,1,1,1,3,6982.07,6982.07,42.8,6982.07,6982.07,3491.035,3,3.0,0.0004296720027155,True,0.0011665495128092597,False
60,43.717691,3,2,3,0,4,6982.07,6982.07,42.79999999999999,2327.3566666666666,3491.035,1745.5175,6,0.0914961405441106,0.0005728960036207,True,0.002846169677952074,False
61,6.790525,3,1,1,0,4,6982.07,6982.07,42.79999999999999,2327.3566666666666,6982.07,3491.035,4,0.5890560744566878,0.0005728960036207,True,0.003423881072215896,False
62,265.448735,8,3,3,0,9,6982.07,6982.07,42.8,872.75875,2327.3566666666666,1745.5175,11,0.0339048517221225,0.0012890160081465,True,0.004359012209319205,False
63,22.319508,4,2,2,0,5,6982.07,6982.07,42.8,1745.5175,3491.035,2327.3566666666666,6,0.2240192749768498,0.0007161200045258,True,0.0011406030612191433,False
64,748.851908,6,3,4,0,7,6982.07,6982.07,42.79999999999999,1163.6783333333333,2327.3566666666666,1396.414,10,0.0093476426049247,0.0010025680063362,True,0.019118828559047008,False
65,112.199848,3,1,1,0,4,6982.07,6982.07,42.79999999999999,2327.3566666666666,6982.07,3491.035,4,0.0356506721827288,0.0005728960036207,True,0.004256263350852782,False
66,1.0,1,1,1,0,2,6982.07,6982.07,42.8,6982.07,6982.07,3491.035,2,2.0,0.0002864480018103,True,0.0004470827423434602,False
67,146.514484,4,3,3,0,5,6982.07,6982.07,42.8,1745.5175,2327.3566666666666,1745.5175,7,0.0341263188696074,0.0007161200045258,True,0.010489772452385932,False
68,1.0,1,1,0,0,1,6982.07,6982.07,42.8,6982.07,6982.07,6982.07,1,1.0,0.0001432240009051,True,0.0005355166599744558,False
70,488.517435,8,1,0,0,8,6982.07,6982.07,42.8,872.75875,6982.07,6982.07,8,0.0163760787780276,0.0011457920072414,True,0.02560608406624965,False
39,6.911374,6,2,2,1,8,6982.07,6982.07,42.79999999999999,1163.6783333333333,3491.035,2327.3566666666666,9,1.1575122399684925,0.0011457920072414,True,0.0038571375757242396,False
40,1715.608492,35,4,8,0,36,6982.07,6982.07,42.8,199.48771428571428,1745.5175,775.7855555555556,43,0.0209838084667163,0.0051560640325863,True,0.05387303083893491,False
41,1.0,3,2,2,1,5,6982.07,6982.07,42.79999999999999,2327.3566666666666,3491.035,2327.3566666666666,6,5.0,0.0007161200045258,True,0.0019624949747143417,False
42,1.0,1,1,1,1,3,6982.07,6982.07,42.8,6982.07,6982.07,3491.035,3,3.0,0.0004296720027155,True,0.0011665495128092597,False
43,2348.119522,23,6,8,0,24,6982.07,6982.07,42.8,303.5682608695652,1163.6783333333333,775.7855555555556,31,0.0102209447922642,0.0034373760217242,True,0.15845044079613427,False
44,1760.202533,14,6,8,0,15,6982.07,6982.07,42.8,498.7192857142857,1163.6783333333333,775.7855555555556,22,0.0085217466278921,0.0021483600135776,True,0.10774300549424225,False
75,317.374383,3,2,1,0,4,6982.07,6982.07,42.79999999999999,2327.3566666666666,3491.035,3491.035,4,0.0126034116622449,0.0005728960036207,True,0.007222945788317973,False
76,1.0,1,1,0,0,1,6982.07,6982.07,42.8,6982.07,6982.07,6982.07,1,1.0,0.0001432240009051,True,0.0005355187794550065,False
77,1109.614066,7,3,4,2,8,6982.07,6982.07,42.8,997.4385714285714,2327.3566666666666,1396.414,13,0.0072097139403061,0.0011457920072414,True,0.0380630560224965,False
78,2260.44683,9,3,3,0,10,6982.07,6982.07,42.8,775.7855555555556,2327.3566666666666,1745.5175,12,0.0044239041004118,0.0014322400090517,True,0.2856098866508886,False
80,73.349988,4,3,4,1,6,6982.07,6982.07,42.8,1745.5175,2327.3566666666666,1396.414,9,0.0817996043843933,0.000859344005431,True,0.013645633415660703,False
81,207.429685,16,2,3,0,17,6982.07,6982.07,42.8,436.379375,3491.035,1745.5175,19,0.0819554828905033,0.0024348080153879,True,0.03665882703804731,False
82,69.813045,4,2,2,0,5,6982.07,6982.07,42.8,1745.5175,3491.035,2327.3566666666666,6,0.0716198527080433,0.0007161200045258,True,0.0006244598857683129,False
83,73.295929,2,1,1,0,3,6982.07,6982.07,42.8,3491.035,6982.07,3491.035,3,0.0409299676111616,0.0004296720027155,True,0.002018037738353106,False
84,1.0,1,1,1,0,2,6982.07,6982.07,42.8,6982.07,6982.07,3491.035,2,2.0,0.0002864480018103,True,0.0004470827423434602,False
85,665.432265,7,3,3,0,8,6982.07,6982.07,42.8,997.4385714285714,2327.3566666666666,1745.5175,10,0.0120222604475002,0.0011457920072414,True,0.010484811716364287,False
86,47.559676,3,2,3,0,4,6982.07,6982.07,42.79999999999999,2327.3566666666666,3491.035,1745.5175,6,0.0841048622787085,0.0005728960036207,True,0.0028074313033439055,False
55,925.115684,7,5,6,2,9,6982.07,6982.07,42.8,997.4385714285714,1396.414,997.4385714285714,15,0.0097285130450777,0.0012890160081465,True,0.05034551264491733,False
56,139.681278,7,2,2,0,8,6982.07,6982.07,42.8,997.4385714285714,3491.035,2327.3566666666666,9,0.057273244593309,0.0011457920072414,True,0.0016119312118169761,False
57,73.550893,2,1,1,0,3,6982.07,6982.07,42.8,3491.035,6982.07,3491.035,3,0.0407880839733652,0.0004296720027155,True,0.0020217678898149026,False
58,1.0,1,1,1,0,2,6982.07,6982.07,42.8,6982.07,6982.07,3491.035,2,2.0,0.0002864480018103,True,0.0004470827423434602,False
59,3.604349,2,2,2,2,4,6982.07,6982.07,42.8,3491.035,3491.035,2327.3566666666666,6,1.1097704467575142,0.0005728960036207,True,0.0032146590098184645,False
91,1.0,1,1,1,0,2,6982.07,6982.07,42.8,6982.07,6982.07,3491.035,2,2.0,0.0002864480018103,True,0.0004470827423434602,False
92,1.0,1,1,1,0,2,6982.07,6982.07,42.8,6982.07,6982.07,3491.035,2,2.0,0.0002864480018103,True,0.0004470827423434602,False
93,7.325255,3,3,2,1,5,6982.07,6982.07,42.79999999999999,2327.3566666666666,2327.3566666666666,2327.3566666666666,6,0.6825700948294633,0.0007161200045258,True,0.013286925729115816,False
94,120.350102,4,2,3,1,6,6982.07,6982.07,42.8,1745.5175,3491.035,1745.5175,8,0.0498545485237727,0.000859344005431,True,0.0018197743174361034,False
95,1.0,1,1,1,1,3,6982.07,6982.07,42.8,6982.07,6982.07,3491.035,3,3.0,0.0004296720027155,True,0.0011665495128092597,False
96,45.373265,3,2,3,1,5,6982.07,6982.07,42.79999999999999,2327.3566666666666,3491.035,1745.5175,7,0.1101970510607953,0.0007161200045258,True,0.0030500536237366644,False
97,138.213076,2,1,1,0,3,6982.07,6982.07,42.8,3491.035,6982.07,3491.035,3,0.0217056163340145,0.0004296720027155,True,0.003285563049355859,False
98,127.628506,6,1,1,1,8,6982.07,6982.07,42.79999999999999,1163.6783333333333,6982.07,3491.035,8,0.0626819215450191,0.0011457920072414,True,0.009666210086170763,False
99,154.140181,14,2,2,1,16,6982.07,6982.07,42.8,498.7192857142857,3491.035,2327.3566666666666,17,0.1038016167893302,0.0022915840144828,True,0.03134129290740058,False
100,17.571242,2,1,1,1,4,6982.07,6982.07,42.8,3491.035,6982.07,3491.035,4,0.2276446935282093,0.0005728960036207,True,0.002486030457847913,False
101,1.499143,2,1,1,0,3,6982.07,6982.07,42.8,3491.035,6982.07,3491.035,3,2.0011433198834268,0.0004296720027155,True,0.0013825258645454007,False
102,314.281855,4,1,0,0,4,6982.07,6982.07,42.8,1745.5175,6982.07,6982.07,4,0.0127274290143158,0.0005728960036207,True,0.015927358194340692,False
71,654.450273,6,3,5,0,7,6982.07,6982.07,42.79999999999999,1163.6783333333333,2327.3566666666666,1163.6783333333333,11,0.0106959998166277,0.0010025680063362,True,0.017598599135443087,False
72,4.506744,2,1,1,0,3,6982.07,6982.07,42.8,3491.035,6982.07,3491.035,3,0.6656690506494267,0.0004296720027155,True,0.0013904809970629128,False
73,143.799859,5,1,1,1,7,6982.07,6982.07,42.8,1396.414,6982.07,3491.035,7,0.0486787681759827,0.0010025680063362,True,0.00813910618840703,False
74,1.0,1,1,1,1,3,6982.07,6982.07,42.8,6982.07,6982.07,3491.035,3,3.0,0.0004296720027155,True,0.0011665495128092597,False
106,1.0,1,1,1,0,2,6982.07,6982.07,42.8,6982.07,6982.07,3491.035,2,2.0,0.0002864480018103,True,0.0004470827423434602,False
107,56.88496,4,3,4,0,5,6982.07,6982.07,42.8,1745.5175,2327.3566666666666,1396.414,8,0.0878966953655236,0.0007161200045258,True,0.014815545703138774,False
108,1.0,1,1,0,0,1,6982.07,6982.07,42.8,6982.07,6982.07,6982.07,1,1.0,0.0001432240009051,True,0.0005355187794550065,False
109,108.509824,7,3,3,2,9,6982.07,6982.07,42.8,997.4385714285714,2327.3566666666666,1745.5175,12,0.082941798891868,0.0012890160081465,True,0.008630346298529549,False
110,1.0,1,1,1,1,3,6982.07,6982.07,42.8,6982.07,6982.07,3491.035,3,3.0,0.0004296720027155,True,0.0011665495128092597,False
111,1.0,1,1,1,1,3,6982.07,6982.07,42.8,6982.07,6982.07,3491.035,3,3.0,0.0004296720027155,True,0.0011665495128092597,False
112,4.075917,3,2,2,1,5,6982.07,6982.07,42.79999999999999,2327.3566666666666,3491.035,2327.3566666666666,6,1.2267178158927183,0.0007161200045258,True,0.0019051882595949724,False
114,18.123737,2,1,0,0,2,6982.07,6982.07,42.8,3491.035,6982.07,6982.07,2,0.1103525172540299,0.0002864480018103,True,0.0038969460210512936,False
115,42.231543,3,2,2,0,4,6982.07,6982.07,42.79999999999999,2327.3566666666666,3491.035,2327.3566666666666,5,0.0947159330645342,0.0005728960036207,True,0.0014442290000241042,False
116,1.0,1,1,1,0,2,6982.07,6982.07,42.8,6982.07,6982.07,3491.035,2,2.0,0.0002864480018103,True,0.0004470827423434602,False
117,13.756247,5,2,2,0,6,6982.07,6982.07,42.8,1396.414,3491.035,2327.3566666666666,7,0.436165474493152,0.000859344005431,True,0.0015884188966463705,False
118,4.472018,2,1,1,0,3,6982.07,6982.07,42.8,3491.035,6982.07,3491.035,3,0.6708380869665551,0.0004296720027155,True,0.0013903832167104374,False
87,1.0,1,1,0,1,2,6982.07,6982.07,42.8,6982.07,6982.07,6982.07,2,2.0,0.0002864480018103,True,0.0006677251370128494,False
88,1.0,1,1,1,1,3,6982.07,6982.07,42.8,6982.07,6982.07,3491.035,3,3.0,0.0004296720027155,True,0.0011665495128092597,False
89,11.081974,3,2,2,1,5,6982.07,6982.07,42.79999999999999,2327.3566666666666,3491.035,2327.3566666666666,6,0.4511831556363514,0.0007161200045258,True,0.0017800077798198807,False
90,1.805403,3,1,1,0,4,6982.07,6982.07,42.79999999999999,2327.3566666666666,6982.07,3491.035,4,2.215571814160052,0.0005728960036207,True,0.0034314608865921264,False
122,467.066593,4,3,3,1,6,6982.07,6982.07,42.8,1745.5175,2327.3566666666666,1745.5175,8,0.0128461339130713,0.000859344005431,True,0.011136559870934143,False
123,111.649389,5,3,4,0,6,6982.07,6982.07,42.8,1396.414,2327.3566666666666,1396.414,9,0.0537396581722449,0.000859344005431,True,0.01150667753508285,False
125,1101.320658,10,5,4,2,12,6982.07,6982.07,42.8,698.207,1396.414,1396.414,16,0.0108960091802799,0.0017186880108621,True,0.04274182033326016,False
126,883.611504,14,4,4,1,16,6982.07,6982.07,42.8,498.7192857142857,1745.5175,1396.414,19,0.0181075053092563,0.0022915840144828,True,0.008314353038539167,False
127,29.202042,3,2,3,1,5,6982.07,6982.07,42.79999999999999,2327.3566666666666,3491.035,1745.5175,7,0.1712209029765795,0.0007161200045258,True,0.0033268938020307942,False
128,1.0,1,1,1,0,2,6982.07,6982.07,42.8,6982.07,6982.07,3491.035,2,2.0,0.0002864480018103,True,0.0004470827423434602,False
130,1.0,1,1,1,0,2,6982.07,6982.07,42.8,6982.07,6982.07,3491.035,2,2.0,0.0002864480018103,True,0.0004470827423434602,False
131,84.675681,6,3,4,0,7,6982.07,6982.07,42.79999999999999,1163.6783333333333,2327.3566666666666,1396.414,10,0.0826683637773164,0.0010025680063362,True,0.011364546321564835,False
132,1.0,2,1,1,1,3,6982.07,6982.07,42.8,3491.035,6982.07,3491.035,4,3.0,0.0004296720027155,True,0.0016819550032038352,False
133,428.298953,16,8,11,1,17,6982.07,6982.07,42.8,436.379375,872.75875,581.8391666666666,28,0.0396919018384805,0.0024348080153879,True,0.21165961942477618,False
134,33.858254,19,6,7,0,20,6982.07,6982.07,42.8,367.47736842105263,1163.6783333333333,872.75875,26,0.5906979137199455,0.0028644800181035,True,0.17675070802010104,False
103,430.235704,7,3,4,0,8,6982.07,6982.07,42.8,997.4385714285714,2327.3566666666666,1396.414,11,0.018594458631913,0.0011457920072414,True,0.006002189595861377,False
104,828.869081,4,2,2,0,5,6982.07,6982.07,42.8,1745.5175,3491.035,2327.3566666666666,6,0.0060323157355172,0.0007161200045258,True,0.03498882018872602,False
105,1.0,1,1,1,0,2,6982.07,6982.07,42.8,6982.07,6982.07,3491.035,2,2.0,0.0002864480018103,True,0.0004470827423434602,False
137,8.17778,3,2,2,1,5,6982.07,6982.07,42.79999999999999,2327.3566666666666,3491.035,2327.3566666666666,6,0.6114128773334572,0.0007161200045258,True,0.0018310011512626154,False
138,470.969392,19,6,10,7,21,6982.07,6982.07,42.8,367.47736842105263,1163.6783333333333,634.7336363636364,36,0.0445888848759836,0.0030077040190086,True,0.10145320080023433,False
139,261.393918,8,3,3,0,9,6982.07,6982.07,42.8,872.75875,2327.3566666666666,1745.5175,11,0.0344307934509784,0.0012890160081465,True,0.004427789974203926,False
140,1.0,2,1,1,0,3,6982.07,6982.07,42.8,3491.035,6982.07,3491.035,3,3.0,0.0004296720027155,True,0.0013813565988317498,False
141,560.510217,10,2,3,3,12,6982.07,6982.07,42.8,698.207,3491.035,1745.5175,16,0.0214090655906812,0.0017186880108621,True,0.008981425323604658,False
143,32.887703,2,1,1,0,3,6982.07,6982.07,42.8,3491.035,6982.07,3491.035,3,0.0912195053573671,0.0004296720027155,True,0.001550898864103986,False
144,1.0,1,1,1,0,2,6982.07,6982.07,42.8,6982.07,6982.07,3491.035,2,2.0,0.0002864480018103,True,0.0004470827423434602,False
145,403.152716,7,2,1,0,8,6982.07,6982.07,42.8,997.4385714285714,3491.035,3491.035,8,0.0198435969361049,0.0011457920072414,True,0.0052585377445287925,False
146,337.430951,12,2,1,0,13,6982.07,6982.07,42.79999999999999,581.8391666666666,3491.035,3491.035,13,0.0385264006205524,0.0018619120117672,True,0.012938416472690928,False
147,1.0,1,1,1,0,2,6982.07,6982.07,42.8,6982.07,6982.07,3491.035,2,2.0,0.0002864480018103,True,0.0004470827423434602,False
149,1.0,1,1,1,0,2,6982.07,6982.07,42.8,6982.07,6982.07,3491.035,2,2.0,0.0002864480018103,True,0.0004470827423434602,False
150,991.397244,19,5,8,3,21,6982.07,6982.07,42.8,367.47736842105263,1396.414,775.7855555555556,30,0.0211822255176654,0.0030077040190086,True,0.016545595406305937,False
119,16.913609,8,1,1,0,9,6982.07,6982.07,42.8,872.75875,6982.07,3491.035,9,0.5321158837241655,0.0012890160081465,True,0.016337010867377568,False
120,3963.527614,47,2,2,0,48,6982.07,6982.07,42.8,148.55468085106384,3491.035,2327.3566666666666,49,0.012110424014823,0.0068747520434484,True,1.085435123183857,True
153,45.955478,4,4,4,0,5,6982.07,6982.07,42.8,1745.5175,1745.5175,1396.414,8,0.108800957309159,0.0007161200045258,True,0.03921817107858697,False
154,1516.803623,29,10,14,7,31,6982.07,6982.07,42.8,240.76103448275865,698.207,465.4713333333333,50,0.0204377148959381,0.0044399440280604,True,0.09817114865407207,False
155,1104.708175,14,4,8,4,16,6982.07,6982.07,42.8,498.7192857142857,1745.5175,775.7855555555556,26,0.0144834630195436,0.0022915840144828,True,0.018423071782483955,False
156,639.042695,17,5,12,3,19,6982.07,6982.07,42.8,410.71,1396.414,537.0823076923077,32,0.0297319727596604,0.0027212560171983,True,0.0794939090744937,False
159,1400.590283,16,2,2,0,17,6982.07,6982.07,42.8,436.379375,3491.035,2327.3566666666666,18,0.0121377394990823,0.0024348080153879,True,0.06721923666566156,False
160,136.474774,7,1,1,0,8,6982.07,6982.07,42.8,997.4385714285714,6982.07,3491.035,8,0.0586188917228029,0.0011457920072414,True,0.011211623726844406,False
161,916.508626,33,5,13,2,35,6982.07,6982.07,42.8,211.5778787878788,1396.414,498.7192857142857,48,0.0381884021678591,0.0050128400316811,True,0.056605076021409864,False
162,500.48712,10,4,3,2,12,6982.07,6982.07,42.8,698.207,1745.5175,1745.5175,15,0.0239766409972748,0.0017186880108621,True,0.013021145085197248,False
163,10.072585,10,2,5,0,11,6982.07,6982.07,42.8,698.207,3491.035,1163.6783333333333,15,1.0920731867738025,0.0015754640099569,True,0.024172611421676763,False
164,2564.421877,18,6,8,0,19,6982.07,6982.07,42.8,387.8927777777778,1163.6783333333333,775.7855555555556,26,0.0074090773325593,0.0027212560171983,True,0.2622956324927173,False
165,1.0,3,2,2,2,5,6982.07,6982.07,42.79999999999999,2327.3566666666666,3491.035,2327.3566666666666,7,5.0,0.0007161200045258,True,0.002515211010967939,False
166,15.611211,3,2,2,0,4,6982.07,6982.07,42.79999999999999,2327.3566666666666,3491.035,2327.3566666666666,5,0.2562261185246935,0.0005728960036207,True,0.0016802432399065676,False
135,5.786642,2,1,1,0,3,6982.07,6982.07,42.8,3491.035,6982.07,3491.035,3,0.5184353896439421,0.0004296720027155,True,0.0013943320043007283,False
136,51.095377,10,2,2,0,11,6982.07,6982.07,42.8,698.207,3491.035,2327.3566666666666,12,0.2152836645084349,0.0015754640099569,True,0.012608414128919092,False
168,25.51314,3,2,2,0,4,6982.07,6982.07,42.79999999999999,2327.3566666666666,3491.035,2327.3566666666666,5,0.1567819562782158,0.0005728960036207,True,0.0015799343203973697,False
169,1.0,1,1,1,0,2,6982.07,6982.07,42.8,6982.07,6982.07,3491.035,2,2.0,0.0002864480018103,True,0.0004470827423434602,False
170,1.0,1,1,1,0,2,6982.07,6982.07,42.8,6982.07,6982.07,3491.035,2,2.0,0.0002864480018103,True,0.0004470827423434602,False
171,1.0,2,1,1,0,3,6982.07,6982.07,42.8,3491.035,6982.07,3491.035,3,3.0,0.0004296720027155,True,0.0013813565988317498,False
172,6.759539,3,1,1,0,4,6982.07,6982.07,42.79999999999999,2327.3566666666666,6982.07,3491.035,4,0.591756331311943,0.0005728960036207,True,0.003423919741633464,False
174,109.275468,2,2,2,0,3,6982.07,6982.07,42.8,3491.035,3491.035,2327.3566666666666,4,0.027453554351284,0.0004296720027155,True,0.0028796069089017723,False
175,91.046238,2,1,0,0,2,6982.07,6982.07,42.8,3491.035,6982.07,6982.07,2,0.0219668603989985,0.0002864480018103,True,0.005281489554770173,False
176,2900.19973,33,6,11,5,35,6982.07,6982.07,42.8,211.5778787878788,1163.6783333333333,581.8391666666666,49,0.0120681343556983,0.0050128400316811,True,0.23236523860673677,False
177,53.44248,4,2,3,4,6,6982.07,6982.07,42.8,1745.5175,3491.035,1745.5175,11,0.1122702389559765,0.000859344005431,True,0.006232745174042161,False
178,716.276698,3,2,2,1,5,6982.07,6982.07,42.79999999999999,2327.3566666666666,3491.035,2327.3566666666666,6,0.0069805425947278,0.0007161200045258,True,0.025804635380235065,False
179,130.289121,4,2,3,3,6,6982.07,6982.07,42.8,1745.5175,3491.035,1745.5175,10,0.0460514274250111,0.000859344005431,True,0.003398224327967302,False
180,1.0,2,1,0,2,3,6982.07,6982.07,42.8,3491.035,6982.07,6982.07,4,3.0,0.0004296720027155,True,0.003686399475046219,False
181,4.112404,4,1,1,1,6,6982.07,6982.07,42.8,1745.5175,6982.07,3491.035,6,1.4590006234795998,0.000859344005431,True,0.007278652293124831,False
182,682.650494,5,2,3,4,7,6982.07,6982.07,42.8,1396.414,3491.035,1745.5175,12,0.0102541491752,0.0010025680063362,True,0.017877064422942898,False
151,208.560965,28,1,1,0,29,6982.07,6982.07,42.8,249.3596428571429,6982.07,3491.035,29,0.1390480716274016,0.00415349602625,True,0.18042809330984724,False
152,207.519119,2,2,2,0,3,6982.07,6982.07,42.8,3491.035,3491.035,2327.3566666666666,4,0.0144564993069385,0.0004296720027155,True,0.004143622435895596,False
184,809.391053,9,1,0,4,10,6982.07,6982.07,42.8,775.7855555555556,6982.07,6982.07,13,0.012354967308985,0.0014322400090517,True,0.047062566492280945,False
185,1110.769583,17,4,5,7,19,6982.07,6982.07,42.8,410.71,1745.5175,1163.6783333333333,29,0.0171052577337274,0.0027212560171983,True,0.007163915595313229,False
186,189.09573,3,2,2,2,5,6982.07,6982.07,42.79999999999999,2327.3566666666666,3491.035,2327.3566666666666,7,0.0264416335577752,0.0007161200045258,True,0.0012065597964690774,False
187,1.0,1,1,1,1,3,6982.07,6982.07,42.8,6982.07,6982.07,3491.035,3,3.0,0.0004296720027155,True,0.0011665495128092597,False
188,63.348061,5,2,2,4,7,6982.07,6982.07,42.8,1396.414,3491.035,2327.3566666666666,11,0.1105006197427258,0.0010025680063362,True,0.0037156415401621737,False
189,286.616147,2,1,0,2,3,6982.07,6982.07,42.8,3491.035,6982.07,6982.07,4,0.0104669608861918,0.0004296720027155,True,0.01065206757496939,False
190,1.0,2,1,0,0,2,6982.07,6982.07,42.8,3491.035,6982.07,6982.07,2,2.0,0.0002864480018103,True,0.003688427454212357,False
191,777.795559,35,8,19,12,37,6982.07,6982.07,42.8,199.48771428571428,872.75875,349.1035,66,0.047570341038679,0.0052992880334915,True,0.15162989363114518,False
192,163.662587,3,1,1,1,4,6982.07,6982.07,42.79999999999999,2327.3566666666666,6982.07,3491.035,5,0.0244405277548252,0.0005728960036207,True,0.005465389121820561,False
193,1.0,1,1,1,1,3,6982.07,6982.07,42.8,6982.07,6982.07,3491.035,3,3.0,0.0004296720027155,True,0.0011665495128092597,False
194,108.478083,5,2,2,4,7,6982.07,6982.07,42.8,1396.414,3491.035,2327.3566666666666,11,0.0645291639233705,0.0010025680063362,True,0.0030538318645331563,False
195,36.229408,5,2,2,2,7,6982.07,6982.07,42.8,1396.414,3491.035,2327.3566666666666,9,0.1932132040357932,0.0010025680063362,True,0.0026544169097735128,False
196,850.015394,56,27,41,16,58,6982.07,6982.07,42.8,124.67982142857144,258.5951851851852,166.2397619047619,113,0.0682340583587125,0.0083069920525001,True,2.0282474828271178,True
197,971.820992,18,2,3,7,20,6982.07,6982.07,42.8,387.8927777777778,3491.035,1745.5175,28,0.0205799217804918,0.0028644800181035,True,0.025096313012089012,False
198,12.345739,4,2,1,3,6,6982.07,6982.07,42.8,1745.5175,3491.035,3491.035,8,0.4859976385374743,0.000859344005431,True,0.003917852908196492,False
167,223.010275,4,2,2,4,6,6982.07,6982.07,42.8,1745.5175,3491.035,2327.3566666666666,10,0.026904589934253,0.000859344005431,True,0.0023649321268211184,False
200,1.0,3,2,1,3,5,6982.07,6982.07,42.79999999999999,2327.3566666666666,3491.035,3491.035,7,5.0,0.0007161200045258,True,0.003282706601698476,False
201,2177.023224,71,14,28,4,73,6982.07,6982.07,42.8,98.33901408450704,498.7192857142857,240.76103448275865,103,0.0335320262986776,0.0104553520660778,True,0.04243241823306455,False
202,1.0,1,1,1,0,2,6982.07,6982.07,42.8,6982.07,6982.07,3491.035,2,2.0,0.0002864480018103,True,0.0004470827423434602,False
203,211.83976,10,3,3,0,11,6982.07,6982.07,42.8,698.207,2327.3566666666666,1745.5175,13,0.0519260407017077,0.0015754640099569,True,0.00747813271539326,False
204,51.624413,7,3,4,0,8,6982.07,6982.07,42.8,997.4385714285714,2327.3566666666666,1396.414,11,0.154965442415781,0.0011457920072414,True,0.013041498218579917,False
205,1.0,2,1,1,1,3,6982.07,6982.07,42.8,3491.035,6982.07,3491.035,4,3.0,0.0004296720027155,True,0.0016819542939767672,False
206,439.588938,5,2,1,5,7,6982.07,6982.07,42.8,1396.414,3491.035,3491.035,11,0.0159239675862817,0.0010025680063362,True,0.0082066768867589,False
207,1.0,1,1,1,0,2,6982.07,6982.07,42.8,6982.07,6982.07,3491.035,2,2.0,0.0002864480018103,True,0.0004470827423434602,False
208,218.219263,12,3,4,2,14,6982.07,6982.07,42.79999999999999,581.8391666666666,2327.3566666666666,1396.414,18,0.0641556561393024,0.0020051360126724,True,0.01933004157801322,False
209,82.818879,12,4,8,6,14,6982.07,6982.07,42.79999999999999,581.8391666666666,1745.5175,775.7855555555556,26,0.1690435824421144,0.0020051360126724,True,0.07713500338425024,False
210,296.224819,7,4,5,2,9,6982.07,6982.07,42.8,997.4385714285714,1745.5175,1163.6783333333333,14,0.0303823293077951,0.0012890160081465,True,0.025133467437740514,False
211,69.365992,5,3,4,0,6,6982.07,6982.07,42.8,1396.414,2327.3566666666666,1396.414,9,0.0864977177865487,0.000859344005431,True,0.01269420841988669,False
212,1.0,2,1,1,0,3,6982.07,6982.07,42.8,3491.035,6982.07,3491.035,3,3.0,0.0004296720027155,True,0.0013813565988317498,False
213,2052.374722,27,8,13,15,29,6982.07,6982.07,42.8,258.5951851851852,872.75875,498.7192857142857,55,0.0141299732885718,0.00415349602625,True,0.06618397011485605,False
214,1.0,3,1,0,0,3,6982.07,6982.07,42.79999999999999,2327.3566666666666,6982.07,6982.07,3,3.0,0.0004296720027155,True,0.005721157856761868,False
183,19.17823,5,1,0,3,6,6982.07,6982.07,42.8,1396.414,6982.07,6982.07,8,0.3128547316410325,0.000859344005431,True,0.010852297928696495,False
216,911.992996,36,4,10,9,38,6982.07,6982.07,42.8,193.9463888888889,1745.5175,634.7336363636364,55,0.0416669866618142,0.0054425120343966,True,0.08620840934190319,False
217,1976.713064,10,2,5,8,12,6982.07,6982.07,42.8,698.207,3491.035,1163.6783333333333,23,0.0060706838127114,0.0017186880108621,True,0.1703507448768479,False
218,32.529854,9,4,5,9,11,6982.07,6982.07,42.8,775.7855555555556,1745.5175,1163.6783333333333,23,0.3381509182303738,0.0015754640099569,True,0.050424372189855474,False
219,1583.492197,10,3,5,4,12,6982.07,6982.07,42.8,698.207,2327.3566666666666,1163.6783333333333,19,0.0075781870114261,0.0017186880108621,True,0.07653115976052892,False
220,2.767991,3,2,3,0,4,6982.07,6982.07,42.79999999999999,2327.3566666666666,3491.035,1745.5175,6,1.445091403837657,0.0005728960036207,True,0.0033977524779188538,False
221,1.0,1,1,1,0,2,6982.07,6982.07,42.8,6982.07,6982.07,3491.035,2,2.0,0.0002864480018103,True,0.0004470827423434602,False
222,1.0,2,1,0,0,2,6982.07,6982.07,42.8,3491.035,6982.07,6982.07,2,2.0,0.0002864480018103,True,0.003688427454212357,False
223,429.859522,3,3,3,2,5,6982.07,6982.07,42.79999999999999,2327.3566666666666,2327.3566666666666,1745.5175,8,0.0116317069742612,0.0007161200045258,True,0.013186047869530097,False
224,232.900195,4,2,3,0,5,6982.07,6982.07,42.8,1745.5175,3491.035,1745.5175,7,0.0214684234163049,0.0007161200045258,True,0.0019474506410644512,False
225,5.453967,4,1,1,0,5,6982.07,6982.07,42.8,1745.5175,6982.07,3491.035,5,0.9167638894771458,0.0007161200045258,True,0.0054757558228438665,False
226,8.522759,4,2,2,0,5,6982.07,6982.07,42.8,1745.5175,3491.035,2327.3566666666666,6,0.5866644827103523,0.0007161200045258,True,0.0013544847087570667,False
227,2288.581418,49,10,31,4,51,6982.07,6982.07,42.8,142.4912244897959,698.207,218.1896875,84,0.0222845469245175,0.0073044240461639,True,0.1146922723239229,False
228,1.0,1,1,1,0,2,6982.07,6982.07,42.8,6982.07,6982.07,3491.035,2,2.0,0.0002864480018103,True,0.0004470827423434602,False
229,1.0,2,1,1,1,3,6982.07,6982.07,42.8,3491.035,6982.07,3491.035,4,3.0,0.0004296720027155,True,0.0016819542939767672,False
230,4125.79451,27,5,15,13,29,6982.07,6982.07,42.8,258.5951851851852,1396.414,436.379375,55,0.0070289491950484,0.00415349602625,True,0.8682649452314317,True
199,1.0,2,1,1,1,3,6982.07,6982.07,42.8,3491.035,6982.07,3491.035,4,3.0,0.0004296720027155,True,0.0016819550032038352,False
232,1.0,1,1,0,0,1,6982.07,6982.07,42.8,6982.07,6982.07,6982.07,1,1.0,0.0001432240009051,True,0.0005355187794550065,False
233,1.493689,3,2,3,2,5,6982.07,6982.07,42.79999999999999,2327.3566666666666,3491.035,1745.5175,8,3.3474170325951387,0.0007161200045258,True,0.004674617030348058,False
234,19.54055,5,3,3,0,6,6982.07,6982.07,42.8,1396.414,2327.3566666666666,1745.5175,8,0.3070537932657985,0.000859344005431,True,0.011575116971434622,False
235,389.372785,8,5,5,0,9,6982.07,6982.07,42.8,872.75875,1396.414,1163.6783333333333,13,0.0231140961739275,0.0012890160081465,True,0.047693668769563415,False
236,255.699987,6,1,1,0,7,6982.07,6982.07,42.79999999999999,1163.6783333333333,6982.07,3491.035,7,0.027375832443824,0.0010025680063362,True,0.010460004756046332,False
237,29.116105,3,1,0,0,3,6982.07,6982.07,42.79999999999999,2327.3566666666666,6982.07,6982.07,3,0.1030357597625094,0.0004296720027155,True,0.0060264543699255395,False
238,4111.404483,72,2,2,0,73,6982.07,6982.07,42.8,96.97319444444445,3491.035,2327.3566666666666,74,0.0177554897120541,0.0104553520660778,True,1.4743985807147033,True
239,1132.845649,19,1,0,0,19,6982.07,6982.07,42.8,367.47736842105263,6982.07,6982.07,19,0.0167719230036077,0.0027212560171983,True,0.07881720406547525,False
240,2398.39136,47,6,9,2,49,6982.07,6982.07,42.8,148.55468085106384,1163.6783333333333,698.207,58,0.0204303604562684,0.0070179760443536,True,0.13478188979326683,False
241,502.576034,10,3,3,2,12,6982.07,6982.07,42.8,698.207,2327.3566666666666,1745.5175,15,0.0238769841540036,0.0017186880108621,True,0.003317466308895287,False
242,274.840135,12,3,6,2,14,6982.07,6982.07,42.79999999999999,581.8391666666666,2327.3566666666666,997.4385714285714,20,0.0509387029663626,0.0020051360126724,True,0.025440060231909756,False
243,295.525386,6,2,3,0,7,6982.07,6982.07,42.79999999999999,1163.6783333333333,3491.035,1745.5175,9,0.0236866283967902,0.0010025680063362,True,0.001100718556338124,False
244,255.399976,4,2,2,0,5,6982.07,6982.07,42.8,1745.5175,3491.035,2327.3566666666666,6,0.0195771357472641,0.0007161200045258,True,0.0018786506037175483,False
245,416.92681,6,2,2,0,7,6982.07,6982.07,42.79999999999999,1163.6783333333333,3491.035,2327.3566666666666,8,0.0167895175654451,0.0010025680063362,True,0.0037834034301333372,False
246,62.942539,2,1,1,0,3,6982.07,6982.07,42.8,3491.035,6982.07,3491.035,3,0.0476625196196804,0.0004296720027155,True,0.001874816099042616,False
215,367.345835,6,3,6,6,8,6982.07,6982.07,42.79999999999999,1163.6783333333333,2327.3566666666666,997.4385714285714,18,0.0217778432141472,0.0011457920072414,True,0.021177036159126476,False
247,272.359351,8,1,1,0,9,6982.07,6982.07,42.8,872.75875,6982.07,3491.035,9,0.0330445786676881,0.0012890160081465,True,0.014528857228130703,False
249,1.0,1,1,1,1,3,6982.07,6982.07,42.8,6982.07,6982.07,3491.035,3,3.0,0.0004296720027155,True,0.0011665495128092597,False
250,4.01333,3,2,2,0,4,6982.07,6982.07,42.79999999999999,2327.3566666666666,3491.035,2327.3566666666666,5,0.9966785686699076,0.0005728960036207,True,0.0018165877654151568,False
251,853.022725,3,3,3,2,5,6982.07,6982.07,42.79999999999999,2327.3566666666666,2327.3566666666666,1745.5175,8,0.0058615085547691,0.0007161200045258,True,0.03620749159404076,False
252,1.0,1,1,0,0,1,6982.07,6982.07,42.8,6982.07,6982.07,6982.07,1,1.0,0.0001432240009051,True,0.0005355187794550065,False
253,8495.669987,69,6,14,6,71,6982.07,6982.07,42.8,101.18942028985506,1163.6783333333333,465.4713333333333,89,0.0083571984444597,0.0101689040642674,True,5.0267588369168115,True
254,462.764617,6,2,3,4,8,6982.07,6982.07,42.79999999999999,1163.6783333333333,3491.035,1745.5175,13,0.0172874063965007,0.0011457920072414,True,0.006016799080301936,False
255,1.0,3,2,1,2,5,6982.07,6982.07,42.79999999999999,2327.3566666666666,3491.035,3491.035,6,5.0,0.0007161200045258,True,0.002670083780202419,False
257,492.887827,5,3,3,3,7,6982.07,6982.07,42.8,1396.414,2327.3566666666666,1745.5175,11,0.0142020143662424,0.0010025680063362,True,0.00839109108104085,False
258,1.0,1,1,1,1,3,6982.07,6982.07,42.8,6982.07,6982.07,3491.035,3,3.0,0.0004296720027155,True,0.0011665495128092597,False
259,1.0,1,1,0,0,1,6982.07,6982.07,42.8,6982.07,6982.07,6982.07,1,1.0,0.0001432240009051,True,0.0005355187794550065,False
260,123.608982,3,1,1,3,5,6982.07,6982.07,42.79999999999999,2327.3566666666666,6982.07,3491.035,7,0.040450134926279,0.0007161200045258,True,0.007044553894521621,False
261,412.804687,4,3,2,2,6,6982.07,6982.07,42.8,1745.5175,2327.3566666666666,2327.3566666666666,8,0.0145347186913117,0.000859344005431,True,0.009376724080496283,False
262,1.0,3,2,2,2,5,6982.07,6982.07,42.79999999999999,2327.3566666666666,3491.035,2327.3566666666666,7,5.0,0.0007161200045258,True,0.002515211010967939,False
231,1403.240421,20,3,2,1,22,6982.07,6982.07,42.8,349.1035,2327.3566666666666,2327.3566666666666,23,0.0156779976337354,0.0031509280199138,True,0.05284609262126735,False
263,694.932098,7,2,4,6,9,6982.07,6982.07,42.8,997.4385714285714,3491.035,1396.414,17,0.0129509056005641,0.0012890160081465,True,0.015681968633869923,False
264,78.179514,4,2,2,4,6,6982.07,6982.07,42.8,1745.5175,3491.035,2327.3566666666666,10,0.076746447924964,0.000859344005431,True,0.003492960091255577,False
265,1.0,3,2,2,2,5,6982.07,6982.07,42.79999999999999,2327.3566666666666,3491.035,2327.3566666666666,7,5.0,0.0007161200045258,True,0.002515211010967939,False
266,338.137928,5,3,4,3,7,6982.07,6982.07,42.8,1396.414,2327.3566666666666,1396.414,12,0.0207016114441914,0.0010025680063362,True,0.008636124631969529,False
267,1.017977,3,2,1,3,5,6982.07,6982.07,42.79999999999999,2327.3566666666666,3491.035,3491.035,7,4.911702327262797,0.0007161200045258,True,0.003282352469880742,False
268,100.24882,5,2,3,3,7,6982.07,6982.07,42.8,1396.414,3491.035,1745.5175,11,0.0698262583040877,0.0010025680063362,True,0.0034911568367210926,False
269,1.0,1,1,1,0,2,6982.07,6982.07,42.8,6982.07,6982.07,3491.035,2,2.0,0.0002864480018103,True,0.0004470827423434602,False
270,1.0,2,1,1,2,4,6982.07,6982.07,42.8,3491.035,6982.07,3491.035,5,4.0,0.0005728960036207,True,0.0033612076943101503,False
271,82.315539,5,2,2,2,7,6982.07,6982.07,42.8,1396.414,3491.035,2327.3566666666666,9,0.0850386219301801,0.0010025680063362,True,0.0018839557103389301,False
273,244.48642,27,2,2,1,29,6982.07,6982.07,42.8,258.5951851851852,3491.035,2327.3566666666666,30,0.1186159951133482,0.00415349602625,True,0.14425845134983692,False
274,1.0,1,1,0,0,1,6982.07,6982.07,42.8,6982.07,6982.07,6982.07,1,1.0,0.0001432240009051,True,0.0005355187794550065,False
275,1.0,1,1,0,0,1,6982.07,6982.07,42.8,6982.07,6982.07,6982.07,1,1.0,0.0001432240009051,True,0.0005355187794550065,False
276,165.254795,7,2,2,4,9,6982.07,6982.07,42.8,997.4385714285714,3491.035,2327.3566666666666,13,0.0544613546614487,0.0012890160081465,True,0.003160525133734135,False
277,275.815837,17,2,3,1,19,6982.07,6982.07,42.8,410.71,3491.035,1745.5175,21,0.0688865447563114,0.0027212560171983,True,0.042090744069898996,False
278,201.28129,5,2,2,2,7,6982.07,6982.07,42.8,1396.414,3491.035,2327.3566666666666,9,0.0347772015968299,0.0010025680063362,True,0.0011348972739802625,False
308,2915.721937,41,13,19,10,43,6982.07,6982.07,42.8,170.29439024390243,537.0823076923077,349.1035,70,0.0147476340093811,0.0061586320389225,True,0.21613848488738213,False
309,10.615342,9,2,4,4,11,6982.07,6982.07,42.8,775.7855555555556,3491.035,1396.414,17,1.0362360440200609,0.0015754640099569,True,0.019174956073171066,False
279,443.113316,8,3,3,0,9,6982.07,6982.07,42.8,872.75875,2327.3566666666666,1745.5175,11,0.0203108317331632,0.0012890160081465,True,0.003320635420775084,False
280,161.351814,6,2,1,4,7,6982.07,6982.07,42.79999999999999,1163.6783333333333,3491.035,3491.035,11,0.0433834601946278,0.0010025680063362,True,0.0028645486501334095,False
281,1.0,2,1,1,1,3,6982.07,6982.07,42.8,3491.035,6982.07,3491.035,4,3.0,0.0004296720027155,True,0.0016819542939767672,False
282,3883.693777,53,8,16,12,55,6982.07,6982.07,42.79999999999999,131.73716981132074,872.75875,410.71,81,0.0141617756594819,0.0078773200497846,True,0.44003754323314054,True
283,1.0,1,1,1,0,2,6982.07,6982.07,42.8,6982.07,6982.07,3491.035,2,2.0,0.0002864480018103,True,0.0004470827423434602,False
284,21.452128,3,2,2,2,5,6982.07,6982.07,42.79999999999999,2327.3566666666666,3491.035,2327.3566666666666,7,0.2330771101123394,0.0007161200045258,True,0.0021136402158218478,False
285,128.001423,4,1,1,1,6,6982.07,6982.07,42.8,1745.5175,6982.07,3491.035,6,0.0468744788876292,0.000859344005431,True,0.007180817808176891,False
286,886.305761,34,8,15,11,36,6982.07,6982.07,42.8,205.355,872.75875,436.379375,60,0.0406180367815526,0.0051560640325863,True,0.08967068493084689,False
287,149.574829,5,1,0,0,5,6982.07,6982.07,42.8,1396.414,6982.07,6982.07,5,0.0334280843469993,0.0007161200045258,True,0.010317416064008742,False
288,138.944168,31,6,9,0,32,6982.07,6982.07,42.8,225.22806451612905,1163.6783333333333,698.207,40,0.2303083350716814,0.0045831680289656,True,0.19963129569139265,False
290,1159.217917,12,2,1,0,13,6982.07,6982.07,42.79999999999999,581.8391666666666,3491.035,3491.035,13,0.0112144574452777,0.0018619120117672,True,0.04609828532882915,False
292,1.0,3,2,2,2,5,6982.07,6982.07,42.79999999999999,2327.3566666666666,3491.035,2327.3566666666666,7,5.0,0.0007161200045258,True,0.002515211010967939,False
293,1.0,1,1,1,1,3,6982.07,6982.07,42.8,6982.07,6982.07,3491.035,3,3.0,0.0004296720027155,True,0.0011665495128092597,False
294,332.198892,4,2,1,3,6,6982.07,6982.07,42.8,1745.5175,3491.035,3491.035,8,0.0180614690310285,0.000859344005431,True,0.004414824741440005,False
321,13.807162,2,1,1,0,3,6982.07,6982.07,42.8,3491.035,6982.07,3491.035,3,0.2172785399345644,0.0004296720027155,True,0.0014248435793731682,False
322,26.08942,4,2,2,0,5,6982.07,6982.07,42.8,1745.5175,3491.035,2327.3566666666666,6,0.1916485686535001,0.0007161200045258,True,0.0010871681363092169,False
323,5.499605,2,2,2,0,3,6982.07,6982.07,42.8,3491.035,3491.035,2327.3566666666666,4,0.54549372182184,0.0004296720027155,True,0.003129771069051128,False
324,161.202983,8,2,2,2,9,6982.07,6982.07,42.8,872.75875,3491.035,2327.3566666666666,12,0.0558302323723128,0.0012890160081465,True,0.003294526355583712,False
325,2546.768225,84,25,48,6,86,6982.07,6982.07,42.8,83.11988095238095,279.2828,142.4912244897959,138,0.0337682868648166,0.0123172640778451,True,0.6418622267200631,True
326,1203.320106,17,6,13,2,19,6982.07,6982.07,42.8,410.71,1163.6783333333333,498.7192857142857,32,0.015789647247862,0.0027212560171983,True,0.06634706669044266,False
296,804.007443,3,2,2,1,4,6982.07,6982.07,42.79999999999999,2327.3566666666666,3491.035,2327.3566666666666,6,0.0049750783215075,0.0005728960036207,True,0.03543778783090231,False
297,1.0,1,1,1,1,3,6982.07,6982.07,42.8,6982.07,6982.07,3491.035,3,3.0,0.0004296720027155,True,0.0011665495128092597,False
298,80.272301,17,5,8,0,18,6982.07,6982.07,42.8,410.71,1396.414,775.7855555555556,25,0.2242367513546173,0.0025780320162931,True,0.1169384354400115,False
299,5391.297767,126,24,60,20,128,6982.07,6982.07,42.8,55.41325396825397,290.9195833333333,114.46016393442622,206,0.0237419644641935,0.0183326721158624,True,0.1247183453655089,False
300,1.0,3,2,2,3,5,6982.07,6982.07,42.79999999999999,2327.3566666666666,3491.035,2327.3566666666666,8,5.0,0.0007161200045258,True,0.003357698479479954,False
301,1.0,1,1,1,1,3,6982.07,6982.07,42.8,6982.07,6982.07,3491.035,3,3.0,0.0004296720027155,True,0.0011665495128092597,False
304,2472.637169,58,6,8,8,60,6982.07,6982.07,42.8,120.38051724137932,1163.6783333333333,775.7855555555556,74,0.0242655900963688,0.0085934400543105,True,0.24825889306090182,False
305,1.0,1,1,1,0,2,6982.07,6982.07,42.8,6982.07,6982.07,3491.035,2,2.0,0.0002864480018103,True,0.0004470827423434602,False
306,2241.635786,31,5,10,12,33,6982.07,6982.07,42.8,225.22806451612905,1396.414,634.7336363636364,53,0.0147213923894771,0.0047263920298707,True,0.08665348667206593,False
307,1.0,1,1,1,1,3,6982.07,6982.07,42.8,6982.07,6982.07,3491.035,3,3.0,0.0004296720027155,True,0.0011665495128092597,False
337,1.0,1,1,0,0,1,6982.07,6982.07,42.8,6982.07,6982.07,6982.07,1,1.0,0.0001432240009051,True,0.0005355187794550065,False
338,2450.787453,76,18,44,15,78,6982.07,6982.07,42.8,91.86934210526316,387.8927777777778,155.1571111111111,135,0.0318265053562766,0.0111714720706037,True,0.23109945624662873,False
339,4067.785733,211,13,32,30,213,6982.07,6982.07,42.8,33.09037914691943,537.0823076923077,211.5778787878788,273,0.0523626400161721,0.0305067121928024,True,4.423039495461839,True
340,31.494589,2,1,1,0,3,6982.07,6982.07,42.8,3491.035,6982.07,3491.035,3,0.0952544578371859,0.0004296720027155,True,0.0015391984197086722,False
341,12.413188,2,2,2,1,4,6982.07,6982.07,42.8,3491.035,3491.035,2327.3566666666666,5,0.3222379295310761,0.0005728960036207,True,0.002682460751434524,False
342,843.618633,48,4,5,4,50,6982.07,6982.07,42.79999999999999,145.45979166666666,1745.5175,1163.6783333333333,57,0.0592684870202481,0.0071612000452587,True,0.24631699585835348,False
311,489.808977,4,3,2,2,6,6982.07,6982.07,42.8,1745.5175,2327.3566666666666,2327.3566666666666,8,0.0122496734068636,0.000859344005431,True,0.011500789082244892,False
312,381.729627,5,3,3,3,7,6982.07,6982.07,42.8,1396.414,2327.3566666666666,1745.5175,11,0.0183375863566387,0.0010025680063362,True,0.006447663556905722,False
313,830.560504,20,6,8,9,22,6982.07,6982.07,42.8,349.1035,1163.6783333333333,775.7855555555556,37,0.0264881364982411,0.0031509280199138,True,0.0409936647194619,False
314,771.947315,5,2,3,3,7,6982.07,6982.07,42.8,1396.414,3491.035,1745.5175,11,0.0090679763553552,0.0010025680063362,True,0.023643546763411,False
315,31.744917,7,2,2,2,9,6982.07,6982.07,42.8,997.4385714285714,3491.035,2327.3566666666666,11,0.2835099553103257,0.0012890160081465,True,0.0056045445981905825,False
316,59.633803,4,3,3,0,5,6982.07,6982.07,42.8,1745.5175,2327.3566666666666,1745.5175,7,0.0838450635120486,0.0007161200045258,True,0.01195515392840056,False
317,11.738035,3,2,2,0,4,6982.07,6982.07,42.79999999999999,2327.3566666666666,3491.035,2327.3566666666666,5,0.3407725398671924,0.0005728960036207,True,0.0017235120869312206,False
319,11.34698,4,2,1,2,6,6982.07,6982.07,42.8,1745.5175,3491.035,3491.035,7,0.5287750573280291,0.000859344005431,True,0.0031486095742865984,False
320,1.0,2,1,1,0,3,6982.07,6982.07,42.8,3491.035,6982.07,3491.035,3,3.0,0.0004296720027155,True,0.0013813565988317498,False
655,1.0,1,1,1,0,2,6982.07,6982.07,42.8,6982.07,6982.07,3491.035,2,2.0,0.0002864480018103,True,0.0004470827423434602,False
656,319.496849,5,2,1,0,6,6982.07,6982.07,42.8,1396.414,3491.035,3491.035,6,0.0187795279320579,0.000859344005431,True,0.004359002279843446,False
657,81.330253,4,1,1,0,5,6982.07,6982.07,42.8,1745.5175,6982.07,3491.035,5,0.0614777381794201,0.0007161200045258,True,0.005396059752762518,False
658,765.922334,8,3,7,2,10,6982.07,6982.07,42.8,872.75875,2327.3566666666666,872.75875,17,0.0130561540721438,0.0014322400090517,True,0.027245546294807743,False
659,2.5328,3,1,1,0,4,6982.07,6982.07,42.79999999999999,2327.3566666666666,6982.07,3491.035,4,1.5792798483891346,0.0005728960036207,True,0.0034300943084168483,False
660,17.230254,5,2,2,2,7,6982.07,6982.07,42.8,1396.414,3491.035,2327.3566666666666,9,0.4062621479636922,0.0010025680063362,True,0.003070037434567594,False
661,1.0,1,1,0,0,1,6982.07,6982.07,42.8,6982.07,6982.07,6982.07,1,1.0,0.0001432240009051,True,0.0005355187794550065,False
662,5.463986,4,1,0,0,4,6982.07,6982.07,42.8,1745.5175,6982.07,6982.07,4,0.732066297388024,0.0005728960036207,True,0.007229334303118817,False
328,148.400593,5,2,2,4,7,6982.07,6982.07,42.8,1396.414,3491.035,2327.3566666666666,11,0.0471696228329761,0.0010025680063362,True,0.0027374685667058466,False
256,876.620603,5,1,1,2,6,6982.07,6982.07,42.8,1396.414,6982.07,3491.035,8,0.0068444661002337,0.000859344005431,True,0.053593670556743064,False
330,22.683676,4,3,3,0,5,6982.07,6982.07,42.8,1745.5175,2327.3566666666666,1745.5175,7,0.2204228274112185,0.0007161200045258,True,0.012924382956050284,False
331,1.0,1,1,1,0,2,6982.07,6982.07,42.8,6982.07,6982.07,3491.035,2,2.0,0.0002864480018103,True,0.0004470827423434602,False
332,1.0,1,1,0,0,1,6982.07,6982.07,42.8,6982.07,6982.07,6982.07,1,1.0,0.0001432240009051,True,0.0005355187794550065,False
334,354.408821,8,3,4,6,10,6982.07,6982.07,42.8,872.75875,2327.3566666666666,1396.414,18,0.0282160019939232,0.0014322400090517,True,0.007043909829529314,False
335,641.688365,27,8,14,2,29,6982.07,6982.07,42.8,258.5951851851852,872.75875,465.4713333333333,43,0.0451932769577332,0.00415349602625,True,0.140759221439524,False
336,1.0,1,1,1,0,2,6982.07,6982.07,42.8,6982.07,6982.07,3491.035,2,2.0,0.0002864480018103,True,0.0004470827423434602,False
351,1549.93043,21,6,7,3,23,6982.07,6982.07,42.8,332.4795238095238,1163.6783333333333,872.75875,31,0.0148393757260446,0.003294152020819,True,0.03327131750062375,False
352,1010.477819,8,2,2,0,9,6982.07,6982.07,42.8,872.75875,3491.035,2327.3566666666666,10,0.0089066774458311,0.0012890160081465,True,0.03980569204033765,False
353,3706.105199,46,7,14,4,48,6982.07,6982.07,42.8,151.7841304347826,997.4385714285714,465.4713333333333,64,0.0129516021328675,0.0068747520434484,True,0.4457019098926028,True
354,604.389088,9,5,7,2,11,6982.07,6982.07,42.8,775.7855555555556,1396.414,872.75875,18,0.0182001962285593,0.0015754640099569,True,0.04640479549333993,False
355,1.0,3,2,2,2,5,6982.07,6982.07,42.79999999999999,2327.3566666666666,3491.035,2327.3566666666666,7,5.0,0.0007161200045258,True,0.002515211010967939,False
356,3527.175451,39,12,22,8,41,6982.07,6982.07,42.8,179.02743589743588,581.8391666666666,303.5682608695652,69,0.011624031911533,0.0058721840371122,True,0.3713038938197809,True
357,150.235338,6,3,5,2,8,6982.07,6982.07,42.79999999999999,1163.6783333333333,2327.3566666666666,1163.6783333333333,13,0.0532497886748855,0.0011457920072414,True,0.01478023216276492,False
358,1.0,1,1,0,0,1,6982.07,6982.07,42.8,6982.07,6982.07,6982.07,1,1.0,0.0001432240009051,True,0.0005355187794550065,False
647,962.095261,24,11,17,6,26,6982.07,6982.07,42.79999999999999,290.9195833333333,634.7336363636364,387.8927777777778,47,0.0270243509701686,0.0037238240235345,True,0.26533999823609794,False
648,12.066714,2,2,2,0,3,6982.07,6982.07,42.8,3491.035,3491.035,2327.3566666666666,4,0.2486178092892564,0.0004296720027155,True,0.003065663824682488,False
649,1.0,1,1,1,0,2,6982.07,6982.07,42.8,6982.07,6982.07,3491.035,2,2.0,0.0002864480018103,True,0.0004470827423434602,False
650,1215.430493,9,4,6,0,10,6982.07,6982.07,42.8,775.7855555555556,1745.5175,997.4385714285714,15,0.0082275375330738,0.0014322400090517,True,0.04275878464565185,False
651,867.971857,2,1,0,0,2,6982.07,6982.07,42.8,3491.035,6982.07,6982.07,2,0.002304222174798,0.0002864480018103,True,0.06763679955760415,False
652,544.568941,2,1,0,0,2,6982.07,6982.07,42.8,3491.035,6982.07,6982.07,2,0.0036726295780427,0.0002864480018103,True,0.031947058450101866,False
653,1.0,1,1,0,0,1,6982.07,6982.07,42.8,6982.07,6982.07,6982.07,1,1.0,0.0001432240009051,True,0.0005355187794550065,False
654,1.0,1,1,0,0,1,6982.07,6982.07,42.8,6982.07,6982.07,6982.07,1,1.0,0.0001432240009051,True,0.0005355187794550065,False
365,5040.67021,25,3,9,6,27,6982.07,6982.07,42.8,279.2828,2327.3566666666666,698.207,40,0.0053564305687834,0.0038670480244397,True,1.7362392671874762,True
366,1584.656296,103,4,6,6,105,6982.07,6982.07,42.8,67.78708737864078,1745.5175,997.4385714285714,115,0.066260425219678,0.0150385200950434,True,1.6072292868699765,True
2,8.465632,3,1,1,1,5,6982.07,6982.07,42.79999999999999,2327.3566666666666,6982.07,3491.035,5,0.5906233580670646,0.0007161200045258,True,0.004651918472606336,False
3,31.031382,3,2,3,0,4,6982.07,6982.07,42.79999999999999,2327.3566666666666,3491.035,1745.5175,6,0.1289017678941917,0.0005728960036207,True,0.002989937804290616,False
369,297.456893,3,2,2,1,5,6982.07,6982.07,42.79999999999999,2327.3566666666666,3491.035,2327.3566666666666,6,0.0168091582937363,0.0007161200045258,True,0.0030166033607323495,False
370,164.386759,8,5,5,2,9,6982.07,6982.07,42.8,872.75875,1396.414,1163.6783333333333,15,0.0547489351012753,0.0012890160081465,True,0.05929519561676478,False
372,3607.916876,135,8,22,14,137,6982.07,6982.07,42.8,51.71903703703703,872.75875,303.5682608695652,171,0.0379720499968636,0.019621688124009,True,1.7091171654333288,True
4,123.994814,5,1,1,0,6,6982.07,6982.07,42.8,1396.414,6982.07,3491.035,6,0.0483891205320893,0.000859344005431,True,0.006966832627231416,False
374,1069.830986,21,7,11,5,23,6982.07,6982.07,42.8,332.4795238095238,997.4385714285714,581.8391666666666,37,0.0214987229767899,0.003294152020819,True,0.0544965244903357,False
343,1.0,1,1,1,0,2,6982.07,6982.07,42.8,6982.07,6982.07,3491.035,2,2.0,0.0002864480018103,True,0.0004470827423434602,False
344,13.11044,5,2,2,0,6,6982.07,6982.07,42.8,1396.414,3491.035,2327.3566666666666,7,0.457650544146497,0.000859344005431,True,0.001602223918862104,False
345,1.0,1,1,1,0,2,6982.07,6982.07,42.8,6982.07,6982.07,3491.035,2,2.0,0.0002864480018103,True,0.0004470827423434602,False
346,149.86615,6,3,5,0,7,6982.07,6982.07,42.79999999999999,1163.6783333333333,2327.3566666666666,1163.6783333333333,11,0.0467083460808194,0.0010025680063362,True,0.014102691078951212,False
347,290.64397,9,2,2,2,11,6982.07,6982.07,42.8,775.7855555555556,3491.035,2327.3566666666666,13,0.0378469919744077,0.0015754640099569,True,0.004206726383152419,False
349,1093.463136,24,6,13,6,26,6982.07,6982.07,42.79999999999999,290.9195833333333,1163.6783333333333,498.7192857142857,43,0.0237776648741087,0.0037238240235345,True,0.03590992442011361,False
5,1.0,1,1,0,0,1,6982.07,6982.07,42.8,6982.07,6982.07,6982.07,1,1.0,0.0001432240009051,True,0.0005355187794550065,False
379,1.223651,2,1,0,0,2,6982.07,6982.07,42.8,3491.035,6982.07,6982.07,2,1.6344529608524,0.0002864480018103,True,0.0036908615080438537,False
380,3.555119,3,2,3,0,4,6982.07,6982.07,42.79999999999999,2327.3566666666666,3491.035,1745.5175,6,1.1251381458679723,0.0005728960036207,True,0.00338476160856449,False
381,313.290137,2,1,0,1,3,6982.07,6982.07,42.8,3491.035,6982.07,6982.07,3,0.0095757882093811,0.0004296720027155,True,0.012271364369298396,False
382,325.348604,23,6,15,3,25,6982.07,6982.07,42.8,303.5682608695652,1163.6783333333333,436.379375,41,0.0768406555080838,0.0035806000226293,True,0.1864911445371593,False
383,1557.732242,89,14,41,18,91,6982.07,6982.07,42.8,78.45022471910112,498.7192857142857,166.2397619047619,148,0.0584182554269811,0.0130333840823709,True,0.4330050383079148,True
678,1.0,1,1,0,0,1,6982.07,6982.07,42.8,6982.07,6982.07,6982.07,1,1.0,0.0001432240009051,True,0.0005355187794550065,False
386,586.69271,12,2,3,2,14,6982.07,6982.07,42.79999999999999,581.8391666666666,3491.035,1745.5175,17,0.023862577055031,0.0020051360126724,True,0.014122707185630648,False
387,497.946409,6,5,6,0,7,6982.07,6982.07,42.79999999999999,1163.6783333333333,1396.414,997.4385714285714,12,0.0140577376871895,0.0010025680063362,True,0.05968913808145423,False
389,1.0,2,1,1,1,4,6982.07,6982.07,42.8,3491.035,6982.07,3491.035,4,4.0,0.0005728960036207,True,0.0024999245357955583,False
390,5070.007897,94,17,42,18,96,6982.07,6982.07,42.8,74.27734042553192,410.71,162.37372093023257,154,0.0189348817497512,0.0137495040868968,True,0.31090733380848506,False
359,1.0,1,1,0,0,1,6982.07,6982.07,42.8,6982.07,6982.07,6982.07,1,1.0,0.0001432240009051,True,0.0005355187794550065,False
360,3253.771802,105,19,60,40,107,6982.07,6982.07,42.8,66.49590476190475,367.47736842105263,114.46016393442622,205,0.0328849121915157,0.0153249680968537,True,0.4180064782488094,True
361,1.0,2,1,1,0,3,6982.07,6982.07,42.8,3491.035,6982.07,3491.035,3,3.0,0.0004296720027155,True,0.0013813565988317498,False
362,1.0,1,1,1,0,2,6982.07,6982.07,42.8,6982.07,6982.07,3491.035,2,2.0,0.0002864480018103,True,0.0004470827423434602,False
363,2220.77937,31,13,19,8,33,6982.07,6982.07,42.8,225.22806451612905,537.0823076923077,349.1035,58,0.0148596481243429,0.0047263920298707,True,0.25681579295999657,False
364,216.586069,7,3,3,2,9,6982.07,6982.07,42.8,997.4385714285714,2327.3566666666666,1745.5175,12,0.0415539191488811,0.0012890160081465,True,0.00532321895829001,False
393,3081.523304,65,9,20,16,67,6982.07,6982.07,42.8,107.41646153846152,775.7855555555556,332.4795238095238,101,0.0217424933678191,0.0095960080606467,True,0.1331592281544392,False
394,1188.090423,7,3,5,5,9,6982.07,6982.07,42.8,997.4385714285714,2327.3566666666666,1163.6783333333333,17,0.0075751810011854,0.0012890160081465,True,0.039974043418436064,False
395,1.217058,2,1,0,0,2,6982.07,6982.07,42.8,3491.035,6982.07,6982.07,2,1.6433070568534942,0.0002864480018103,True,0.003690784782838068,False
396,4156.699442,83,9,33,26,85,6982.07,6982.07,42.8,84.12132530120482,775.7855555555556,205.355,142,0.020448916546899,0.0121740400769399,True,0.4779465689272778,True
397,172.632248,16,6,9,1,18,6982.07,6982.07,42.8,436.379375,1163.6783333333333,698.207,26,0.1042678885812806,0.0025780320162931,True,0.1554510765676417,False
398,1.0,1,1,1,1,3,6982.07,6982.07,42.8,6982.07,6982.07,3491.035,3,3.0,0.0004296720027155,True,0.0011665495128092597,False
401,3872.862568,210,53,119,14,212,6982.07,6982.07,42.8,33.24795238095238,131.73716981132074,58.18391666666666,343,0.054739871678297,0.0303634881918972,True,3.465846431743999,True
402,12.896684,3,2,2,0,4,6982.07,6982.07,42.79999999999999,2327.3566666666666,3491.035,2327.3566666666666,5,0.3101572466224651,0.0005728960036207,True,0.0017103329658584253,False
403,26.548473,4,3,3,0,5,6982.07,6982.07,42.8,1745.5175,2327.3566666666666,1745.5175,7,0.1883347490456419,0.0007161200045258,True,0.012813343330404027,False
404,1074.20528,8,2,2,0,9,6982.07,6982.07,42.8,872.75875,3491.035,2327.3566666666666,10,0.0083782868764152,0.0012890160081465,True,0.04671238095502559,False
405,1284.208503,18,5,7,2,20,6982.07,6982.07,42.8,387.8927777777778,1396.414,872.75875,27,0.0155737950288279,0.0028644800181035,True,0.017419786696898754,False
677,1.0,1,1,0,0,1,6982.07,6982.07,42.8,6982.07,6982.07,6982.07,1,1.0,0.0001432240009051,True,0.0005355187794550065,False
375,1.0,1,1,1,0,2,6982.07,6982.07,42.8,6982.07,6982.07,3491.035,2,2.0,0.0002864480018103,True,0.0004470827423434602,False
376,2251.966893,21,4,8,2,23,6982.07,6982.07,42.8,332.4795238095238,1745.5175,775.7855555555556,31,0.0102132940193273,0.003294152020819,True,0.1442397276096378,False
377,1192.366333,9,2,2,4,11,6982.07,6982.07,42.8,775.7855555555556,3491.035,2327.3566666666666,15,0.0092253527255536,0.0015754640099569,True,0.04805074499831845,False
378,1.0,1,1,1,1,3,6982.07,6982.07,42.8,6982.07,6982.07,3491.035,3,3.0,0.0004296720027155,True,0.0011665495128092597,False
408,672.505414,8,5,5,5,10,6982.07,6982.07,42.8,872.75875,1396.414,1163.6783333333333,18,0.0148697687659061,0.0014322400090517,True,0.03863826988452603,False
409,149.61153,3,1,0,0,3,6982.07,6982.07,42.79999999999999,2327.3566666666666,6982.07,6982.07,3,0.0200519304895819,0.0004296720027155,True,0.008688981410682115,False
410,775.20572,5,2,2,0,6,6982.07,6982.07,42.8,1396.414,3491.035,2327.3566666666666,7,0.0077398809699185,0.000859344005431,True,0.02638148770014318,False
411,1.0,1,1,1,0,2,6982.07,6982.07,42.8,6982.07,6982.07,3491.035,2,2.0,0.0002864480018103,True,0.0004470827423434602,False
412,7.973668,4,2,2,2,6,6982.07,6982.07,42.8,1745.5175,3491.035,2327.3566666666666,8,0.7524767773125242,0.000859344005431,True,0.0028324116421073985,False
413,118.437105,2,1,0,0,2,6982.07,6982.07,42.8,3491.035,6982.07,6982.07,2,0.01688659985399,0.0002864480018103,True,0.0060093268166172475,False
414,1737.509954,40,4,5,2,42,6982.07,6982.07,42.8,174.55175,1745.5175,1163.6783333333333,47,0.02417252338803,0.0060154080380173,True,0.11242410093453388,False
415,782.74373,29,8,18,10,31,6982.07,6982.07,42.8,240.76103448275865,872.75875,367.47736842105263,57,0.0396042776350313,0.0044399440280604,True,0.14774082161309118,False
416,37.662114,16,4,12,2,18,6982.07,6982.07,42.8,436.379375,1745.5175,537.0823076923077,30,0.4779338727507436,0.0025780320162931,True,0.16997456584589443,False
417,20.623732,7,3,4,0,8,6982.07,6982.07,42.8,997.4385714285714,2327.3566666666666,1396.414,11,0.3879026356626434,0.0011457920072414,True,0.014602358624497097,False
418,892.846059,19,4,5,0,20,6982.07,6982.07,42.8,367.47736842105263,1745.5175,1163.6783333333333,24,0.02240027807526,0.0028644800181035,True,0.01571726076062807,False
419,478.442701,14,2,2,2,16,6982.07,6982.07,42.8,498.7192857142857,3491.035,2327.3566666666666,18,0.0334418311044523,0.0022915840144828,True,0.02092385772253475,False
420,1.0,2,1,0,0,2,6982.07,6982.07,42.8,3491.035,6982.07,6982.07,2,2.0,0.0002864480018103,True,0.003688427454212357,False
422,128.28922,4,3,2,1,6,6982.07,6982.07,42.8,1745.5175,2327.3566666666666,2327.3566666666666,7,0.0467693232525694,0.000859344005431,True,0.008708121481951065,False
391,361.556062,4,2,2,1,5,6982.07,6982.07,42.8,1745.5175,3491.035,2327.3566666666666,7,0.0138291140033492,0.0007161200045258,True,0.004322093507183563,False
392,201.332263,3,2,2,1,5,6982.07,6982.07,42.79999999999999,2327.3566666666666,3491.035,2327.3566666666666,6,0.024834569112254,0.0007161200045258,True,0.0012186039904834537,False
424,826.284725,41,8,16,2,43,6982.07,6982.07,42.8,170.29439024390243,872.75875,410.71,59,0.0520401729561199,0.0061586320389225,True,0.11297174032183364,False
425,308.133535,9,2,4,0,10,6982.07,6982.07,42.8,775.7855555555556,3491.035,1396.414,13,0.0324534621004494,0.0014322400090517,True,0.0050276467371128215,False
426,1.0,2,1,1,1,3,6982.07,6982.07,42.8,3491.035,6982.07,3491.035,4,3.0,0.0004296720027155,True,0.0016819550032038352,False
427,46.173305,7,3,3,5,9,6982.07,6982.07,42.8,997.4385714285714,2327.3566666666666,1745.5175,15,0.1949178210223418,0.0012890160081465,True,0.013372302126299241,False
428,3592.255854,46,8,14,6,48,6982.07,6982.07,42.8,151.7841304347826,872.75875,465.4713333333333,66,0.0133620771879463,0.0068747520434484,True,0.36802895806875274,True
429,1212.501276,20,3,4,4,22,6982.07,6982.07,42.8,349.1035,2327.3566666666666,1396.414,28,0.0181443108023582,0.0031509280199138,True,0.018116693169111308,False
430,869.051875,10,3,4,3,12,6982.07,6982.07,42.8,698.207,2327.3566666666666,1396.414,17,0.0138081515559701,0.0017186880108621,True,0.00959458433406932,False
431,3.817732,2,1,1,2,4,6982.07,6982.07,42.8,3491.035,6982.07,3491.035,5,1.0477424816618872,0.0005728960036207,True,0.0033493750891667308,False
432,102.908361,2,1,1,0,3,6982.07,6982.07,42.8,3491.035,6982.07,3491.035,3,0.0291521502319913,0.0004296720027155,True,0.0025171716957179367,False
433,895.636977,6,2,2,0,7,6982.07,6982.07,42.79999999999999,1163.6783333333333,3491.035,2327.3566666666666,8,0.0078156665923363,0.0010025680063362,True,0.034138762310214565,False
434,1.0,1,1,1,0,2,6982.07,6982.07,42.8,6982.07,6982.07,3491.035,2,2.0,0.0002864480018103,True,0.0004470827423434602,False
676,1.0,1,1,0,0,1,6982.07,6982.07,42.8,6982.07,6982.07,6982.07,1,1.0,0.0001432240009051,True,0.0005355187794550065,False
436,724.514273,36,6,21,6,38,6982.07,6982.07,42.8,193.9463888888889,1163.6783333333333,317.3668181818182,63,0.0524489322241412,0.0054425120343966,True,0.19119714725135104,False
437,1.0,2,1,1,1,3,6982.07,6982.07,42.8,3491.035,6982.07,3491.035,4,3.0,0.0004296720027155,True,0.0016819542939767672,False
438,89.070798,23,6,12,5,25,6982.07,6982.07,42.8,303.5682608695652,1163.6783333333333,537.0823076923077,40,0.2806756036922449,0.0035806000226293,True,0.2123881973928715,False
407,6964.515433,105,19,42,11,107,6982.07,6982.07,42.8,66.49590476190475,367.47736842105263,162.37372093023257,158,0.0153635957920347,0.0153249680968537,True,1.2339165343979315,True
469,2828.736332,40,8,15,13,42,6982.07,6982.07,42.8,174.55175,872.75875,436.379375,68,0.0148476192442809,0.0060154080380173,True,0.12927456648390137,False
470,595.069719,6,4,4,1,8,6982.07,6982.07,42.79999999999999,1163.6783333333333,1745.5175,1396.414,11,0.0134438028764827,0.0011457920072414,True,0.023240864203467198,False
439,1.0,2,1,1,0,3,6982.07,6982.07,42.8,3491.035,6982.07,3491.035,3,3.0,0.0004296720027155,True,0.0013813565988317498,False
440,1.0,3,2,2,0,4,6982.07,6982.07,42.79999999999999,2327.3566666666666,3491.035,2327.3566666666666,5,4.0,0.0005728960036207,True,0.0018553410877707368,False
675,1.0,1,1,1,1,3,6982.07,6982.07,42.8,6982.07,6982.07,3491.035,3,3.0,0.0004296720027155,True,0.0011665495128092597,False
442,20.881157,2,1,1,0,3,6982.07,6982.07,42.8,3491.035,6982.07,3491.035,3,0.1436701998840389,0.0004296720027155,True,0.0014608618373400564,False
443,689.888333,61,6,9,2,63,6982.07,6982.07,42.8,114.46016393442622,1163.6783333333333,698.207,72,0.0913191265694298,0.009023112057026,True,0.39568178461230735,True
445,450.134298,8,1,1,0,9,6982.07,6982.07,42.8,872.75875,6982.07,3491.035,9,0.0199940329807972,0.0012890160081465,True,0.019267268806139017,False
446,3135.438701,20,5,10,8,22,6982.07,6982.07,42.8,349.1035,1396.414,634.7336363636364,38,0.0070165619863604,0.0031509280199138,True,0.431043061807236,True
447,453.698623,4,1,1,1,6,6982.07,6982.07,42.8,1745.5175,6982.07,3491.035,6,0.0132246378891919,0.000859344005431,True,0.018580453606193887,False
448,424.697423,9,3,4,4,11,6982.07,6982.07,42.8,775.7855555555556,2327.3566666666666,1396.414,17,0.0259007929040341,0.0015754640099569,True,0.004926559116359141,False
449,1.0,2,1,1,0,3,6982.07,6982.07,42.8,3491.035,6982.07,3491.035,3,3.0,0.0004296720027155,True,0.0013813565988317498,False
450,1867.992504,54,15,30,14,56,6982.07,6982.07,42.8,129.2975925925926,465.4713333333333,225.22806451612905,98,0.0299787070237622,0.0080205440506898,True,0.18461000306098244,False
452,1149.8164,25,5,10,12,27,6982.07,6982.07,42.8,279.2828,1396.414,634.7336363636364,47,0.0234820098234813,0.0038670480244397,True,0.014063446590328368,False
454,164.883694,3,2,1,1,5,6982.07,6982.07,42.79999999999999,2327.3566666666666,3491.035,3491.035,5,0.0303244055170185,0.0007161200045258,True,0.0019007405041656024,False
423,1.0,1,1,1,1,3,6982.07,6982.07,42.8,6982.07,6982.07,3491.035,3,3.0,0.0004296720027155,True,0.0011665495128092597,False
483,390.831929,23,6,10,7,25,6982.07,6982.07,42.8,303.5682608695652,1163.6783333333333,634.7336363636364,40,0.0639661147029776,0.0035806000226293,True,0.1188195282902836,False
484,265.351445,4,1,1,0,5,6982.07,6982.07,42.8,1745.5175,6982.07,3491.035,5,0.0188429348858454,0.0007161200045258,True,0.009331524907483344,False
485,178.141863,16,3,5,5,18,6982.07,6982.07,42.8,436.379375,2327.3566666666666,1163.6783333333333,26,0.1010430658850806,0.0025780320162931,True,0.04789211754748387,False
455,1.0,3,2,2,2,5,6982.07,6982.07,42.79999999999999,2327.3566666666666,3491.035,2327.3566666666666,7,5.0,0.0007161200045258,True,0.002515211010967939,False
456,274.775099,5,2,2,0,6,6982.07,6982.07,42.8,1396.414,3491.035,2327.3566666666666,7,0.0218360398079594,0.000859344005431,True,0.001173761794227328,False
457,26.028307,2,2,2,1,4,6982.07,6982.07,42.8,3491.035,3491.035,2327.3566666666666,5,0.1536788389655923,0.0005728960036207,True,0.0024924400667030084,False
458,49.285504,19,6,12,5,21,6982.07,6982.07,42.8,367.47736842105263,1163.6783333333333,537.0823076923077,36,0.4260887745005103,0.0030077040190086,True,0.21815164031561912,False
674,575.535682,3,2,1,1,5,6982.07,6982.07,42.79999999999999,2327.3566666666666,3491.035,3491.035,5,0.008687558662957,0.0007161200045258,True,0.01795960906304123,False
460,1.0,1,1,0,0,1,6982.07,6982.07,42.8,6982.07,6982.07,6982.07,1,1.0,0.0001432240009051,True,0.0005355187794550065,False
461,1.0,2,1,1,1,3,6982.07,6982.07,42.8,3491.035,6982.07,3491.035,4,3.0,0.0004296720027155,True,0.0016819542939767672,False
462,49.847476,2,1,1,1,4,6982.07,6982.07,42.8,3491.035,6982.07,3491.035,4,0.0802447851120887,0.0005728960036207,True,0.0025781931841586865,False
463,261.922174,5,3,2,1,7,6982.07,6982.07,42.8,1396.414,2327.3566666666666,2327.3566666666666,8,0.0267254959482735,0.0010025680063362,True,0.006061263269157799,False
465,197.826397,9,2,3,3,11,6982.07,6982.07,42.8,775.7855555555556,3491.035,1745.5175,15,0.0556043084583904,0.0015754640099569,True,0.0067013539640357455,False
466,1.421804,2,1,1,0,3,6982.07,6982.07,42.8,3491.035,6982.07,3491.035,3,2.1099954705430566,0.0004296720027155,True,0.0013823454016607083,False
467,131.682559,29,4,17,2,31,6982.07,6982.07,42.8,240.76103448275865,1745.5175,387.8927777777778,48,0.2354146231316783,0.0044399440280604,True,0.2876041797425955,False
468,1.0,1,1,1,0,2,6982.07,6982.07,42.8,6982.07,6982.07,3491.035,2,2.0,0.0002864480018103,True,0.0004470827423434602,False
639,35.813195,10,5,5,4,12,6982.07,6982.07,42.8,698.207,1396.414,1163.6783333333333,19,0.335072031411886,0.0017186880108621,True,0.07401748544088257,False
640,118.421333,12,3,4,4,14,6982.07,6982.07,42.79999999999999,581.8391666666666,2327.3566666666666,1396.414,20,0.1182219423252058,0.0020051360126724,True,0.0276230558254118,False
641,1.0,2,2,2,1,4,6982.07,6982.07,42.8,3491.035,3491.035,2327.3566666666666,5,4.0,0.0005728960036207,True,0.002863354114139315,False
643,1.0,2,1,1,0,3,6982.07,6982.07,42.8,3491.035,6982.07,3491.035,3,3.0,0.0004296720027155,True,0.0013813565988317498,False
644,119.756826,3,1,1,0,4,6982.07,6982.07,42.79999999999999,2327.3566666666666,6982.07,3491.035,4,0.0334010188279372,0.0005728960036207,True,0.004388762482006237,False
645,1545.130534,40,11,21,12,42,6982.07,6982.07,42.8,174.55175,634.7336363636364,317.3668181818182,73,0.0271821694515811,0.0060154080380173,True,0.08796713700056744,False
671,1.0,1,1,1,0,2,6982.07,6982.07,42.8,6982.07,6982.07,3491.035,2,2.0,0.0002864480018103,True,0.0004470827423434602,False
471,845.811672,6,4,4,4,8,6982.07,6982.07,42.79999999999999,1163.6783333333333,1745.5175,1396.414,14,0.0094583703025559,0.0011457920072414,True,0.029531981340059278,False
474,1.0,1,1,1,0,2,6982.07,6982.07,42.8,6982.07,6982.07,3491.035,2,2.0,0.0002864480018103,True,0.0004470827423434602,False
475,83.723168,14,3,5,3,16,6982.07,6982.07,42.8,498.7192857142857,2327.3566666666666,1163.6783333333333,22,0.1911060030599893,0.0022915840144828,True,0.043545274710018504,False
476,207.522633,3,2,1,1,5,6982.07,6982.07,42.79999999999999,2327.3566666666666,3491.035,3491.035,5,0.024093757522824,0.0007161200045258,True,0.002450482894550035,False
477,632.4264,12,3,5,3,14,6982.07,6982.07,42.79999999999999,581.8391666666666,2327.3566666666666,1163.6783333333333,20,0.022136963289325,0.0020051360126724,True,0.00798482230191917,False
478,233.995861,3,2,2,3,5,6982.07,6982.07,42.79999999999999,2327.3566666666666,3491.035,2327.3566666666666,8,0.0213678993236551,0.0007161200045258,True,0.0019875174606777575,False
479,534.416082,12,6,7,3,14,6982.07,6982.07,42.79999999999999,581.8391666666666,1163.6783333333333,872.75875,22,0.0261968164348766,0.0020051360126724,True,0.08554493082951341,False
481,1.0,1,1,1,0,2,6982.07,6982.07,42.8,6982.07,6982.07,3491.035,2,2.0,0.0002864480018103,True,0.0004470827423434602,False
482,83.283107,8,3,4,3,10,6982.07,6982.07,42.8,872.75875,2327.3566666666666,1396.414,15,0.1200723695382786,0.0014322400090517,True,0.014225780240591126,False
495,3.752422,3,2,2,0,4,6982.07,6982.07,42.79999999999999,2327.3566666666666,3491.035,2327.3566666666666,5,1.0659781868883618,0.0005728960036207,True,0.0018198883781673845,False
496,94.401676,5,2,2,2,7,6982.07,6982.07,42.8,1396.414,3491.035,2327.3566666666666,9,0.0741512258744219,0.0010025680063362,True,0.001737616535471918,False
497,480.764592,5,2,2,2,7,6982.07,6982.07,42.8,1396.414,3491.035,2327.3566666666666,9,0.0145601404855538,0.0010025680063362,True,0.006725832792753891,False
498,8.627193,3,2,2,1,4,6982.07,6982.07,42.79999999999999,2327.3566666666666,3491.035,2327.3566666666666,6,0.4636502278319263,0.0005728960036207,True,0.001759025653428656,False
499,2581.685232,57,15,30,16,59,6982.07,6982.07,42.8,122.49245614035088,465.4713333333333,225.22806451612905,103,0.0228532894981521,0.0084502160534053,True,0.09844758055028911,False
500,57.74837,25,5,12,13,27,6982.07,6982.07,42.8,279.2828,1396.414,537.0823076923077,50,0.4675456640594357,0.0038670480244397,True,0.22681552281466466,False
501,206.268128,2,2,2,2,4,6982.07,6982.07,42.8,3491.035,3491.035,2327.3566666666666,6,0.0193922349457692,0.0005728960036207,True,0.0025434806569175562,False
502,1.0,1,1,1,0,2,6982.07,6982.07,42.8,6982.07,6982.07,3491.035,2,2.0,0.0002864480018103,True,0.0004470827423434602,False
617,111.930836,5,4,5,2,7,6982.07,6982.07,42.8,1396.414,1745.5175,1163.6783333333333,12,0.0625386198312679,0.0010025680063362,True,0.035748274504527444,False
632,933.261655,21,3,5,3,23,6982.07,6982.07,42.8,332.4795238095238,2327.3566666666666,1163.6783333333333,29,0.0246447498156345,0.003294152020819,True,0.013837320784996375,False
633,1.0,1,1,1,0,2,6982.07,6982.07,42.8,6982.07,6982.07,3491.035,2,2.0,0.0002864480018103,True,0.0004470827423434602,False
634,1.0,1,1,1,0,2,6982.07,6982.07,42.8,6982.07,6982.07,3491.035,2,2.0,0.0002864480018103,True,0.0004470827423434602,False
635,1.0,1,1,1,0,2,6982.07,6982.07,42.8,6982.07,6982.07,3491.035,2,2.0,0.0002864480018103,True,0.0004470827423434602,False
636,52.653517,3,2,2,0,4,6982.07,6982.07,42.79999999999999,2327.3566666666666,3491.035,2327.3566666666666,5,0.0759683346508458,0.0005728960036207,True,0.0013810236121936897,False
637,1007.436567,6,3,4,0,7,6982.07,6982.07,42.79999999999999,1163.6783333333333,2327.3566666666666,1396.414,10,0.006948328291125,0.0010025680063362,True,0.038972897851853996,False
638,206.175334,9,4,4,0,10,6982.07,6982.07,42.8,775.7855555555556,1745.5175,1396.414,13,0.0485024071793185,0.0014322400090517,True,0.02307579368627213,False
511,1.0,3,1,0,0,3,6982.07,6982.07,42.79999999999999,2327.3566666666666,6982.07,6982.07,3,3.0,0.0004296720027155,True,0.005721157856761868,False
512,7.697996,2,1,0,0,2,6982.07,6982.07,42.8,3491.035,6982.07,6982.07,2,0.2598078772709157,0.0002864480018103,True,0.0037647062151523617,False
513,1.0,1,1,1,0,2,6982.07,6982.07,42.8,6982.07,6982.07,3491.035,2,2.0,0.0002864480018103,True,0.0004470827423434602,False
514,275.895339,9,4,5,4,11,6982.07,6982.07,42.8,775.7855555555556,1745.5175,1163.6783333333333,18,0.039870191500408,0.0015754640099569,True,0.02586165159282642,False
515,87.161635,2,1,1,0,3,6982.07,6982.07,42.8,3491.035,6982.07,3491.035,3,0.0344188128182772,0.0004296720027155,True,0.0022352408887559095,False
516,1.64519,4,2,2,2,6,6982.07,6982.07,42.8,1745.5175,3491.035,2327.3566666666666,8,3.646995179888037,0.000859344005431,True,0.0029918872504390527,False
517,674.989222,6,2,2,0,7,6982.07,6982.07,42.79999999999999,1163.6783333333333,3491.035,2327.3566666666666,8,0.010370535960943,0.0010025680063362,True,0.01594434395968283,False
518,1.0,1,1,1,0,2,6982.07,6982.07,42.8,6982.07,6982.07,3491.035,2,2.0,0.0002864480018103,True,0.0004470827423434602,False
487,1.0,2,1,1,2,4,6982.07,6982.07,42.8,3491.035,6982.07,3491.035,5,4.0,0.0005728960036207,True,0.0033612076943101503,False
488,600.376497,16,3,6,5,18,6982.07,6982.07,42.8,436.379375,2327.3566666666666,997.4385714285714,27,0.0299811869550916,0.0025780320162931,True,0.01912282020324083,False
489,1.0,1,1,0,0,1,6982.07,6982.07,42.8,6982.07,6982.07,6982.07,1,1.0,0.0001432240009051,True,0.0005355187794550065,False
490,323.393778,4,1,1,1,6,6982.07,6982.07,42.8,1745.5175,6982.07,3491.035,6,0.0185532326475372,0.000859344005431,True,0.012094349018178768,False
491,1.0,1,1,1,0,2,6982.07,6982.07,42.8,6982.07,6982.07,3491.035,2,2.0,0.0002864480018103,True,0.0004470827423434602,False
29,1.0,1,1,1,0,2,6982.07,6982.07,42.8,6982.07,6982.07,3491.035,2,2.0,0.0002864480018103,True,0.0004470827423434602,False
493,160.351396,4,2,2,2,6,6982.07,6982.07,42.8,1745.5175,3491.035,2327.3566666666666,8,0.0374178220437819,0.000859344005431,True,0.0008212641597990019,False
494,1.0,1,1,1,1,3,6982.07,6982.07,42.8,6982.07,6982.07,3491.035,3,3.0,0.0004296720027155,True,0.0011665495128092597,False
527,1.0,2,1,1,1,4,6982.07,6982.07,42.8,3491.035,6982.07,3491.035,4,4.0,0.0005728960036207,True,0.0024999245357955583,False
528,1.0,2,1,1,2,4,6982.07,6982.07,42.8,3491.035,6982.07,3491.035,5,4.0,0.0005728960036207,True,0.003361202534829976,False
529,22.635698,3,1,1,1,5,6982.07,6982.07,42.79999999999999,2327.3566666666666,6982.07,3491.035,5,0.2208900295453667,0.0007161200045258,True,0.00462299542290724,False
530,1.0,1,1,1,0,2,6982.07,6982.07,42.8,6982.07,6982.07,3491.035,2,2.0,0.0002864480018103,True,0.0004470827423434602,False
531,1432.82331,31,2,4,3,33,6982.07,6982.07,42.8,225.22806451612905,3491.035,1396.414,38,0.0230314511005547,0.0047263920298707,True,0.10904999847428384,False
532,988.215665,24,8,9,8,26,6982.07,6982.07,42.79999999999999,290.9195833333333,872.75875,698.207,41,0.0263100464006508,0.0037238240235345,True,0.07674103176507661,False
533,756.589745,4,1,1,2,6,6982.07,6982.07,42.8,1745.5175,6982.07,3491.035,7,0.0079303216038171,0.000859344005431,True,0.042424046932067326,False
534,63.117754,14,4,7,2,16,6982.07,6982.07,42.8,498.7192857142857,1745.5175,872.75875,23,0.2534944446850881,0.0022915840144828,True,0.07154772045332267,False
503,63.579198,4,2,2,0,5,6982.07,6982.07,42.8,1745.5175,3491.035,2327.3566666666666,6,0.0786420740947377,0.0007161200045258,True,0.0006727580080459535,False
504,79.289314,7,2,3,2,9,6982.07,6982.07,42.8,997.4385714285714,3491.035,1745.5175,12,0.1135083600294486,0.0012890160081465,True,0.00492940064101395,False
505,1.0,1,1,0,1,2,6982.07,6982.07,42.8,6982.07,6982.07,6982.07,2,2.0,0.0002864480018103,True,0.0006677251370128494,False
506,34.499666,3,1,1,1,5,6982.07,6982.07,42.79999999999999,2327.3566666666666,6982.07,3491.035,5,0.1449289393120501,0.0007161200045258,True,0.004622140617038377,False
507,114.977036,3,2,2,0,4,6982.07,6982.07,42.79999999999999,2327.3566666666666,3491.035,2327.3566666666666,5,0.0347895557161518,0.0005728960036207,True,0.001345892671841736,False
508,1.0,6,2,3,0,7,6982.07,6982.07,42.79999999999999,1163.6783333333333,3491.035,1745.5175,9,7.0,0.0010025680063362,True,0.004220424136488063,False
509,2.133439,3,2,2,0,4,6982.07,6982.07,42.79999999999999,2327.3566666666666,3491.035,2327.3566666666666,5,1.8749071335060437,0.0005728960036207,True,0.0018406033032981706,False
694,340.959554,3,2,2,0,4,6982.07,6982.07,42.79999999999999,2327.3566666666666,3491.035,2327.3566666666666,5,0.0117315967629403,0.0005728960036207,True,0.006145330537599665,False
543,1.0,1,1,1,0,2,6982.07,6982.07,42.8,6982.07,6982.07,3491.035,2,2.0,0.0002864480018103,True,0.0004470827423434602,False
544,1.0,3,2,2,2,5,6982.07,6982.07,42.79999999999999,2327.3566666666666,3491.035,2327.3566666666666,7,5.0,0.0007161200045258,True,0.002515211010967939,False
545,1.0,1,1,0,0,1,6982.07,6982.07,42.8,6982.07,6982.07,6982.07,1,1.0,0.0001432240009051,True,0.0005355187794550065,False
546,678.569837,7,3,3,2,9,6982.07,6982.07,42.8,997.4385714285714,2327.3566666666666,1745.5175,12,0.0132631890031976,0.0012890160081465,True,0.009074089837279793,False
547,54.967403,4,2,2,0,5,6982.07,6982.07,42.8,1745.5175,3491.035,2327.3566666666666,6,0.0909630021996855,0.0007161200045258,True,0.0007491460592974157,False
548,68.905192,3,2,2,0,4,6982.07,6982.07,42.79999999999999,2327.3566666666666,3491.035,2327.3566666666666,5,0.0580507779442803,0.0005728960036207,True,0.0013152394224108562,False
549,1.0,1,1,1,0,2,6982.07,6982.07,42.8,6982.07,6982.07,3491.035,2,2.0,0.0002864480018103,True,0.0004470827423434602,False
550,1003.948885,24,4,8,1,26,6982.07,6982.07,42.79999999999999,290.9195833333333,1745.5175,775.7855555555556,33,0.0258977328312885,0.0037238240235345,True,0.015539472531066129,False
519,158.962321,2,2,2,0,3,6982.07,6982.07,42.8,3491.035,3491.035,2327.3566666666666,4,0.0188723968115689,0.0004296720027155,True,0.0033364388428979257,False
520,61.880671,10,1,1,1,12,6982.07,6982.07,42.8,698.207,6982.07,3491.035,12,0.193921620533171,0.0017186880108621,True,0.025945030912719814,False
521,1.0,3,2,2,2,5,6982.07,6982.07,42.79999999999999,2327.3566666666666,3491.035,2327.3566666666666,7,5.0,0.0007161200045258,True,0.002515211010967939,False
522,8.860966,3,2,2,1,5,6982.07,6982.07,42.79999999999999,2327.3566666666666,3491.035,2327.3566666666666,6,0.5642725635105699,0.0007161200045258,True,0.0018188883605387265,False
523,21.462615,8,2,4,0,9,6982.07,6982.07,42.8,872.75875,3491.035,1396.414,12,0.4193338043849736,0.0012890160081465,True,0.010897981458630463,False
524,1.848011,6,1,1,0,7,6982.07,6982.07,42.79999999999999,1163.6783333333333,6982.07,3491.035,7,3.787856241115448,0.0010025680063362,True,0.009521333768837884,False
525,994.403864,12,2,2,0,13,6982.07,6982.07,42.79999999999999,581.8391666666666,3491.035,2327.3566666666666,14,0.0130731591767024,0.0018619120117672,True,0.028602693012121493,False
8,1.0,1,1,0,0,1,6982.07,6982.07,42.8,6982.07,6982.07,6982.07,1,1.0,0.0001432240009051,True,0.0005355187794550065,False
557,906.51952,4,2,2,1,5,6982.07,6982.07,42.8,1745.5175,3491.035,2327.3566666666666,7,0.0055156010319557,0.0007161200045258,True,0.04157342158248125,False
558,215.400794,3,1,1,1,5,6982.07,6982.07,42.79999999999999,2327.3566666666666,6982.07,3491.035,5,0.0232125421041855,0.0007161200045258,True,0.007246056379648272,False
559,1.0,3,2,2,2,5,6982.07,6982.07,42.79999999999999,2327.3566666666666,3491.035,2327.3566666666666,7,5.0,0.0007161200045258,True,0.0025152141777138267,False
560,499.100597,14,5,7,2,16,6982.07,6982.07,42.8,498.7192857142857,1396.414,872.75875,23,0.0320576655210853,0.0022915840144828,True,0.04992214145198509,False
561,828.565997,31,8,10,6,33,6982.07,6982.07,42.8,225.22806451612905,872.75875,634.7336363636364,47,0.0398278472921692,0.0047263920298707,True,0.08671406535192165,False
562,125.005716,2,1,1,0,3,6982.07,6982.07,42.8,3491.035,6982.07,3491.035,3,0.0239989025781829,0.0004296720027155,True,0.002976041374756911,False
563,1.0,1,1,1,0,2,6982.07,6982.07,42.8,6982.07,6982.07,3491.035,2,2.0,0.0002864480018103,True,0.0004470827423434602,False
565,654.893487,23,5,11,9,25,6982.07,6982.07,42.8,303.5682608695652,1396.414,581.8391666666666,43,0.0381741466303512,0.0035806000226293,True,0.06688867353174263,False
566,335.553263,12,4,7,3,14,6982.07,6982.07,42.79999999999999,581.8391666666666,1745.5175,872.75875,22,0.0417221393552653,0.0020051360126724,True,0.03894092884538153,False
535,107.788591,5,2,2,4,7,6982.07,6982.07,42.8,1396.414,3491.035,2327.3566666666666,11,0.0649419380572476,0.0010025680063362,True,0.003061519048771707,False
536,40.130104,4,3,2,0,5,6982.07,6982.07,42.8,1745.5175,2327.3566666666666,2327.3566666666666,6,0.1245947431384678,0.0007161200045258,True,0.0119094520560951,False
537,1442.180271,9,4,6,4,11,6982.07,6982.07,42.8,775.7855555555556,1745.5175,997.4385714285714,19,0.0076273405074198,0.0015754640099569,True,0.059662611388310964,False
538,1.0,1,1,1,0,2,6982.07,6982.07,42.8,6982.07,6982.07,3491.035,2,2.0,0.0002864480018103,True,0.0004470827423434602,False
539,197.274209,8,1,1,0,9,6982.07,6982.07,42.8,872.75875,6982.07,3491.035,9,0.0456217771477669,0.0012890160081465,True,0.01398970165449126,False
540,97.44955,7,3,3,0,8,6982.07,6982.07,42.8,997.4385714285714,2327.3566666666666,1745.5175,10,0.0820937603098218,0.0011457920072414,True,0.00847535202564055,False
542,1.0,2,1,1,0,3,6982.07,6982.07,42.8,3491.035,6982.07,3491.035,3,3.0,0.0004296720027155,True,0.0013813565988317498,False
571,14.850757,4,2,2,3,6,6982.07,6982.07,42.8,1745.5175,3491.035,2327.3566666666666,9,0.4040198085525202,0.000859344005431,True,0.0036796416286169653,False
572,1.0,2,1,1,0,3,6982.07,6982.07,42.8,3491.035,6982.07,3491.035,3,3.0,0.0004296720027155,True,0.0013813565988317498,False
573,54.450274,3,2,2,0,4,6982.07,6982.07,42.79999999999999,2327.3566666666666,3491.035,2327.3566666666666,5,0.0734615219750776,0.0005728960036207,True,0.001371790863646931,False
574,19.166599,2,2,2,0,3,6982.07,6982.07,42.8,3491.035,3491.035,2327.3566666666666,4,0.1565222917221777,0.0004296720027155,True,0.003003694044840416,False
9,15.791363,3,3,2,0,4,6982.07,6982.07,42.79999999999999,2327.3566666666666,2327.3566666666666,2327.3566666666666,5,0.2533030239378323,0.0005728960036207,True,0.01485426165638584,False
576,1426.488678,20,8,16,9,22,6982.07,6982.07,42.8,349.1035,872.75875,410.71,45,0.0154224848323682,0.0031509280199138,True,0.11082330703434227,False
578,3277.9079,57,9,14,1,58,6982.07,6982.07,42.8,122.49245614035088,775.7855555555556,465.4713333333333,72,0.0176942128239783,0.0083069920525001,True,0.23163177982631475,False
579,2039.409479,35,5,14,9,37,6982.07,6982.07,42.8,199.48771428571428,1396.414,465.4713333333333,58,0.0181425066329212,0.0052992880334915,True,0.05407864313112023,False
580,1564.593494,32,5,9,2,34,6982.07,6982.07,42.8,218.1896875,1396.414,698.207,43,0.0217308841755927,0.0048696160307759,True,0.014552961848287025,False
581,933.141319,18,3,3,2,20,6982.07,6982.07,42.8,387.8927777777778,2327.3566666666666,1745.5175,23,0.0214329808280625,0.0028644800181035,True,0.012481846663279129,False
582,540.65749,31,2,1,1,33,6982.07,6982.07,42.8,225.22806451612905,3491.035,3491.035,33,0.0610367942928155,0.0047263920298707,True,0.15060013520900736,False
551,116.496341,2,2,2,1,4,6982.07,6982.07,42.8,3491.035,3491.035,2327.3566666666666,5,0.0343358423592033,0.0005728960036207,True,0.0019418573767067426,False
553,1.0,1,1,1,0,2,6982.07,6982.07,42.8,6982.07,6982.07,3491.035,2,2.0,0.0002864480018103,True,0.0004470827423434602,False
554,400.824089,2,2,1,0,3,6982.07,6982.07,42.8,3491.035,3491.035,3491.035,3,0.0074845800996755,0.0004296720027155,True,0.012601088886290008,False
555,544.988978,16,4,8,2,18,6982.07,6982.07,42.8,436.379375,1745.5175,775.7855555555556,26,0.0330281908930642,0.0025780320162931,True,0.039415370879409474,False
556,1601.065366,21,4,4,0,22,6982.07,6982.07,42.8,332.4795238095238,1745.5175,1396.414,25,0.0137408506030977,0.0031509280199138,True,0.047465189979874346,False
587,1.0,1,1,1,0,2,6982.07,6982.07,42.8,6982.07,6982.07,3491.035,2,2.0,0.0002864480018103,True,0.0004470827423434602,False
588,1239.67816,27,7,13,6,29,6982.07,6982.07,42.8,258.5951851851852,997.4385714285714,498.7192857142857,46,0.0233931684333295,0.00415349602625,True,0.028730914606935228,False
589,1347.059595,10,4,6,0,11,6982.07,6982.07,42.8,698.207,1745.5175,997.4385714285714,16,0.0081659341879376,0.0015754640099569,True,0.05372847188466573,False
590,656.624904,4,2,2,0,5,6982.07,6982.07,42.8,1745.5175,3491.035,2327.3566666666666,6,0.0076146974772677,0.0007161200045258,True,0.02058181836860416,False
591,2283.213738,42,9,20,2,44,6982.07,6982.07,42.8,166.2397619047619,775.7855555555556,332.4795238095238,64,0.0192710823641689,0.0063018560398277,True,0.035872611706389126,False
592,142.527432,6,3,2,0,7,6982.07,6982.07,42.79999999999999,1163.6783333333333,2327.3566666666666,2327.3566666666666,8,0.049113352438708,0.0010025680063362,True,0.007111328133516385,False
593,57.968604,7,1,1,0,8,6982.07,6982.07,42.8,997.4385714285714,6982.07,3491.035,8,0.1380057384166091,0.0011457920072414,True,0.01184445310561684,False
594,952.052271,18,4,5,4,20,6982.07,6982.07,42.8,387.8927777777778,1745.5175,1163.6783333333333,27,0.0210072499265116,0.0028644800181035,True,0.009369972113317315,False
595,410.749351,12,3,4,1,14,6982.07,6982.07,42.79999999999999,581.8391666666666,2327.3566666666666,1396.414,17,0.0340840465503255,0.0020051360126724,True,0.009629599583991007,False
596,1383.88519,34,12,17,7,36,6982.07,6982.07,42.8,205.355,581.8391666666666,387.8927777777778,58,0.0260137186669365,0.0051560640325863,True,0.17778720495705183,False
597,51.737665,3,1,1,2,4,6982.07,6982.07,42.79999999999999,2327.3566666666666,6982.07,3491.035,6,0.0773131141500104,0.0005728960036207,True,0.004397101725880372,False
598,1541.457881,62,8,16,0,63,6982.07,6982.07,42.8,112.61403225806453,872.75875,410.71,78,0.0408703998834723,0.009023112057026,True,0.11938839734373101,False
567,894.922092,9,2,3,0,10,6982.07,6982.07,42.8,775.7855555555556,3491.035,1745.5175,12,0.0111741570460638,0.0014322400090517,True,0.02528539178346362,False
568,1675.049459,28,6,13,2,30,6982.07,6982.07,42.8,249.3596428571429,1163.6783333333333,498.7192857142857,43,0.0179099189213851,0.0042967200271552,True,0.01946301270989006,False
10,223.767854,3,2,2,0,4,6982.07,6982.07,42.79999999999999,2327.3566666666666,3491.035,2327.3566666666666,5,0.0178756685935773,0.0005728960036207,True,0.002692293077712009,False
570,11.815147,6,4,4,3,8,6982.07,6982.07,42.79999999999999,1163.6783333333333,1745.5175,1396.414,13,0.6770969502114532,0.0011457920072414,True,0.03608378758277948,False
603,60.614075,6,3,3,0,7,6982.07,6982.07,42.79999999999999,1163.6783333333333,2327.3566666666666,1745.5175,9,0.1154847285882033,0.0010025680063362,True,0.009540785312397142,False
604,1306.513283,36,11,19,8,38,6982.07,6982.07,42.8,193.9463888888889,634.7336363636364,349.1035,63,0.0290850468146369,0.0054425120343966,True,0.1290953126829823,False
605,225.029153,23,7,9,2,25,6982.07,6982.07,42.8,303.5682608695652,997.4385714285714,698.207,34,0.1110967164330036,0.0035806000226293,True,0.1814179501042043,False
606,881.690322,34,2,3,0,35,6982.07,6982.07,42.8,205.355,3491.035,1745.5175,37,0.0396964774668355,0.0050128400316811,True,0.13288108552284852,False
607,191.464278,9,4,6,2,11,6982.07,6982.07,42.8,775.7855555555556,1745.5175,997.4385714285714,17,0.0574519702312302,0.0015754640099569,True,0.03674068586069205,False
608,9.45322,3,2,2,1,4,6982.07,6982.07,42.79999999999999,2327.3566666666666,3491.035,2327.3566666666666,6,0.4231362435233708,0.0005728960036207,True,0.0017472992634769483,False
609,1.0,3,2,2,3,5,6982.07,6982.07,42.79999999999999,2327.3566666666666,3491.035,2327.3566666666666,8,5.0,0.0007161200045258,True,0.003357698479479954,False
610,196.78525,7,2,3,4,9,6982.07,6982.07,42.8,997.4385714285714,3491.035,1745.5175,14,0.045735135128268,0.0012890160081465,True,0.003420767222052827,False
611,1.0,1,1,1,0,2,6982.07,6982.07,42.8,6982.07,6982.07,3491.035,2,2.0,0.0002864480018103,True,0.0004470827423434602,False
612,1.0,1,1,1,0,2,6982.07,6982.07,42.8,6982.07,6982.07,3491.035,2,2.0,0.0002864480018103,True,0.0004470827423434602,False
613,328.083014,25,5,10,7,27,6982.07,6982.07,42.8,279.2828,1396.414,634.7336363636364,42,0.0822962446937286,0.0038670480244397,True,0.1238380359541332,False
614,1.0,2,1,1,1,4,6982.07,6982.07,42.8,3491.035,6982.07,3491.035,4,4.0,0.0005728960036207,True,0.0024999245357955583,False
583,1.0,1,1,1,1,3,6982.07,6982.07,42.8,6982.07,6982.07,3491.035,3,3.0,0.0004296720027155,True,0.0011665495128092597,False
584,50.450035,9,3,2,0,10,6982.07,6982.07,42.8,775.7855555555556,2327.3566666666666,2327.3566666666666,11,0.1982159179869746,0.0014322400090517,True,0.01330248341243052,False
585,1.0,1,1,1,0,2,6982.07,6982.07,42.8,6982.07,6982.07,3491.035,2,2.0,0.0002864480018103,True,0.0004470827423434602,False
586,1.0,4,3,3,0,5,6982.07,6982.07,42.8,1745.5175,2327.3566666666666,1745.5175,7,5.0,0.0007161200045258,True,0.013589315687412982,False
618,1990.41552,29,1,0,0,29,6982.07,6982.07,42.8,240.76103448275865,6982.07,6982.07,29,0.0145698220841847,0.00415349602625,True,0.27738975480246747,False
619,1.0,1,1,1,0,2,6982.07,6982.07,42.8,6982.07,6982.07,3491.035,2,2.0,0.0002864480018103,True,0.00044708259133709893,False
620,25.156649,4,3,2,0,5,6982.07,6982.07,42.8,1745.5175,2327.3566666666666,2327.3566666666666,6,0.1987546115541859,0.0007161200045258,True,0.012265423349084193,False
621,13.916382,2,1,1,0,3,6982.07,6982.07,42.8,3491.035,6982.07,3491.035,3,0.2155732718460875,0.0004296720027155,True,0.001425335714853683,False
622,706.150667,6,2,1,1,8,6982.07,6982.07,42.79999999999999,1163.6783333333333,3491.035,3491.035,8,0.0113290270389279,0.0011457920072414,True,0.019791459229902282,False
623,1.0,1,1,1,1,3,6982.07,6982.07,42.8,6982.07,6982.07,3491.035,3,3.0,0.0004296720027155,True,0.0011665495128092597,False
624,2164.071821,8,2,2,0,9,6982.07,6982.07,42.8,872.75875,3491.035,2327.3566666666666,10,0.00415882685254,0.0012890160081465,True,0.2917310817081858,False
625,1.0,3,2,2,0,4,6982.07,6982.07,42.79999999999999,2327.3566666666666,3491.035,2327.3566666666666,5,4.0,0.0005728960036207,True,0.0018553410877707368,False
627,482.037228,6,2,2,5,8,6982.07,6982.07,42.79999999999999,1163.6783333333333,3491.035,2327.3566666666666,13,0.0165962285385974,0.0011457920072414,True,0.006900636653963263,False
628,1401.896006,50,13,23,4,52,6982.07,6982.07,42.8,139.6414,537.0823076923077,290.9195833333333,77,0.037092622974489,0.0074476480470691,True,0.15647009824366206,False
629,1.0,1,1,0,0,1,6982.07,6982.07,42.8,6982.07,6982.07,6982.07,1,1.0,0.0001432240009051,True,0.0005355187794550065,False
630,833.301715,2,1,1,0,3,6982.07,6982.07,42.8,3491.035,6982.07,3491.035,3,0.0036001365963827,0.0004296720027155,True,0.05587121654325763,False
11,35.645368,2,1,1,0,3,6982.07,6982.07,42.8,3491.035,6982.07,3491.035,3,0.0841624078618012,0.0004296720027155,True,0.0015749280415878134,False
600,1.0,1,1,1,1,3,6982.07,6982.07,42.8,6982.07,6982.07,3491.035,3,3.0,0.0004296720027155,True,0.0011665495128092597,False
601,88.673304,10,2,1,0,11,6982.07,6982.07,42.8,698.207,3491.035,3491.035,11,0.1240508642826706,0.0015754640099569,True,0.01254888031364219,False
602,1558.711193,14,3,6,5,16,6982.07,6982.07,42.8,498.7192857142857,2327.3566666666666,997.4385714285714,25,0.0102648906813874,0.0022915840144828,True,0.050542259278107404,False
679,13.204845,2,1,0,0,2,6982.07,6982.07,42.8,3491.035,6982.07,6982.07,2,0.1514595589724832,0.0002864480018103,True,0.003832509088720657,False
30,1.0,1,1,0,0,1,6982.07,6982.07,42.8,6982.07,6982.07,6982.07,1,1.0,0.0001432240009051,True,0.0005355187794550065,False
31,1.0,1,1,0,0,1,6982.07,6982.07,42.8,6982.07,6982.07,6982.07,1,1.0,0.0001432240009051,True,0.0005355187794550065,False
32,1.0,1,1,1,0,2,6982.07,6982.07,42.8,6982.07,6982.07,3491.035,2,2.0,0.0002864480018103,True,0.0004470827423434602,False
33,1.0,1,1,1,0,2,6982.07,6982.07,42.8,6982.07,6982.07,3491.035,2,2.0,0.0002864480018103,True,0.0004470827423434602,False
34,46.71454,4,2,1,0,5,6982.07,6982.07,42.8,1745.5175,3491.035,3491.035,5,0.107033056517307,0.0007161200045258,True,0.0019638175238121895,False
35,1.0,1,1,1,0,2,6982.07,6982.07,42.8,6982.07,6982.07,3491.035,2,2.0,0.0002864480018103,True,0.0004470827423434602,False
36,1.0,1,1,1,0,2,6982.07,6982.07,42.8,6982.07,6982.07,3491.035,2,2.0,0.0002864480018103,True,0.0004470827423434602,False
37,2.169995,2,1,1,0,3,6982.07,6982.07,42.8,3491.035,6982.07,3491.035,3,1.382491664727338,0.0004296720027155,True,0.0013841682904149096,False
38,1.0,1,1,0,1,2,6982.07,6982.07,42.8,6982.07,6982.07,6982.07,2,2.0,0.0002864480018103,True,0.0006677251370128494,False
663,405.956571,2,1,1,0,3,6982.07,6982.07,42.8,3491.035,6982.07,3491.035,3,0.0073899530499285,0.0004296720027155,True,0.01524867041988878,False
12,1.0,1,1,0,0,1,6982.07,6982.07,42.8,6982.07,6982.07,6982.07,1,1.0,0.0001432240009051,True,0.0005355187794550065,False
666,1784.474607,18,4,6,3,20,6982.07,6982.07,42.8,387.8927777777778,1745.5175,997.4385714285714,27,0.0112077806663908,0.0028644800181035,True,0.06332733390529184,False
668,1.0,1,1,1,0,2,6982.07,6982.07,42.8,6982.07,6982.07,3491.035,2,2.0,0.0002864480018103,True,0.0004470827423434602,False
669,8335.339662,372,51,200,71,374,6982.07,6982.07,42.8,18.769005376344086,136.90333333333334,34.736666666666665,643,0.0448691973171806,0.0535657763385357,True,6.458748146516642,True
7,1.0,1,1,0,0,1,6982.07,6982.07,42.8,6982.07,6982.07,6982.07,1,1.0,0.0001432240009051,True,0.0005355187794550065,False
670,1.0,1,1,1,0,2,6982.07,6982.07,42.8,6982.07,6982.07,3491.035,2,2.0,0.0002864480018103,True,0.0004470827423434602,False
681,3693.390027,41,11,15,5,43,6982.07,6982.07,42.8,170.29439024390243,634.7336363636364,436.379375,61,0.0116424205636704,0.0061586320389225,True,0.44000277633591595,True
683,12.394949,2,1,1,2,4,6982.07,6982.07,42.8,3491.035,6982.07,3491.035,5,0.3227120982910054,0.0005728960036207,True,0.003320770691799489,False
685,109.641416,4,3,3,0,5,6982.07,6982.07,42.8,1745.5175,2327.3566666666666,1745.5175,7,0.0456032052705339,0.0007161200045258,True,0.010972259028286168,False
686,2331.967917,20,6,12,7,22,6982.07,6982.07,42.8,349.1035,1163.6783333333333,537.0823076923077,39,0.0094340920557356,0.0031509280199138,True,0.15466814099860232,False
687,32.858727,4,2,2,1,6,6982.07,6982.07,42.8,1745.5175,3491.035,2327.3566666666666,7,0.1825998919556439,0.000859344005431,True,0.0015819142862469947,False
688,452.616692,35,8,16,5,37,6982.07,6982.07,42.8,199.48771428571428,872.75875,410.71,56,0.081746874682209,0.0052992880334915,True,0.19838524739666652,False
689,670.571818,3,1,0,0,3,6982.07,6982.07,42.79999999999999,2327.3566666666666,6982.07,6982.07,3,0.0044737937376306,0.0004296720027155,True,0.04434364042049245,False
690,29.22338,2,1,1,1,4,6982.07,6982.07,42.8,3491.035,6982.07,3491.035,4,0.1368767062536914,0.0005728960036207,True,0.002501128249761762,False
691,442.258514,6,2,3,2,8,6982.07,6982.07,42.79999999999999,1163.6783333333333,3491.035,1745.5175,11,0.0180889677569893,0.0011457920072414,True,0.0045666281635429375,False
692,303.281747,3,2,2,0,4,6982.07,6982.07,42.79999999999999,2327.3566666666666,3491.035,2327.3566666666666,5,0.0131890561814786,0.0005728960036207,True,0.004808600756930016,False
693,469.391911,14,4,5,0,15,6982.07,6982.07,42.8,498.7192857142857,1745.5175,1163.6783333333333,19,0.0319562388027602,0.0021483600135776,True,0.018895925557899856,False
6,142.666406,4,1,0,0,4,6982.07,6982.07,42.8,1745.5175,6982.07,6982.07,4,0.0280374344048451,0.0005728960036207,True,0.009313150063131586,False
615,80.286272,2,1,1,1,4,6982.07,6982.07,42.8,3491.035,6982.07,3491.035,4,0.049821717964436,0.0005728960036207,True,0.002809464415162694,False
616,399.381585,5,3,3,1,7,6982.07,6982.07,42.8,1396.414,2327.3566666666666,1745.5175,9,0.0175270975500785,0.0010025680063362,True,0.00685267430410684,False
1,1.0,1,1,1,1,3,6982.07,6982.07,42.8,6982.07,6982.07,3491.035,3,3.0,0.0004296720027155,True,0.0011665495128092597,False
14,1071.43437,11,3,4,0,12,6982.069999999999,6982.07,42.8,634.7336363636363,2327.356666666666,1396.4139999999998,15,0.011199939385928,0.0017186880108621,True,0.018288413891935813,False
682,2145.93265,22,6,6,4,24,6982.069999999999,6982.07,42.8,317.36681818181813,1163.678333333333,997.4385714285712,32,0.0111839483871965,0.0034373760217242,True,0.11912220877727017,False
684,3206.996779,97,9,17,8,99,6982.069999999999,6982.07,42.8,71.9801030927835,775.7855555555554,387.8927777777777,122,0.0308700029411535,0.0141791760896123,True,0.5878855620513331,True
626,1206.726554,15,2,4,5,17,6982.069999999999,6982.07,42.8,465.4713333333332,3491.0349999999994,1396.4139999999998,24,0.0140876986121248,0.0024348080153879,True,0.028676187482742532,False
577,157.131303,11,4,5,4,13,6982.069999999999,6982.07,42.8,634.7336363636363,1745.5174999999997,1163.678333333333,20,0.0827333558100768,0.0018619120117672,True,0.03715258736168988,False
552,1808.422279,15,4,7,7,17,6982.069999999999,6982.07,42.8,465.4713333333332,1745.5174999999997,872.7587499999998,29,0.0094004592828841,0.0024348080153879,True,0.07522695247743068,False
564,364.022569,11,6,6,5,13,6982.069999999999,6982.07,42.8,634.7336363636363,1163.678333333333,997.4385714285712,22,0.0357120714677446,0.0018619120117672,True,0.08686361748198594,False
541,20.387106,15,4,9,0,16,6982.069999999999,6982.07,42.8,465.4713333333332,1745.5174999999997,698.2069999999999,24,0.7848097714310212,0.0022915840144828,True,0.10420074369518031,False
642,506.978559,11,2,2,2,13,6982.069999999999,6982.07,42.8,634.7336363636363,3491.0349999999994,2327.356666666666,15,0.0256421100443421,0.0018619120117672,True,0.01060992683721132,False
472,227.557682,11,2,3,0,12,6982.069999999999,6982.07,42.8,634.7336363636363,3491.0349999999994,1745.5174999999997,14,0.0527338822162901,0.0017186880108621,True,0.009282871474741864,False
473,1249.536309,11,2,2,2,13,6982.069999999999,6982.07,42.8,634.7336363636363,3491.0349999999994,2327.356666666666,15,0.0104038593407532,0.0018619120117672,True,0.047326607962929465,False
480,280.213723,11,4,6,2,13,6982.069999999999,6982.07,42.8,634.7336363636363,1745.5174999999997,997.4385714285712,19,0.0463931596954657,0.0018619120117672,True,0.032539080354725365,False
486,29.815638,11,2,4,4,13,6982.069999999999,6982.07,42.8,634.7336363636363,3491.0349999999994,1396.4139999999998,19,0.4360128064339928,0.0018619120117672,True,0.027200934466772502,False
464,502.579597,30,6,13,12,32,6982.069999999999,6982.07,42.8,232.73566666666665,1163.678333333333,498.7192857142856,55,0.0636715063464862,0.0045831680289656,True,0.13291328749992296,False
444,560.248875,15,7,10,2,17,6982.069999999999,6982.07,42.8,465.4713333333332,997.4385714285712,634.7336363636363,27,0.030343657539696,0.0024348080153879,True,0.13323924007859658,False
451,900.05498,15,4,6,4,17,6982.069999999999,6982.07,42.8,465.4713333333332,1745.5174999999997,997.4385714285712,25,0.0188877350581405,0.0024348080153879,True,0.009472757577639141,False
453,27.615953,11,2,4,3,13,6982.069999999999,6982.07,42.8,634.7336363636363,3491.0349999999994,1396.4139999999998,18,0.4707424002351104,0.0018619120117672,True,0.026184338967697885,False
421,924.479174,30,6,10,8,32,6982.069999999999,6982.07,42.8,232.73566666666665,1163.678333333333,634.7336363636363,48,0.0346140842324696,0.0045831680289656,True,0.035675953020963276,False
399,659.039557,15,6,12,8,17,6982.069999999999,6982.07,42.8,465.4713333333332,1163.678333333333,537.0823076923076,35,0.0257951132362757,0.0024348080153879,True,0.10160165558636813,False
400,1604.530837,60,14,29,8,62,6982.069999999999,6982.07,42.8,116.36783333333332,498.7192857142856,232.73566666666665,97,0.0386405786478505,0.0088798880561208,True,0.15633368568166325,False
385,805.980484,30,6,11,0,31,6982.069999999999,6982.07,42.8,232.73566666666665,1163.678333333333,581.8391666666665,41,0.0384624697686848,0.0044399440280604,True,0.05303543129762367,False
388,1363.665078,11,3,4,3,13,6982.069999999999,6982.07,42.8,634.7336363636363,2327.356666666666,1396.4139999999998,18,0.0095331325922537,0.0018619120117672,True,0.042472385721335236,False
371,1963.611995,22,7,11,10,24,6982.069999999999,6982.07,42.8,317.36681818181813,997.4385714285712,581.8391666666665,43,0.0122223739013164,0.0034373760217242,True,0.07502511059018858,False
348,2033.702662,22,5,10,5,24,6982.069999999999,6982.07,42.8,317.36681818181813,1396.4139999999998,634.7336363636363,37,0.0118011351651562,0.0034373760217242,True,0.07812026307343987,False
327,3871.072106,45,10,23,12,47,6982.069999999999,6982.07,42.8,155.15711111111108,698.2069999999999,290.91958333333326,80,0.0121413393274571,0.0067315280425432,True,0.40229265671182457,True
333,61.072563,11,4,8,0,12,6982.069999999999,6982.07,42.8,634.7336363636363,1745.5174999999997,775.7855555555554,19,0.1964875782272311,0.0017186880108621,True,0.06895808894089728,False
295,2481.389239,15,3,9,8,17,6982.069999999999,6982.07,42.8,465.4713333333332,2327.356666666666,698.2069999999999,32,0.0068510009364153,0.0024348080153879,True,0.25835819695866347,False
302,3041.252665,90,20,36,22,92,6982.069999999999,6982.07,42.8,77.57855555555554,349.10349999999994,188.70459459459457,148,0.0302506927684023,0.0131766080832761,True,0.0855850820463392,False
303,333.638728,22,6,13,4,24,6982.069999999999,6982.07,42.8,317.36681818181813,1163.678333333333,498.7192857142856,39,0.0719340951329846,0.0034373760217242,True,0.15844353368415848,False
310,152.649179,15,3,5,5,17,6982.069999999999,6982.07,42.8,465.4713333333332,2327.356666666666,1163.678333333333,25,0.1113664686005287,0.0024348080153879,True,0.04440866762338459,False
289,1391.809812,15,1,1,0,16,6982.069999999999,6982.07,42.8,465.4713333333332,6982.069999999999,3491.0349999999994,16,0.0114958235400053,0.0022915840144828,True,0.0996142569839511,False
291,2808.904316,60,1,1,0,61,6982.069999999999,6982.07,42.8,116.36783333333332,6982.069999999999,3491.0349999999994,61,0.0217166528786806,0.0087366640552157,True,0.8363377288303635,True
248,1586.118219,11,3,2,1,13,6982.069999999999,6982.07,42.8,634.7336363636363,2327.356666666666,2327.356666666666,14,0.0081961103808492,0.0018619120117672,True,0.09713164343700763,False
173,3239.055433,30,7,15,8,32,6982.069999999999,6982.07,42.8,232.73566666666665,997.4385714285712,436.3793749999999,53,0.009879423388059,0.0045831680289656,True,0.34296380830629153,True
148,2650.30904,60,21,32,16,62,6982.069999999999,6982.07,42.8,116.36783333333332,332.47952380952376,211.57787878787877,108,0.0233934982918067,0.0088798880561208,True,0.46795945006203077,True
113,104.063306,15,5,13,5,17,6982.069999999999,6982.07,42.8,465.4713333333332,1396.4139999999998,498.7192857142856,33,0.1633620980674975,0.0024348080153879,True,0.1944786777507006,False
79,2176.347362,11,1,0,3,12,6982.069999999999,6982.07,42.8,634.7336363636363,6982.069999999999,6982.069999999999,14,0.0055138256923161,0.0017186880108621,True,0.32014037940168155,False
69,833.496357,11,3,3,0,12,6982.069999999999,6982.07,42.8,634.7336363636363,2327.356666666666,1745.5174999999997,14,0.0143971835020269,0.0017186880108621,True,0.009554175125055964,False
665,621.826878,22,5,8,5,24,6982.069999999999,6982.07,42.8,317.36681818181813,1396.4139999999998,775.7855555555554,35,0.0385959514603033,0.0034373760217242,True,0.049576380164464494,False
667,1421.582951,120,16,33,20,122,6982.069999999999,6982.07,42.8,58.183916666666654,436.3793749999999,205.355,173,0.0858198249452697,0.0174733281104314,True,0.9250638496657884,True
673,5846.878842,173,18,56,34,175,6982.069999999999,6982.07,42.8,40.358786127167626,387.8927777777777,122.49245614035084,263,0.0299304987719121,0.0250642001584057,True,1.135230374206779,True
