Gender,Avg_Obesity
Both,12.78196937267316
Female,12.724455740321428
Male,12.776695580426406
