timestamp,url,title,browser,profile,domain,category,date,hour,weekday
2025-12-05 03:30:40.060979,https://classify.zenclass.in/meet-dashboard-new,Classify,edge,Default,zenclass.in,learning,2025-12-05,3,Friday
2025-12-05 06:10:32.677667,https://classify.zenclass.in/meetings,Classify,edge,Default,zenclass.in,learning,2025-12-05,6,Friday
2025-12-05 06:11:26.895135,https://login.microsoftonline.com/ca7981a2-785a-463d-b82a-3db87dfc3ce6/oauth2/authorize,Sign in to your account,edge,Default,microsoftonline.com,other,2025-12-05,6,Friday
2025-12-05 06:11:30.162480,https://login.external.hp.com/idp/prp.wsf,Continue with HP OneUID,edge,Default,hp.com,technology,2025-12-05,6,Friday
2025-12-05 06:11:58.912298,https://authenticator.pingone.com/pingid/ppm/auth/response,,edge,Default,pingone.com,other,2025-12-05,6,Friday
2025-12-05 06:12:01.383980,https://login.external.hp.com/idp/5cbbh/resume/idp/prp.ping,HP Network Detector,edge,Default,hp.com,technology,2025-12-05,6,Friday
2025-12-05 06:12:01.683418,https://login.microsoftonline.com/login.srf,Working...,edge,Default,microsoftonline.com,other,2025-12-05,6,Friday
2025-12-05 06:12:07.392521,https://hp.sharepoint.com/teams/CPQ-MDM-Marketing-QA/Shared%20Documents/Forms/AllItems.aspx,hp.sharepoint.com/teams/CPQ-MDM-Marketing-QA/Shared Documents/Forms/AllItems.aspx?id=%2Fteams%2FCPQ-MDM-Marketing-QA%2FShared Documents%2F_CPQ-Pricing-SOX%2FCM3-SystemChangeTracker%2FSCT-V-7&viewid=3d6765e1-66c7-4675-8e0e-6a6852f24d44&CT=1756823744124&OR=OWA-NT-Mail&CID=7fc8c7a4-14bb-79b6-c936-4c2066cf55ce&FolderCTID=0x01200012ED7926ED556641844AE7473EEF2770&View=%7B3D6765E1-66C7-4675-8E0E-6A6852F24D44%7D,edge,Default,sharepoint.com,other,2025-12-05,6,Friday
2025-12-05 06:12:07.418464,https://hp.sharepoint.com/teams/CPQ-MDM-Marketing-QA/Shared%20Documents/Forms/AllItems.aspx,Sign in to your account,edge,Default,sharepoint.com,other,2025-12-05,6,Friday
2025-12-05 08:28:34.036915,https://www.hayclothing.in/collections/casual-wear,Buy Casual Dresses for Women | Stylish Everyday Wear – HAY!,edge,Default,hayclothing.in,other,2025-12-05,8,Friday
2025-12-05 08:28:40.384573,https://www.hayclothing.in/collections/casual-wear,Buy Casual Dresses for Women | Stylish Everyday Wear – HAY!,edge,Default,hayclothing.in,other,2025-12-05,8,Friday
2025-12-05 08:28:43.598634,https://www.hayclothing.in/collections/casual-wear,Buy Casual Dresses for Women | Stylish Everyday Wear – HAY!,edge,Default,hayclothing.in,other,2025-12-05,8,Friday
2025-12-05 20:11:28.843910,https://login.external.hp.com/idp/SSO.saml2,Continue with HP OneUID,edge,Default,hp.com,technology,2025-12-05,20,Friday
2025-12-05 20:12:59.242886,https://authenticator.pingone.com/pingid/ppm/auth/response,,edge,Default,pingone.com,other,2025-12-05,20,Friday
2025-12-05 20:13:01.716333,https://login.external.hp.com/idp/RW3aE/resumeSAML20/idp/SSO.ping,HP Network Detector,edge,Default,hp.com,technology,2025-12-05,20,Friday
2025-12-05 20:13:19.957842,https://hpitprod.service-now.com/nav_to.do,ServiceNow,edge,Default,service-now.com,professional,2025-12-05,20,Friday
2025-12-05 20:13:26.244629,https://hpitprod.service-now.com/nav_to.do,Password Reset - Identify | ServiceNow,edge,Default,service-now.com,professional,2025-12-05,20,Friday
2025-12-05 20:13:52.393799,https://hpitprod.service-now.com/nav_to.do,Password Reset - Verify Step 2 out of 3 | ServiceNow,edge,Default,service-now.com,professional,2025-12-05,20,Friday
2025-12-05 20:15:05.646059,https://hpitprod.service-now.com/nav_to.do,Password Reset - Reset | ServiceNow,edge,Default,service-now.com,professional,2025-12-05,20,Friday
2025-12-05 20:23:03.347418,https://hpitprod.service-now.com/nav_to.do,Password Reset - Reset | ServiceNow,edge,Default,service-now.com,professional,2025-12-05,20,Friday
2025-12-05 20:23:10.612630,https://hpitprod.service-now.com/nav_to.do,Password Reset - Error | ServiceNow,edge,Default,service-now.com,professional,2025-12-05,20,Friday
2025-12-05 20:23:28.511865,https://hpitprod.service-now.com/$hp_new_sspr.do,ServiceNow,edge,Default,service-now.com,professional,2025-12-05,20,Friday
2025-12-05 20:24:04.365994,https://login.external.hp.com/idp/SSO.saml2,Continue with HP OneUID,edge,Default,hp.com,technology,2025-12-05,20,Friday
2025-12-05 20:24:27.194800,https://authenticator.pingone.com/pingid/ppm/auth/response,,edge,Default,pingone.com,other,2025-12-05,20,Friday
2025-12-05 20:24:28.965920,https://login.external.hp.com/idp/QuJ7n/resumeSAML20/idp/SSO.ping,HP Network Detector,edge,Default,hp.com,technology,2025-12-05,20,Friday
2025-12-05 20:25:54.990752,https://hpitprod.service-now.com/nav_to.do,ServiceNow,edge,Default,service-now.com,professional,2025-12-05,20,Friday
2025-12-05 20:27:07.554980,https://innovist.com/products/rosemary-hair-growth-spray-and-oil-combo,Ultimate Hair Growth Duo - Rosemary & Rice Water Spray + Rosemary Oil – Innovist,edge,Default,innovist.com,other,2025-12-05,20,Friday
2025-12-05 20:27:09.388951,https://themusk.in/collections/western-wear,WESTERN WEAR – The Musk In,edge,Default,themusk.in,other,2025-12-05,20,Friday
2025-12-05 20:27:09.641368,https://hpitprod.service-now.com/$m.do#/form/sys_user_group/22def73d87783c507e6fa7183cbb351b,HP NOW,edge,Default,service-now.com,professional,2025-12-05,20,Friday
2025-12-05 20:27:10.434525,https://saadaa.in/products/pack-of-2-women-airy-linen-straight-pant-combo,Pick Any 2 Women Airy Linen Straight Pant,edge,Default,saadaa.in,other,2025-12-05,20,Friday
2025-12-05 20:27:12.719272,https://www.hayclothing.in/collections/bestsellers,Best Sellers – HAY!,edge,Default,hayclothing.in,other,2025-12-05,20,Friday
2025-12-05 20:27:14.388692,https://www.hayclothing.in/collections/bestsellers,Best Sellers – HAY!,edge,Default,hayclothing.in,other,2025-12-05,20,Friday
2025-12-05 20:27:44.036575,https://login.external.hp.com/idp/SSO.saml2,Continue with HP OneUID,edge,Default,hp.com,technology,2025-12-05,20,Friday
2025-12-05 20:28:21.326252,https://login.external.hp.com/idp/EqkHu/resumeSAML20/idp/SSO.ping,HP Network Detector,edge,Default,hp.com,technology,2025-12-05,20,Friday
2025-12-06 01:32:20.141338,https://login.external.hp.com/idp/SSO.saml2,Continue with HP OneUID,edge,Default,hp.com,technology,2025-12-06,1,Saturday
2025-12-06 01:32:51.802849,https://login.external.hp.com/idp/NoHiX/resumeSAML20/idp/SSO.ping,HP Network Detector,edge,Default,hp.com,technology,2025-12-06,1,Saturday
2025-12-06 01:36:39.315250,https://hpitprod.service-now.com/nav_to.do,HPI Dispatcher Dashboard | ServiceNow,edge,Default,service-now.com,professional,2025-12-06,1,Saturday
2025-12-06 01:37:44.086232,https://hpitprod.service-now.com/sys_user_list.do,Users | ServiceNow,edge,Default,service-now.com,professional,2025-12-06,1,Saturday
2025-12-06 01:38:01.662800,https://www.google.com/search,bangalore to udupi distance - Google Search,edge,Default,google.com,search,2025-12-06,1,Saturday
2025-12-06 01:44:53.278406,https://hpitprod.service-now.com/nav_to.do,Incidents | ServiceNow,edge,Default,service-now.com,professional,2025-12-06,1,Saturday
2025-12-06 01:45:10.126987,https://hpitprod.service-now.com/nav_to.do,Incidents | ServiceNow,edge,Default,service-now.com,professional,2025-12-06,1,Saturday
2025-12-06 03:31:58.597268,https://login.external.hp.com/idp/SSO.saml2,Continue with HP OneUID,edge,Default,hp.com,technology,2025-12-06,3,Saturday
2025-12-06 03:32:22.288214,https://login.external.hp.com/idp/C0L6y/resumeSAML20/idp/SSO.ping,HP Network Detector,edge,Default,hp.com,technology,2025-12-06,3,Saturday
2025-12-06 05:49:04.657889,https://login.external.hp.com/idp/SSO.saml2,Continue with HP OneUID,edge,Default,hp.com,technology,2025-12-06,5,Saturday
2025-12-06 05:49:27.845402,https://login.external.hp.com/idp/Uchxo/resumeSAML20/idp/SSO.ping,HP Network Detector,edge,Default,hp.com,technology,2025-12-06,5,Saturday
2025-12-06 06:55:27.684653,https://hpitprod.service-now.com/nav_to.do,HPI Dispatcher Dashboard | ServiceNow,edge,Default,service-now.com,professional,2025-12-06,6,Saturday
2025-12-06 06:55:56.800435,https://hpitprod.service-now.com/nav_to.do,HPI Dispatcher Dashboard | ServiceNow,edge,Default,service-now.com,professional,2025-12-06,6,Saturday
2025-12-06 06:56:30.922321,https://hpitprod.service-now.com/nav_to.do,HPI Dispatcher Dashboard | ServiceNow,edge,Default,service-now.com,professional,2025-12-06,6,Saturday
2025-12-06 08:37:28.021736,https://www.google.com/search,sitaare zameen par - Google Search,edge,Default,google.com,search,2025-12-06,8,Saturday
2025-12-06 08:37:44.754021,https://www.google.com/search,sitaare zameen par - Google Search,edge,Default,google.com,search,2025-12-06,8,Saturday
2025-12-06 08:37:46.184697,https://www.google.com/search,sitaare zameen par - Google Search,edge,Default,google.com,search,2025-12-06,8,Saturday
2025-12-06 08:37:46.709341,https://www.google.com/search,sitaare zameen par which ott - Google Search,edge,Default,google.com,search,2025-12-06,8,Saturday
2025-12-06 14:31:53.873910,https://www.google.com/search,cricbuzz - Google Search,edge,Default,google.com,search,2025-12-06,14,Saturday
2025-12-06 14:31:55.411562,https://www.cricbuzz.com/,"India vs South Africa | Live Cricket Score, Schedule, Latest News, Stats &amp; Videos | Cricbuzz.com",edge,Default,cricbuzz.com,other,2025-12-06,14,Saturday
2025-12-06 14:31:57.421688,https://www.cricbuzz.com/live-cricket-scores/117404/rsa-vs-ind-3rd-odi-south-africa-tour-of-india-2025,IND 194/1 (31.5) vs RSA 270 (Virat Kohli 14(18) Yashasvi Jaiswal 92(100)) |,edge,Default,cricbuzz.com,other,2025-12-06,14,Saturday
2025-12-06 14:32:01.416276,https://www.cricbuzz.com/live-cricket-scorecard/117404/ind-vs-rsa-3rd-odi-south-africa-tour-of-india-2025,"Cricket scorecard | India vs South Africa, 3rd ODI, South Africa tour of India, 2025",edge,Default,cricbuzz.com,other,2025-12-06,14,Saturday
2025-12-07 04:15:49.788306,https://login.external.hp.com/idp/SSO.saml2,Continue with HP OneUID,edge,Default,hp.com,technology,2025-12-07,4,Sunday
2025-12-07 04:16:17.714901,https://authenticator.pingone.com/pingid/ppm/auth/response,,edge,Default,pingone.com,other,2025-12-07,4,Sunday
2025-12-07 04:16:20.414404,https://login.external.hp.com/idp/WhaaV/resumeSAML20/idp/SSO.ping,HP Network Detector,edge,Default,hp.com,technology,2025-12-07,4,Sunday
2025-12-07 05:23:58.882399,https://hpitprod.service-now.com/nav_to.do,Incidents | ServiceNow,edge,Default,service-now.com,professional,2025-12-07,5,Sunday
2025-12-07 07:19:27.969346,https://www.microsoft.com/edge/update/,What's new in Microsoft Edge,edge,Default,microsoft.com,other,2025-12-07,7,Sunday
2025-12-07 07:19:27.969346,https://www.microsoft.com/en-us/edge/update/143,What's new in Microsoft Edge,edge,Default,microsoft.com,other,2025-12-07,7,Sunday
2025-12-07 08:00:13.558090,https://login.external.hp.com/idp/SSO.saml2,Continue with HP OneUID,edge,Default,hp.com,technology,2025-12-07,8,Sunday
2025-12-07 08:00:58.166743,https://login.external.hp.com/idp/XgwpF/resumeSAML20/idp/SSO.ping,HP Network Detector,edge,Default,hp.com,technology,2025-12-07,8,Sunday
2025-12-07 08:01:03.154513,https://hpitprod.service-now.com/nav_to.do,Incident Tasks | ServiceNow,edge,Default,service-now.com,professional,2025-12-07,8,Sunday
2025-12-07 13:08:57.965999,https://www.msn.com/en-in/news/india/jaishankar-s-dig-at-us-pak-relations-they-have-a-history-of-overlooking-their-history/ar-AA1L4ATv,Hindustan Times ·1hJaishankar's dig at US-Pak relations: ‘They have a history of overlooking their history’,edge,Default,msn.com,other,2025-12-07,13,Sunday
2025-12-07 13:09:11.579798,https://www.bing.com/search,workbench - Search,edge,Default,bing.com,search,2025-12-07,13,Sunday
2025-12-07 13:14:54.352528,https://www.whatsapp.com/,WhatsApp | Secure and Reliable Free Private Messaging and Calling,edge,Default,whatsapp.com,other,2025-12-07,13,Sunday
2025-12-07 14:35:22.575079,https://login.external.hp.com/idp/SSO.saml2,Continue with HP OneUID,edge,Default,hp.com,technology,2025-12-07,14,Sunday
2025-12-07 14:35:52.220651,https://authenticator.pingone.com/pingid/ppm/auth/response,,edge,Default,pingone.com,other,2025-12-07,14,Sunday
2025-12-07 14:35:54.248157,https://login.external.hp.com/idp/NZyIB/resumeSAML20/idp/SSO.ping,HP Network Detector,edge,Default,hp.com,technology,2025-12-07,14,Sunday
2025-12-07 14:37:19.106927,https://hpitprod.service-now.com/nav_to.do,Incidents | ServiceNow,edge,Default,service-now.com,professional,2025-12-07,14,Sunday
2025-12-07 14:38:03.652459,https://hpitprod.service-now.com/nav_to.do,Incidents | ServiceNow,edge,Default,service-now.com,professional,2025-12-07,14,Sunday
2025-12-07 15:25:37.068567,https://www.booking.com/hotel/in/shivvs-leisure.en-gb.html,,edge,Default,booking.com,other,2025-12-07,15,Sunday
2025-12-07 15:27:54.011702,https://www.booking.com/hotel/in/shivvs-leisure.en-gb.html,"Shivvs Leisure Rooms & Villa Ooty, Ooty (updated prices 2025)",edge,Default,booking.com,other,2025-12-07,15,Sunday
2025-12-07 15:27:56.100983,https://www.booking.com/hotel/in/shivvs-leisure.en-gb.html,"Shivvs Leisure Rooms & Villa Ooty, Ooty (updated prices 2025)",edge,Default,booking.com,other,2025-12-07,15,Sunday
2025-12-07 17:16:47.586888,https://www.hayclothing.in/products/golden-dusk-black-cotton-flex-co-ord-with-chinese-collar-3-4th-sleeves,Golden Dusk Black Cotton Linen Co-ord with Chinese Collar & 3/4th Slee – HAY!,edge,Default,hayclothing.in,other,2025-12-07,17,Sunday
2025-12-07 17:18:03.494006,https://www.booking.com/searchresults.en-gb.html,Booking.com: Hotels in Ooty. Book your hotel now!,edge,Default,booking.com,other,2025-12-07,17,Sunday
2025-12-07 17:18:09.035774,https://www.hayclothing.in/products/starlight-black-handloom-dress-with-sweetheart-neck-leg-o-mutton-sleeves,Starlight Black Handloom Dress with Sweetheart Neck & Leg-O-Mutton Sle – HAY!,edge,Default,hayclothing.in,other,2025-12-07,17,Sunday
2025-12-07 17:22:26.263546,https://estailofashion.com/products/bestseller-box-offer,Bestseller Box Offer,edge,Default,estailofashion.com,other,2025-12-07,17,Sunday
2025-12-07 17:26:49.873490,https://estailofashion.com/products/hypnotic-heartbeat-stud-earrings,Hypnotic Heartbeat Stud Earrings,edge,Default,estailofashion.com,other,2025-12-07,17,Sunday
2025-12-07 17:27:14.906020,https://estailofashion.com/collections/color-pop-earrings,Bright Color Pop Earrings - Happy & Cheerful | Estailo,edge,Default,estailofashion.com,other,2025-12-07,17,Sunday
2025-12-07 17:27:42.369628,https://estailofashion.com/products/dusk-glamour-studs,Dusk Glamour Studs Earring,edge,Default,estailofashion.com,other,2025-12-07,17,Sunday
2025-12-07 17:28:46.882004,https://estailofashion.com/products/midnight-sparkle-bow-earrings,Midnight Sparkle Bow Earrings,edge,Default,estailofashion.com,other,2025-12-07,17,Sunday
2025-12-07 17:29:57.003562,https://estailofashion.com/products/untitled-oct9_12-55,Mermaid's Treasure Earrings,edge,Default,estailofashion.com,other,2025-12-07,17,Sunday
2025-12-07 17:31:09.393523,https://estailofashion.com/collections/anti-tarnish-earrings,Never-Rust Earrings | Stay Shiny Forever | Estailo,edge,Default,estailofashion.com,other,2025-12-07,17,Sunday
2025-12-07 17:36:48.043949,https://estailofashion.com/products/give-it-a-shot-chain-earrings,Buy Give It A Shot Chain Earrings online in India,edge,Default,estailofashion.com,other,2025-12-07,17,Sunday
2025-12-07 17:36:51.037391,https://estailofashion.com/collections/heart-earrings,Heart-Shaped Earrings - Show Your Love | Estailo fashion,edge,Default,estailofashion.com,other,2025-12-07,17,Sunday
2025-12-07 17:37:02.579683,https://estailofashion.com/products/textured-gold-hoop-earrings,Textured Gold Hoop Earrings,edge,Default,estailofashion.com,other,2025-12-07,17,Sunday
2025-12-07 17:37:14.017357,https://estailofashion.com/collections/exclusive-earrings,Exclusive Earrings,edge,Default,estailofashion.com,other,2025-12-07,17,Sunday
2025-12-07 17:41:48.517975,https://estailofashion.com/products/winter-mega-sale,Winter Mega Sale,edge,Default,estailofashion.com,other,2025-12-07,17,Sunday
2025-12-07 17:42:17.560871,https://estailofashion.com/collections/butterfly-earrings,Pretty Butterfly Earrings - Fluttery Fun | Estailo,edge,Default,estailofashion.com,other,2025-12-07,17,Sunday
2025-12-07 17:42:56.869732,https://estailofashion.com/collections/long-chain-earrings,Long Chain Earrings,edge,Default,estailofashion.com,other,2025-12-07,17,Sunday
2025-12-07 17:43:01.661463,https://estailofashion.com/collections/hoops-earrings,Hoops Earrings,edge,Default,estailofashion.com,other,2025-12-07,17,Sunday
2025-12-07 17:43:22.513081,https://estailofashion.com/collections/studs-earrings,Simple Stud Earrings for Everyday Wear | Estailo,edge,Default,estailofashion.com,other,2025-12-07,17,Sunday
2025-12-07 18:42:37.943223,https://estailofashion.com/collections/danglers-earrings,Danglers Earrings,edge,Default,estailofashion.com,other,2025-12-07,18,Sunday
2025-12-08 03:46:17.270938,https://www.google.com/search,visual studio - Google Search,edge,Default,google.com,search,2025-12-08,3,Monday
2025-12-08 03:46:19.523097,https://www.google.com/search,Visual Studio Code - Google Search,edge,Default,google.com,search,2025-12-08,3,Monday
2025-12-08 03:47:37.606101,https://mail.google.com/mail/u/0/,1 Hour to go Class 10 - Data handling in Python - Pandas (DS-S-WD-T-B105) @9:00AM - ssubasangkari@gmail.com - Gmail,edge,Default,google.com,search,2025-12-08,3,Monday
2025-12-08 03:47:46.587544,https://classify.zenclass.in/meet-dashboard-new,Classify,edge,Default,zenclass.in,learning,2025-12-08,3,Monday
2025-12-08 04:00:05.520531,https://docs.google.com/forms/d/e/1FAIpQLSfkmEBqH76HLMMiCC-GPPnhcvHC9aJS86E32dOd0Z8MpY2rvQ/viewform,Harvard Art Museums API Key Request,edge,Default,google.com,search,2025-12-08,4,Monday
2025-12-08 04:00:46.386734,https://docs.google.com/forms/d/e/1FAIpQLSfkmEBqH76HLMMiCC-GPPnhcvHC9aJS86E32dOd0Z8MpY2rvQ/viewform,Harvard Art Museums API Key Request,edge,Default,google.com,search,2025-12-08,4,Monday
2025-12-08 04:00:47.297391,https://docs.google.com/forms/u/0/d/e/1FAIpQLSfkmEBqH76HLMMiCC-GPPnhcvHC9aJS86E32dOd0Z8MpY2rvQ/formResponse,Harvard Art Museums API Key Request,edge,Default,google.com,search,2025-12-08,4,Monday
2025-12-08 05:09:12.228121,https://v2.zenclass.in/class/student-feedback/ae47bc19-8851-4f3d-a8be-faed0bdb0670,GUVI,edge,Default,zenclass.in,learning,2025-12-08,5,Monday
2025-12-08 05:09:26.216143,https://v2.zenclass.in/class/ae47bc19-8851-4f3d-a8be-faed0bdb0670,GUVI,edge,Default,zenclass.in,learning,2025-12-08,5,Monday
2025-12-08 05:10:03.735507,https://v2.zenclass.in/class/student-feedback/de463f19-67d7-486d-9154-2d5c2022d3da,GUVI,edge,Default,zenclass.in,learning,2025-12-08,5,Monday
2025-12-08 05:10:16.287448,https://v2.zenclass.in/class/de463f19-67d7-486d-9154-2d5c2022d3da,GUVI,edge,Default,zenclass.in,learning,2025-12-08,5,Monday
2025-12-08 05:10:23.295893,https://v2.zenclass.in/class/student-feedback/bb60797c-b5f5-4a33-82ac-c621f107f37f,GUVI,edge,Default,zenclass.in,learning,2025-12-08,5,Monday
2025-12-08 05:10:36.348223,https://v2.zenclass.in/class/bb60797c-b5f5-4a33-82ac-c621f107f37f,GUVI,edge,Default,zenclass.in,learning,2025-12-08,5,Monday
2025-12-08 05:10:40.420315,https://v2.zenclass.in/class/student-feedback/c982b39e-fdc7-4cf4-9d86-e799e290ad5f,GUVI,edge,Default,zenclass.in,learning,2025-12-08,5,Monday
2025-12-08 05:10:53.066133,https://v2.zenclass.in/class/c982b39e-fdc7-4cf4-9d86-e799e290ad5f,GUVI,edge,Default,zenclass.in,learning,2025-12-08,5,Monday
2025-12-08 05:10:57.596259,https://v2.zenclass.in/class/student-feedback/c855784e-82a9-46b3-b2a0-53ba39af5339,GUVI,edge,Default,zenclass.in,learning,2025-12-08,5,Monday
2025-12-08 05:11:10.304189,https://v2.zenclass.in/class/c855784e-82a9-46b3-b2a0-53ba39af5339,GUVI,edge,Default,zenclass.in,learning,2025-12-08,5,Monday
2025-12-08 05:46:39.939595,https://www.bing.com/ck/a,,edge,Default,bing.com,search,2025-12-08,5,Monday
2025-12-08 05:46:39.991179,https://www.bing.com/search,python online complier - Search,edge,Default,bing.com,search,2025-12-08,5,Monday
2025-12-08 06:53:31.597936,https://nobero.com/collections/hoodies-jackets,Hoodies for Men | Buy Jacket & Hoodies for Men Online in India | Nobero,edge,Default,nobero.com,other,2025-12-08,6,Monday
2025-12-08 06:53:48.064282,https://nobero.com/products/wanderer,Buy Trendy Black Zip Up Hoodie Online at Best Price | Nobero,edge,Default,nobero.com,other,2025-12-08,6,Monday
2025-12-08 06:54:14.230267,https://nobero.com/products/wanderer,Buy Trendy Black Zip Up Hoodie Online at Best Price | Nobero,edge,Default,nobero.com,other,2025-12-08,6,Monday
2025-12-08 06:54:30.596800,https://nobero.com/products/wanderer,Buy Trendy Black Zip Up Hoodie Online at Best Price | Nobero,edge,Default,nobero.com,other,2025-12-08,6,Monday
2025-12-08 06:54:33.018641,https://nobero.com/products/wanderer,Buy Trendy Black Zip Up Hoodie Online at Best Price | Nobero,edge,Default,nobero.com,other,2025-12-08,6,Monday
2025-12-08 06:56:04.695974,https://nobero.com/products/wanderer,Buy Trendy Black Zip Up Hoodie Online at Best Price | Nobero,edge,Default,nobero.com,other,2025-12-08,6,Monday
2025-12-08 06:56:15.414418,https://nobero.com/products/wanderer,Buy Trendy Black Zip Up Hoodie Online at Best Price | Nobero,edge,Default,nobero.com,other,2025-12-08,6,Monday
2025-12-08 08:02:37.950658,https://nobero.com/products/boyfriend-fit-classic-zipper-hoodie-3,Classic Zipper Hoodie | Free Shipping | Premium Quality| Made Of 280GSM Fleece – Nobero,edge,Default,nobero.com,other,2025-12-08,8,Monday
2025-12-08 08:02:38.436876,https://nobero.com/products/boyfriend-fit-classic-zipper-hoodie-3,Classic Zipper Hoodie | Free Shipping | Premium Quality| Made Of 280GSM Fleece – Nobero,edge,Default,nobero.com,other,2025-12-08,8,Monday
2025-12-08 08:02:50.277219,https://nobero.com/collections/hoodies-jackets,Hoodies for Men | Buy Jacket & Hoodies for Men Online in India | Nobero,edge,Default,nobero.com,other,2025-12-08,8,Monday
2025-12-08 08:50:20.462247,https://www.bing.com/search,python online complier - Search,edge,Default,bing.com,search,2025-12-08,8,Monday
2025-12-08 13:15:22.484004,https://www.bing.com/ck/a,,edge,Default,bing.com,search,2025-12-08,13,Monday
2025-12-08 13:15:22.511111,https://www.bing.com/search,python download - Search,edge,Default,bing.com,search,2025-12-08,13,Monday
2025-12-08 13:54:35.352784,https://www.bing.com/ck/a,,edge,Default,bing.com,search,2025-12-08,13,Monday
2025-12-08 13:54:35.368341,https://www.bing.com/search,w3schools - Search,edge,Default,bing.com,search,2025-12-08,13,Monday
2025-12-08 13:59:00.024762,https://www.bing.com/ck/a,,edge,Default,bing.com,search,2025-12-08,13,Monday
2025-12-08 13:59:00.043520,https://www.bing.com/search,leetcode - Search,edge,Default,bing.com,search,2025-12-08,13,Monday
2025-12-08 13:59:08.972331,https://leetcode.com/accounts/login/,Account Login - LeetCode,edge,Default,leetcode.com,other,2025-12-08,13,Monday
2025-12-08 14:02:39.932543,https://www.w3schools.com/python/python_dsa.asp,DSA with Python,edge,Default,w3schools.com,other,2025-12-08,14,Monday
2025-12-08 14:05:24.191324,https://www.bing.com/ck/a,,edge,Default,bing.com,search,2025-12-08,14,Monday
2025-12-08 14:05:24.211953,https://www.bing.com/search,dsa python geeks for geeks - Search,edge,Default,bing.com,search,2025-12-08,14,Monday
2025-12-08 14:07:34.174589,https://www.geeksforgeeks.org/courses/dsa-self-paced,Data Structures and Algorithms - Self Paced,edge,Default,geeksforgeeks.org,other,2025-12-08,14,Monday
2025-12-08 14:16:22.611951,https://leetcode.com/problems/find-the-highest-altitude,Find the Highest Altitude - LeetCode,edge,Default,leetcode.com,other,2025-12-08,14,Monday
2025-12-08 14:20:38.198706,https://www.bing.com/ck/a,,edge,Default,bing.com,search,2025-12-08,14,Monday
2025-12-08 14:20:38.218724,https://www.bing.com/search,perplexity ai - Search,edge,Default,bing.com,search,2025-12-08,14,Monday
2025-12-08 14:20:44.285410,https://accounts.google.com/o/oauth2/v2/auth,Sign in - Google Accounts,edge,Default,google.com,search,2025-12-08,14,Monday
2025-12-08 14:20:44.285410,https://accounts.google.com/v3/signin/identifier,Sign in - Google Accounts,edge,Default,google.com,search,2025-12-08,14,Monday
2025-12-08 14:21:11.741364,https://accounts.google.com/v3/signin/challenge/pwd,Welcome,edge,Default,google.com,search,2025-12-08,14,Monday
2025-12-08 14:21:28.528693,https://accounts.google.co.in/accounts/SetSID,Redirecting,edge,Default,google.co.in,other,2025-12-08,14,Monday
2025-12-08 14:21:28.528693,https://accounts.google.com/CheckCookie,Redirecting,edge,Default,google.com,search,2025-12-08,14,Monday
2025-12-08 14:21:28.528693,https://accounts.youtube.com/accounts/SetSID,Redirecting,edge,Default,youtube.com,entertainment,2025-12-08,14,Monday
2025-12-08 14:21:29.506161,https://accounts.google.com/signin/oauth/consent,Sign in - Google Accounts,edge,Default,google.com,search,2025-12-08,14,Monday
2025-12-08 14:21:29.506161,https://accounts.google.com/signin/oauth/id,Sign in - Google Accounts,edge,Default,google.com,search,2025-12-08,14,Monday
2025-12-08 14:21:43.845050,https://accounts.google.com/signin/oauth/consent,Perplexity,edge,Default,google.com,search,2025-12-08,14,Monday
2025-12-08 14:21:43.845050,https://www.perplexity.ai/api/auth/callback/google,Perplexity,edge,Default,perplexity.ai,other,2025-12-08,14,Monday
2025-12-08 14:21:43.845050,https://www.perplexity.ai/api/auth/signin-callback,Perplexity,edge,Default,perplexity.ai,other,2025-12-08,14,Monday
2025-12-08 14:21:43.845050,https://www.perplexity.ai/,Perplexity,edge,Default,perplexity.ai,other,2025-12-08,14,Monday
2025-12-08 14:21:57.456509,https://www.perplexity.ai/search/new/54a7524b-912d-4ce6-83e0-33797238d581,Perplexity,edge,Default,perplexity.ai,other,2025-12-08,14,Monday
2025-12-08 14:21:57.685321,https://www.perplexity.ai/search/there-is-a-biker-going-on-a-ro-7emH3FCrQmiHAzr9G24HyQ,There is a biker going on a road trip. The road trip consists of n + 1 points...,edge,Default,perplexity.ai,other,2025-12-08,14,Monday
2025-12-08 14:27:23.343538,https://leetcode.com/subscribe/,LeetCode Premium,edge,Default,leetcode.com,other,2025-12-08,14,Monday
2025-12-08 14:36:27.222332,https://www.bing.com/search,constraints meaning - Search,edge,Default,bing.com,search,2025-12-08,14,Monday
2025-12-08 14:39:14.501402,https://www.bing.com/search,prefix meaning - Search,edge,Default,bing.com,search,2025-12-08,14,Monday
2025-12-08 14:39:37.122508,https://www.bing.com/search,suffix meaning - Search,edge,Default,bing.com,search,2025-12-08,14,Monday
2025-12-08 14:41:18.578607,https://www.bing.com/search,altitude meaning - Search,edge,Default,bing.com,search,2025-12-08,14,Monday
2025-12-08 14:44:11.318447,https://algo.monster/liteproblems/1732,1732. Find the Highest Altitude - In-Depth Explanation,edge,Default,algo.monster,other,2025-12-08,14,Monday
2025-12-08 14:49:03.861394,https://www.geeksforgeeks.org/computer-science-fundamentals/mathematics-for-computer-science/,Mathematics For Computer Science - GeeksforGeeks,edge,Default,geeksforgeeks.org,other,2025-12-08,14,Monday
2025-12-08 15:45:10.297715,https://leetcode.com/problems/find-the-highest-altitude/description/,Find the Highest Altitude - LeetCode,edge,Default,leetcode.com,other,2025-12-08,15,Monday
2025-12-08 15:45:12.999219,https://leetcode.com/problems/find-the-highest-altitude/,Find the Highest Altitude - LeetCode,edge,Default,leetcode.com,other,2025-12-08,15,Monday
2025-12-08 15:45:34.265806,https://leetcode.com/problems/find-the-highest-altitude/submissions/1850283547/,Find the Highest Altitude - LeetCode,edge,Default,leetcode.com,other,2025-12-08,15,Monday
2025-12-08 15:45:59.913310,https://leetcode.com/problems/minimum-number-of-people-to-teach/,Find the Highest Altitude - LeetCode,edge,Default,leetcode.com,other,2025-12-08,15,Monday
2025-12-08 15:46:00.194551,https://leetcode.com/problems/minimum-number-of-people-to-teach/description/,Minimum Number of People to Teach - LeetCode,edge,Default,leetcode.com,other,2025-12-08,15,Monday
2025-12-08 15:47:09.421474,https://leetcode.com/problems/merge-strings-alternately,Merge Strings Alternately - LeetCode,edge,Default,leetcode.com,other,2025-12-08,15,Monday
2025-12-08 15:47:12.263768,https://leetcode.com/problems/merge-strings-alternately/description/,Merge Strings Alternately - LeetCode,edge,Default,leetcode.com,other,2025-12-08,15,Monday
2025-12-08 16:03:02.456226,https://leetcode.com/problems/merge-strings-alternately/,Merge Strings Alternately - LeetCode,edge,Default,leetcode.com,other,2025-12-08,16,Monday
2025-12-08 16:03:15.625973,https://leetcode.com/problems/merge-strings-alternately/submissions/1850299863/,Merge Strings Alternately - LeetCode,edge,Default,leetcode.com,other,2025-12-08,16,Monday
2025-12-08 16:18:22.875073,https://leetcode.com/problems/greatest-common-divisor-of-strings/editorial/,Greatest Common Divisor of Strings - LeetCode,edge,Default,leetcode.com,other,2025-12-08,16,Monday
2025-12-08 16:18:46.308133,https://www.bing.com/search,gcd - Search,edge,Default,bing.com,search,2025-12-08,16,Monday
2025-12-08 16:18:59.862378,https://www.google.com/search,udupi to murudeshwar - Google Search,edge,Default,google.com,search,2025-12-08,16,Monday
2025-12-08 16:19:07.375000,https://www.google.com/search,udupi to murudeshwar - Google Search,edge,Default,google.com,search,2025-12-08,16,Monday
2025-12-08 16:19:07.656220,https://www.google.com/search,udupi to honnavar - Google Search,edge,Default,google.com,search,2025-12-08,16,Monday
2025-12-08 16:36:22.523450,https://www.google.com/search,happy homestay malpe - Google Search,edge,Default,google.com,search,2025-12-08,16,Monday
2025-12-08 16:36:24.138371,https://www.google.com/search,happy homestay malpe - Google Search,edge,Default,google.com,search,2025-12-08,16,Monday
2025-12-08 16:40:01.400655,https://www.google.com/search,veeru riverfront nature homestay honnavara - Google Search,edge,Default,google.com,search,2025-12-08,16,Monday
2025-12-08 16:40:03.163916,https://www.google.com/search,veeru riverfront nature homestay honnavara - Google Search,edge,Default,google.com,search,2025-12-08,16,Monday
2025-12-08 16:40:03.493118,https://www.google.com/search,veeru riverfront nature homestay honnavara - Google Search,edge,Default,google.com,search,2025-12-08,16,Monday
2025-12-08 16:40:11.459499,https://www.booking.com/hotel/in/veeru-river-front-nature-homestay-honnavar.html,"Veeru River Front Nature Homestay Honnavar, Honāvar (updated prices 2025)",edge,Default,booking.com,other,2025-12-08,16,Monday
2025-12-08 16:40:12.619245,https://www.booking.com/searchresults.html,Booking.com: Hotels in Honāvar. Book your hotel now!,edge,Default,booking.com,other,2025-12-08,16,Monday
2025-12-08 16:40:12.626903,https://www.booking.com/hotel/in/veeru-river-front-nature-homestay-honnavar.html,"Veeru River Front Nature Homestay Honnavar, Honāvar (updated prices 2025)",edge,Default,booking.com,other,2025-12-08,16,Monday
2025-12-09 03:28:27.058838,https://www.bing.com/search,lms - Search,edge,Default,bing.com,search,2025-12-09,3,Tuesday
2025-12-09 03:28:45.777710,https://www.bing.com/ck/a,,edge,Default,bing.com,search,2025-12-09,3,Tuesday
2025-12-09 03:28:45.798426,https://www.bing.com/search,learn square - Search,edge,Default,bing.com,search,2025-12-09,3,Tuesday
2025-12-09 03:43:28.199123,https://mail.google.com/mail/u/0/,Class 11 - Data handling in Python - Pandas (DS-S-WD-T-B105) @9:00AM has been Scheduled - ssubasangkari@gmail.com - Gmail,edge,Default,google.com,search,2025-12-09,3,Tuesday
2025-12-09 03:43:37.684418,https://classify.zenclass.in/meet-dashboard-new,Classify,edge,Default,zenclass.in,learning,2025-12-09,3,Tuesday
2025-12-09 04:32:30.771836,https://lms.semesterprep.in/profile,LEARNSQUARE,edge,Default,semesterprep.in,other,2025-12-09,4,Tuesday
2025-12-09 04:46:30.490502,https://www.bing.com/search,perform arithmetic operations - Search,edge,Default,bing.com,search,2025-12-09,4,Tuesday
2025-12-09 04:59:04.632969,https://www.bing.com/search,perform arithmetic operations - Search,edge,Default,bing.com,search,2025-12-09,4,Tuesday
2025-12-09 08:59:29.944759,https://www.bing.com/ck/a,,edge,Default,bing.com,search,2025-12-09,8,Tuesday
2025-12-09 08:59:29.966398,https://www.bing.com/search,python online complier - Search,edge,Default,bing.com,search,2025-12-09,8,Tuesday
2025-12-09 08:59:31.436500,https://www.programiz.com/python-programming/online-compiler/,Online Python Compiler (Interpreter) - Programiz,edge,Default,programiz.com,other,2025-12-09,8,Tuesday
2025-12-09 09:20:46.178912,https://www.bing.com/search,"dict= {""name1"":""dada"",""name2"":""rose"",""name3"":""lily"",""name4"":""jhon""} dada= {""tamil"":45,""english"":34,""social"":46,""maths"":47,""science"":35} rose= {""tamil"":35,""english"":44,""social"":36,""maths"":37,""science"":45} lily= {""tamil"":25,""english"":24,""social"":26,""ma - Search",edge,Default,bing.com,search,2025-12-09,9,Tuesday
2025-12-09 09:23:05.104675,https://www.bing.com/search,perlixity - Search,edge,Default,bing.com,search,2025-12-09,9,Tuesday
2025-12-09 09:23:49.708035,https://www.perplexity.ai/search/new/439393ba-f0e8-400e-98db-880f66bd4c7f,Perplexity,edge,Default,perplexity.ai,other,2025-12-09,9,Tuesday
2025-12-09 09:23:51.331713,https://www.perplexity.ai/search/dict-name1-dada-name2-rose-nam-wx5MRM8STA23by94b_q02Q,"dict= {""name1"":""dada"",""name2"":""rose"",""name3"":""lily"",""name4"":""jhon""} dada=...",edge,Default,perplexity.ai,other,2025-12-09,9,Tuesday
2025-12-09 10:04:56.163543,https://www.bing.com/ck/a,,edge,Default,bing.com,search,2025-12-09,10,Tuesday
2025-12-09 10:04:56.197443,https://www.bing.com/search,join my quiz - Search,edge,Default,bing.com,search,2025-12-09,10,Tuesday
2025-12-09 10:05:43.878721,https://wayground.com/login,Login to Access Your Quizzes | Wayground (formerly Quizizz),edge,Default,wayground.com,other,2025-12-09,10,Tuesday
2025-12-09 10:06:31.337613,https://accounts.google.com/o/oauth2/v2/auth,Sign in - Google Accounts,edge,Default,google.com,search,2025-12-09,10,Tuesday
2025-12-09 10:06:31.337613,https://wayground.com/_authserver/public/public/v1/auth/google,Sign in - Google Accounts,edge,Default,wayground.com,other,2025-12-09,10,Tuesday
2025-12-09 10:06:31.337613,https://accounts.google.com/v3/signin/accountchooser,Sign in - Google Accounts,edge,Default,google.com,search,2025-12-09,10,Tuesday
2025-12-09 10:06:46.866530,https://accounts.google.com/v3/signin/challenge/pwd,Welcome,edge,Default,google.com,search,2025-12-09,10,Tuesday
2025-12-09 10:07:08.187198,https://accounts.google.co.in/accounts/SetSID,Redirecting,edge,Default,google.co.in,other,2025-12-09,10,Tuesday
2025-12-09 10:07:08.187198,https://accounts.youtube.com/accounts/SetSID,Redirecting,edge,Default,youtube.com,entertainment,2025-12-09,10,Tuesday
2025-12-09 10:07:08.187198,https://accounts.google.com/CheckCookie,Redirecting,edge,Default,google.com,search,2025-12-09,10,Tuesday
2025-12-09 10:07:11.375680,https://accounts.google.com/ServiceLogin,For Students - Enter Your Code | Wayground (Formerly Quizizz),edge,Default,google.com,search,2025-12-09,10,Tuesday
2025-12-09 10:07:11.375680,https://wayground.com/_authserver/public/public/v1/auth/google/callback,For Students - Enter Your Code | Wayground (Formerly Quizizz),edge,Default,wayground.com,other,2025-12-09,10,Tuesday
2025-12-09 10:07:11.375680,https://accounts.google.com/signin/oauth/consent,For Students - Enter Your Code | Wayground (Formerly Quizizz),edge,Default,google.com,search,2025-12-09,10,Tuesday
2025-12-09 10:07:11.375680,https://accounts.google.com/InteractiveLogin,For Students - Enter Your Code | Wayground (Formerly Quizizz),edge,Default,google.com,search,2025-12-09,10,Tuesday
2025-12-09 10:07:36.129824,https://wayground.com/join/pre-game/running/U2FsdGVkX1%252BSzGuiEKpLWWYZLCu4K27puJkzHV33OhZ8LuI%252Brzkts%252F7hLUdWpDSaqcg3SCwUSnsAt7K19ckHIA%253D%253D/start,Start Playing - Wayground (Formerly Quizizz),edge,Default,wayground.com,other,2025-12-09,10,Tuesday
2025-12-09 10:07:51.761328,https://wayground.com/join/game/U2FsdGVkX1%252BIsAGL9Nt3C2FkpI0%252FxZT9NPl0X5CLp%252BQrc1oJo6slvQCitkOPN2H22%252FBgZlG8F4qwZBPDVc8B4qyX5qhcMcunz2%252F21qfNCxI%253D,Playing a Game - Wayground (Formerly Quizizz),edge,Default,wayground.com,other,2025-12-09,10,Tuesday
2025-12-09 10:09:53.553465,https://wayground.com/join/game/U2FsdGVkX1%252F5zFZfWdXe9CNu%252FGfF2chrBGnZsMsPplIYtf9z6V5KlTW9MKgKxnLwzYGqbfrOGFx54Ue2DysaDzYXKK6crNdLDxc0YCaaF7I%253D,Playing a Game - Wayground (Formerly Quizizz),edge,Default,wayground.com,other,2025-12-09,10,Tuesday
2025-12-09 10:14:00.401892,https://wayground.com/join/game/U2FsdGVkX1%252Fps3qsWplQzlT3BunFu%252BclIvW%252BwfT4fexxi0TPReG7lqVDwAVPmZMmyAApeYP8%252Fz99SM2h6DyKLoVOpBYpWtWiZ5%252F%252B8g9LNLs%253D,Playing a Game - Wayground (Formerly Quizizz),edge,Default,wayground.com,other,2025-12-09,10,Tuesday
2025-12-09 10:14:10.300111,https://wayground.com/join/game/U2FsdGVkX18LNOXX0MBDH3gUJB7nGerLgKYY%252BDeZITin9BcIYsfwytT0PTe9c9UhpDrbB09RNF4QqCzFodUUL0jeIzMTTyQztStnrmYkRsc%253D,Playing a Game - Wayground (Formerly Quizizz),edge,Default,wayground.com,other,2025-12-09,10,Tuesday
2025-12-09 10:19:25.199250,https://wayground.com/join/game/U2FsdGVkX19KNWGtyGwXwrxrNLVC8G%252BtqusTBOeF0MtehWne8TCJK%252FfVhJOE8str4WsrJ1o1mBxxEpdSrcN65HAPsMjQfm3eNuy%252FFBo10RM%253D,Playing a Game - Wayground (Formerly Quizizz),edge,Default,wayground.com,other,2025-12-09,10,Tuesday
2025-12-09 10:19:31.408450,https://wayground.com/join/game/U2FsdGVkX1%252FkzFsGydv%252BlW66FazT0d5Jy2pEaXlgqGnKGYx1R6mHrn0fPLdumWf5F7rx1HJ7OzuUNQPto%252FLLaiGGErmQifXQrkA7dpbDn0Q%253D,Playing a Game - Wayground (Formerly Quizizz),edge,Default,wayground.com,other,2025-12-09,10,Tuesday
2025-12-09 10:19:38.954759,https://wayground.com/join/game/U2FsdGVkX1%252FvK%252B%252FxPk0AWoYVvK3Fkcje%252Fu71%252F8EgikXTePFuVxbsZP1%252B256lR1b8l2Xie0RSvuZi2nvgLSM%252B%252Bc6RJhUXquwy4qk5gMbewT0%253D,Playing a Game - Wayground (Formerly Quizizz),edge,Default,wayground.com,other,2025-12-09,10,Tuesday
2025-12-09 10:19:38.964400,https://wayground.com/join/game/U2FsdGVkX1%252B7E1S7CdXcdzHPyOQKI6S6N1ZDuN4fJYDPFrs5jDZ92OHZgTYV9ZuJywpJRoourwywn4rxkoeGIvqE65b8IB0x68DfSJwCqgw%253D,Summary - Quizizz,edge,Default,wayground.com,other,2025-12-09,10,Tuesday
2025-12-09 10:20:01.276791,https://wayground.com/join/game/U2FsdGVkX1%252B7E1S7CdXcdzHPyOQKI6S6N1ZDuN4fJYDPFrs5jDZ92OHZgTYV9ZuJywpJRoourwywn4rxkoeGIvqE65b8IB0x68DfSJwCqgw%253D,Summary - Quizizz,edge,Default,wayground.com,other,2025-12-09,10,Tuesday
2025-12-09 10:20:51.461524,https://wayground.com/join/game/U2FsdGVkX1%252B7E1S7CdXcdzHPyOQKI6S6N1ZDuN4fJYDPFrs5jDZ92OHZgTYV9ZuJywpJRoourwywn4rxkoeGIvqE65b8IB0x68DfSJwCqgw%253D,Summary - Quizizz,edge,Default,wayground.com,other,2025-12-09,10,Tuesday
2025-12-09 11:37:20.480520,https://www.flipkart.com/yagnik-fashion-women-kurti-palazzo-set/p/itm6e4cfd7459e35,YAGNIK FASHION Women Kurti Palazzo Set - Buy YAGNIK FASHION Women Kurti Palazzo Set Online at Best Prices in India | Flipkart.com,edge,Default,flipkart.com,shopping,2025-12-09,11,Tuesday
2025-12-09 11:37:30.427984,https://www.flipkart.com/yagnik-fashion-women-kurti-palazzo-set/p/itm7f54a246157a3,YAGNIK FASHION Women Kurti Palazzo Set - Buy YAGNIK FASHION Women Kurti Palazzo Set Online at Best Prices in India | Flipkart.com,edge,Default,flipkart.com,shopping,2025-12-09,11,Tuesday
2025-12-09 11:37:36.637384,https://www.flipkart.com/yagnik-fashion-women-kurti-palazzo-set/p/itm458d50fb39985,YAGNIK FASHION Women Kurti Palazzo Set - Buy YAGNIK FASHION Women Kurti Palazzo Set Online at Best Prices in India | Flipkart.com,edge,Default,flipkart.com,shopping,2025-12-09,11,Tuesday
2025-12-09 11:37:41.669311,https://www.flipkart.com/yagnik-fashion-women-kurti-palazzo-set/p/itm6e4cfd7459e35,YAGNIK FASHION Women Kurti Palazzo Set - Buy YAGNIK FASHION Women Kurti Palazzo Set Online at Best Prices in India | Flipkart.com,edge,Default,flipkart.com,shopping,2025-12-09,11,Tuesday
2025-12-09 12:33:48.007174,https://www.google.com/search,google collab - Google Search,edge,Default,google.com,search,2025-12-09,12,Tuesday
2025-12-09 12:34:00.429801,https://www.google.com/search,whatsapp web - Google Search,edge,Default,google.com,search,2025-12-09,12,Tuesday
2025-12-09 12:34:14.969061,https://colab.research.google.com/drive/1Yej2m_NBOUj-d6RgWv94WrFaKu0UK_zT#updateTitle=true&folderId=1L-fwxUGSDZBpuwx1P8mKstC_C_aeWPJt,Untitled - Colab,edge,Default,google.com,search,2025-12-09,12,Tuesday
2025-12-09 12:59:22.410839,https://mail.google.com/mail/u/0/,Harvard Art Museums API - ssubasangkari@gmail.com - Gmail,edge,Default,google.com,search,2025-12-09,12,Tuesday
2025-12-09 12:59:39.616174,https://mail.google.com/mail/u/0/,REMINDER: We’re Sending Your Zen Class Onboarding Kit: Confirm Your Address! - ssubasangkari@gmail.com - Gmail,edge,Default,google.com,search,2025-12-09,12,Tuesday
2025-12-09 13:00:00.019911,https://mail.google.com/mail/u/0/,Your Renewal Notice has been generated for Policy Number: 4700112104060132 - ssubasangkari@gmail.com - Gmail,edge,Default,google.com,search,2025-12-09,13,Tuesday
2025-12-09 13:00:18.681586,https://mail.google.com/mail/u/0/,We’re Sending Your Zen Class Onboarding Kit: Confirm Your Address! - ssubasangkari@gmail.com - Gmail,edge,Default,google.com,search,2025-12-09,13,Tuesday
2025-12-09 13:00:21.409039,https://mail.google.com/mail/u/0/,Thanks for filling out this form: Onboarding Kit Delivery – Address Collection Form - ssubasangkari@gmail.com - Gmail,edge,Default,google.com,search,2025-12-09,13,Tuesday
2025-12-09 13:14:40.966756,https://www.bing.com/ck/a,,edge,Default,bing.com,search,2025-12-09,13,Tuesday
2025-12-09 13:14:40.983487,https://www.bing.com/search,w3schools - Search,edge,Default,bing.com,search,2025-12-09,13,Tuesday
2025-12-09 13:15:21.661611,https://www.bing.com/ck/a,,edge,Default,bing.com,search,2025-12-09,13,Tuesday
2025-12-09 13:15:21.680473,https://www.bing.com/search,dsa in python geeks for geeks - Search,edge,Default,bing.com,search,2025-12-09,13,Tuesday
2025-12-09 13:15:21.819451,https://www.geeksforgeeks.org/dsa/python-data-structures-and-algorithms/,DSA with Python - Data Structures and Algorithms - GeeksforGeeks,edge,Default,geeksforgeeks.org,other,2025-12-09,13,Tuesday
2025-12-09 13:15:29.114701,https://www.geeksforgeeks.org/dsa/logic-building-problems/,Logic Building Problems - GeeksforGeeks,edge,Default,geeksforgeeks.org,other,2025-12-09,13,Tuesday
2025-12-09 13:15:54.729956,https://www.bing.com/ck/a,,edge,Default,bing.com,search,2025-12-09,13,Tuesday
2025-12-09 13:15:54.749134,https://www.bing.com/search,leetcode - Search,edge,Default,bing.com,search,2025-12-09,13,Tuesday
2025-12-09 13:17:16.521192,https://leetcode.com/problems/count-square-sum-triples/,Count Square Sum Triples - LeetCode,edge,Default,leetcode.com,other,2025-12-09,13,Tuesday
2025-12-09 13:17:19.086923,https://leetcode.com/problems/count-square-sum-triples/description/,Count Square Sum Triples - LeetCode,edge,Default,leetcode.com,other,2025-12-09,13,Tuesday
2025-12-09 13:18:15.475232,https://leetcode.com/problems/greatest-common-divisor-of-strings,Greatest Common Divisor of Strings - LeetCode,edge,Default,leetcode.com,other,2025-12-09,13,Tuesday
2025-12-09 13:18:17.403660,https://leetcode.com/problems/greatest-common-divisor-of-strings/description/,Greatest Common Divisor of Strings - LeetCode,edge,Default,leetcode.com,other,2025-12-09,13,Tuesday
2025-12-09 13:18:58.652893,https://www.bing.com/ck/a,,edge,Default,bing.com,search,2025-12-09,13,Tuesday
2025-12-09 13:18:58.671398,https://www.bing.com/search,how to find gcd - Search,edge,Default,bing.com,search,2025-12-09,13,Tuesday
2025-12-09 13:18:59.089773,https://www.bing.com/images/search,how to find gcd - Search Images,edge,Default,bing.com,search,2025-12-09,13,Tuesday
2025-12-09 13:19:00.270730,https://www.bing.com/images/search,how to find gcd - Search Images,edge,Default,bing.com,search,2025-12-09,13,Tuesday
2025-12-09 13:21:54.438964,https://www.bing.com/search,perlixity - Search,edge,Default,bing.com,search,2025-12-09,13,Tuesday
2025-12-09 13:25:15.781760,https://www.bing.com/ck/a,,edge,Default,bing.com,search,2025-12-09,13,Tuesday
2025-12-09 13:25:15.799034,https://www.bing.com/search,perlixity - Search,edge,Default,bing.com,search,2025-12-09,13,Tuesday
2025-12-09 13:25:15.974716,https://www.perplexity.ai/,Perplexity,edge,Default,perplexity.ai,other,2025-12-09,13,Tuesday
2025-12-09 13:26:33.579690,https://www.perplexity.ai/search/new/3ae396ee-282b-47cd-83b0-f4538926eb03,Perplexity,edge,Default,perplexity.ai,other,2025-12-09,13,Tuesday
2025-12-09 13:26:33.925151,https://www.perplexity.ai/search/for-two-strings-s-and-t-we-say-Z42OnC2kRsK5xAsdCPVePA,"For two strings s and t, we say ""t divides s"" if and only if s = t + t + t +...",edge,Default,perplexity.ai,other,2025-12-09,13,Tuesday
2025-12-09 13:29:46.784842,https://leetcode.com/problems/greatest-common-divisor-of-strings/submissions/1851112280/,Greatest Common Divisor of Strings - LeetCode,edge,Default,leetcode.com,other,2025-12-09,13,Tuesday
2025-12-09 13:30:32.527681,https://leetcode.com/problems/greatest-common-divisor-of-strings/,Greatest Common Divisor of Strings - LeetCode,edge,Default,leetcode.com,other,2025-12-09,13,Tuesday
2025-12-09 13:30:42.971548,https://leetcode.com/problems/greatest-common-divisor-of-strings/submissions/1851113026/,Greatest Common Divisor of Strings - LeetCode,edge,Default,leetcode.com,other,2025-12-09,13,Tuesday
2025-12-09 13:30:48.756169,https://leetcode.com/problems/product-sales-analysis-iii/,Greatest Common Divisor of Strings - LeetCode,edge,Default,leetcode.com,other,2025-12-09,13,Tuesday
2025-12-09 13:30:49.119529,https://leetcode.com/problems/product-sales-analysis-iii/description/,Product Sales Analysis III - LeetCode,edge,Default,leetcode.com,other,2025-12-09,13,Tuesday
2025-12-09 13:49:48.535798,https://colab.research.google.com/drive/1Yej2m_NBOUj-d6RgWv94WrFaKu0UK_zT#scrollTo=3CvvSaedIEXg,Harvards_Artifacts_Collection.ipynb - Colab,edge,Default,google.com,search,2025-12-09,13,Tuesday
2025-12-09 14:00:56.722035,https://leetcode.com/problems/kids-with-the-greatest-number-of-candies,Kids With the Greatest Number of Candies - LeetCode,edge,Default,leetcode.com,other,2025-12-09,14,Tuesday
2025-12-09 14:00:58.744669,https://leetcode.com/problems/kids-with-the-greatest-number-of-candies/description/,Kids With the Greatest Number of Candies - LeetCode,edge,Default,leetcode.com,other,2025-12-09,14,Tuesday
2025-12-09 14:05:37.927262,https://leetcode.com/problems/kids-with-the-greatest-number-of-candies/submissions/1851141158/,Kids With the Greatest Number of Candies - LeetCode,edge,Default,leetcode.com,other,2025-12-09,14,Tuesday
2025-12-09 14:05:48.701138,https://leetcode.com/problems/max-difference-you-can-get-from-changing-an-integer/,Kids With the Greatest Number of Candies - LeetCode,edge,Default,leetcode.com,other,2025-12-09,14,Tuesday
2025-12-09 14:05:49.005469,https://leetcode.com/problems/max-difference-you-can-get-from-changing-an-integer/description/,Max Difference You Can Get From Changing an Integer - LeetCode,edge,Default,leetcode.com,other,2025-12-09,14,Tuesday
2025-12-09 14:17:29.250375,https://colab.research.google.com/drive/1Yej2m_NBOUj-d6RgWv94WrFaKu0UK_zT#scrollTo=OVljEZtKRnM7,Harvards_Artifacts_Collection.ipynb - Colab,edge,Default,google.com,search,2025-12-09,14,Tuesday
2025-12-09 14:17:38.454585,https://colab.research.google.com/drive/1Yej2m_NBOUj-d6RgWv94WrFaKu0UK_zT#scrollTo=6kziAqcTYqcg,Harvards_Artifacts_Collection.ipynb - Colab,edge,Default,google.com,search,2025-12-09,14,Tuesday
2025-12-09 14:17:39.736490,https://colab.research.google.com/drive/1Yej2m_NBOUj-d6RgWv94WrFaKu0UK_zT#scrollTo=DZ1mXai_aRLl,Harvards_Artifacts_Collection.ipynb - Colab,edge,Default,google.com,search,2025-12-09,14,Tuesday
2025-12-09 14:35:57.099397,https://leetcode.com/problems/kids-with-the-greatest-number-of-candies/,Kids With the Greatest Number of Candies - LeetCode,edge,Default,leetcode.com,other,2025-12-09,14,Tuesday
2025-12-09 14:41:46.204287,https://leetcode.com/problemset/,Problems - LeetCode,edge,Default,leetcode.com,other,2025-12-09,14,Tuesday
2025-12-09 14:42:24.795268,https://leetcode.com/problems/can-place-flowers,Can Place Flowers - LeetCode,edge,Default,leetcode.com,other,2025-12-09,14,Tuesday
2025-12-09 14:42:26.786953,https://leetcode.com/problems/can-place-flowers/description/,Can Place Flowers - LeetCode,edge,Default,leetcode.com,other,2025-12-09,14,Tuesday
2025-12-09 15:03:09.904066,https://leetcode.com/problems/can-place-flowers/,Can Place Flowers - LeetCode,edge,Default,leetcode.com,other,2025-12-09,15,Tuesday
2025-12-09 16:28:26.328399,https://www.bing.com/spotlight,Icelandic horses - Search,edge,Default,bing.com,search,2025-12-09,16,Tuesday
2025-12-09 16:52:31.579183,https://estailofashion.com/products/buy-13-998,Mega Jewellery Pack,edge,Default,estailofashion.com,other,2025-12-09,16,Tuesday
2025-12-09 17:12:21.893996,https://colab.research.google.com/drive/1Yej2m_NBOUj-d6RgWv94WrFaKu0UK_zT#scrollTo=4niC8VrRfufJ,Harvards_Artifacts_Collection.ipynb - Colab,edge,Default,google.com,search,2025-12-09,17,Tuesday
2025-12-09 17:25:39.107875,https://colab.research.google.com/drive/1Yej2m_NBOUj-d6RgWv94WrFaKu0UK_zT#scrollTo=01k7A7iEH4HW,Harvards_Artifacts_Collection.ipynb - Colab,edge,Default,google.com,search,2025-12-09,17,Tuesday
2025-12-09 17:30:06.298445,https://colab.research.google.com/drive/1Yej2m_NBOUj-d6RgWv94WrFaKu0UK_zT#scrollTo=HyS4EKYFKcoY,Harvards_Artifacts_Collection.ipynb - Colab,edge,Default,google.com,search,2025-12-09,17,Tuesday
2025-12-09 17:32:48.761687,https://auth.tidbcloud.com/login,Sign in to TiDB Cloud,edge,Default,tidbcloud.com,other,2025-12-09,17,Tuesday
2025-12-09 17:33:00.085859,https://tidbcloud.com/auth_redirect,TiDB Cloud,edge,Default,tidbcloud.com,other,2025-12-09,17,Tuesday
2025-12-09 17:35:50.608086,https://docs.pingcap.com/tidbcloud/connect-via-standard-connection-serverless/,Connect to TiDB Cloud Starter or Essential via Public Endpoint | TiDB Docs,edge,Default,pingcap.com,other,2025-12-09,17,Tuesday
2025-12-09 17:35:54.369586,https://docs.pingcap.com/tidbcloud/connect-via-standard-connection-serverless/,Connect to TiDB Cloud Starter or Essential via Public Endpoint | TiDB Docs,edge,Default,pingcap.com,other,2025-12-09,17,Tuesday
2025-12-09 17:36:15.369401,https://tidbcloud.com/clusters/10315062739208414305/overview,TiDB Cloud,edge,Default,tidbcloud.com,other,2025-12-09,17,Tuesday
2025-12-09 17:36:15.506666,https://tidbcloud.com/clusters/10315062739208414305/overview,TiDB Cloud - Overview,edge,Default,tidbcloud.com,other,2025-12-09,17,Tuesday
2025-12-09 17:45:37.971965,https://colab.research.google.com/drive/1Yej2m_NBOUj-d6RgWv94WrFaKu0UK_zT#scrollTo=bldV5X7rN9bv,Harvards_Artifacts_Collection.ipynb - Colab,edge,Default,google.com,search,2025-12-09,17,Tuesday
2025-12-09 17:45:51.073301,https://colab.research.google.com/drive/1Yej2m_NBOUj-d6RgWv94WrFaKu0UK_zT#scrollTo=y2CzqPoSNzq_,Harvards_Artifacts_Collection.ipynb - Colab,edge,Default,google.com,search,2025-12-09,17,Tuesday
2025-12-09 17:45:53.588106,https://colab.research.google.com/drive/1Yej2m_NBOUj-d6RgWv94WrFaKu0UK_zT#scrollTo=wr8TZcN1JwBI,Harvards_Artifacts_Collection.ipynb - Colab,edge,Default,google.com,search,2025-12-09,17,Tuesday
2025-12-09 17:49:28.860075,https://colab.research.google.com/drive/1Yej2m_NBOUj-d6RgWv94WrFaKu0UK_zT#scrollTo=UCjIE2lcO4dG,Harvards_Artifacts_Collection.ipynb - Colab,edge,Default,google.com,search,2025-12-09,17,Tuesday
2025-12-09 17:53:10.320109,https://colab.research.google.com/drive/1Yej2m_NBOUj-d6RgWv94WrFaKu0UK_zT#scrollTo=W1B7VXqaPuhg,Harvards_Artifacts_Collection.ipynb - Colab,edge,Default,google.com,search,2025-12-09,17,Tuesday
2025-12-09 17:53:55.013789,https://colab.research.google.com/drive/1Yej2m_NBOUj-d6RgWv94WrFaKu0UK_zT#scrollTo=vcH6nXJcPyDv,Harvards_Artifacts_Collection.ipynb - Colab,edge,Default,google.com,search,2025-12-09,17,Tuesday
2025-12-09 17:53:57.953661,https://colab.research.google.com/drive/1Yej2m_NBOUj-d6RgWv94WrFaKu0UK_zT#scrollTo=EFPHtFv1P3KA,Harvards_Artifacts_Collection.ipynb - Colab,edge,Default,google.com,search,2025-12-09,17,Tuesday
2025-12-09 18:11:02.548095,https://colab.research.google.com/drive/1Yej2m_NBOUj-d6RgWv94WrFaKu0UK_zT#scrollTo=iHZkLXBpTz8y,Harvards_Artifacts_Collection.ipynb - Colab,edge,Default,google.com,search,2025-12-09,18,Tuesday
2025-12-09 18:17:14.475008,https://colab.research.google.com/drive/1Yej2m_NBOUj-d6RgWv94WrFaKu0UK_zT#scrollTo=QtExs8TeT0HS,Harvards_Artifacts_Collection.ipynb - Colab,edge,Default,google.com,search,2025-12-09,18,Tuesday
2025-12-09 18:26:24.330637,https://www.google.com/search,how to comment - Google Search,edge,Default,google.com,search,2025-12-09,18,Tuesday
2025-12-09 18:26:33.160773,https://www.google.com/search,how to comment multiple lines in python - Google Search,edge,Default,google.com,search,2025-12-09,18,Tuesday
2025-12-09 18:27:57.659597,https://colab.research.google.com/drive/1Yej2m_NBOUj-d6RgWv94WrFaKu0UK_zT#scrollTo=WKvvoToeIQWI,Harvards_Artifacts_Collection.ipynb - Colab,edge,Default,google.com,search,2025-12-09,18,Tuesday
2025-12-09 18:28:02.288450,https://colab.research.google.com/drive/1Yej2m_NBOUj-d6RgWv94WrFaKu0UK_zT#scrollTo=WfWLKykeJhIY,Harvards_Artifacts_Collection.ipynb - Colab,edge,Default,google.com,search,2025-12-09,18,Tuesday
2025-12-09 18:47:50.340820,https://colab.research.google.com/drive/1Yej2m_NBOUj-d6RgWv94WrFaKu0UK_zT#scrollTo=0TY5-nJGPPuq,Harvards_Artifacts_Collection.ipynb - Colab,edge,Default,google.com,search,2025-12-09,18,Tuesday
2025-12-09 18:55:47.449442,https://colab.research.google.com/drive/1Yej2m_NBOUj-d6RgWv94WrFaKu0UK_zT#scrollTo=Dio4Gikvb8FK,Harvards_Artifacts_Collection.ipynb - Colab,edge,Default,google.com,search,2025-12-09,18,Tuesday
2025-12-09 19:48:30.923989,https://colab.research.google.com/drive/1Yej2m_NBOUj-d6RgWv94WrFaKu0UK_zT#scrollTo=MhWPCyPWNYYX,Harvards_Artifacts_Collection.ipynb - Colab,edge,Default,google.com,search,2025-12-09,19,Tuesday
2025-12-09 19:48:46.289547,https://colab.research.google.com/drive/1Yej2m_NBOUj-d6RgWv94WrFaKu0UK_zT#scrollTo=Y7SgNiJdONb6,Harvards_Artifacts_Collection.ipynb - Colab,edge,Default,google.com,search,2025-12-09,19,Tuesday
2025-12-09 19:49:29.818940,https://colab.research.google.com/drive/1Yej2m_NBOUj-d6RgWv94WrFaKu0UK_zT#scrollTo=C-RqYjgickw2,Harvards_Artifacts_Collection.ipynb - Colab,edge,Default,google.com,search,2025-12-09,19,Tuesday
2025-12-09 19:52:42.882060,https://colab.research.google.com/drive/1Yej2m_NBOUj-d6RgWv94WrFaKu0UK_zT#scrollTo=81yxsY5mp4r9,Harvards_Artifacts_Collection.ipynb - Colab,edge,Default,google.com,search,2025-12-09,19,Tuesday
2025-12-09 19:52:49.201381,https://colab.research.google.com/drive/1Yej2m_NBOUj-d6RgWv94WrFaKu0UK_zT#scrollTo=qqNJnTKON3yW,Harvards_Artifacts_Collection.ipynb - Colab,edge,Default,google.com,search,2025-12-09,19,Tuesday
2025-12-09 20:19:39.185703,https://colab.research.google.com/drive/1Yej2m_NBOUj-d6RgWv94WrFaKu0UK_zT#scrollTo=iD6u7LpJq7yv,Harvards_Artifacts_Collection.ipynb - Colab,edge,Default,google.com,search,2025-12-09,20,Tuesday
2025-12-09 20:19:44.492380,https://colab.research.google.com/drive/1Yej2m_NBOUj-d6RgWv94WrFaKu0UK_zT#scrollTo=7Su5y2ARqyRJ,Harvards_Artifacts_Collection.ipynb - Colab,edge,Default,google.com,search,2025-12-09,20,Tuesday
2025-12-09 20:19:51.850193,https://colab.research.google.com/drive/1Yej2m_NBOUj-d6RgWv94WrFaKu0UK_zT#scrollTo=D3J36uPzp_Jq,Harvards_Artifacts_Collection.ipynb - Colab,edge,Default,google.com,search,2025-12-09,20,Tuesday
2025-12-09 20:27:39.689930,https://mail.google.com/mail/u/0/,"Inbox (1,938) - ssubasangkari@gmail.com - Gmail",edge,Default,google.com,search,2025-12-09,20,Tuesday
2025-12-09 20:27:46.175404,https://mail.google.com/mail/u/0/,CDSL Consolidated Account Statement (CAS) across Mutual Funds and Depositories for-NOV2025-754897951-1-1 - ssubasangkari@gmail.com - Gmail,edge,Default,google.com,search,2025-12-09,20,Tuesday
2025-12-10 03:05:07.117798,https://www.bing.com/search,https://student-app-production-e81d.up.railway.app/ - Search,edge,Default,bing.com,search,2025-12-10,3,Wednesday
2025-12-10 03:33:02.384369,https://www.bing.com/ck/a,,edge,Default,bing.com,search,2025-12-10,3,Wednesday
2025-12-10 03:33:02.445140,https://www.bing.com/search,learn square - Search,edge,Default,bing.com,search,2025-12-10,3,Wednesday
2025-12-10 04:22:58.088427,https://www.bing.com/ck/a,,edge,Default,bing.com,search,2025-12-10,4,Wednesday
2025-12-10 04:22:58.147372,https://www.bing.com/search,w3school - Search,edge,Default,bing.com,search,2025-12-10,4,Wednesday
2025-12-10 04:22:58.689401,https://www.w3schools.com/,W3Schools Online Web Tutorials,edge,Default,w3schools.com,other,2025-12-10,4,Wednesday
2025-12-10 04:23:25.396626,https://www.w3schools.com/python/default.asp,Python Tutorial,edge,Default,w3schools.com,other,2025-12-10,4,Wednesday
2025-12-10 04:23:37.375874,https://www.w3schools.com/python/python_file_handling.asp,Python File Open,edge,Default,w3schools.com,other,2025-12-10,4,Wednesday
2025-12-10 05:48:46.321539,https://classify.zenclass.in/meet-dashboard-new,Classify,edge,Default,zenclass.in,learning,2025-12-10,5,Wednesday
2025-12-10 09:39:36.825981,https://www.bing.com/ck/a,,edge,Default,bing.com,search,2025-12-10,9,Wednesday
2025-12-10 09:39:36.870215,https://www.bing.com/search,join my quiz - Search,edge,Default,bing.com,search,2025-12-10,9,Wednesday
2025-12-10 09:39:52.598269,https://wayground.com/join/avatar-shop,Save Avatar - Wayground (Formerly Quizizz),edge,Default,wayground.com,other,2025-12-10,9,Wednesday
2025-12-10 09:40:21.455567,https://www.bing.com/search,pandas uses - Search,edge,Default,bing.com,search,2025-12-10,9,Wednesday
2025-12-10 09:41:39.797678,https://wayground.com/join/dashboard,For Students - Enter Your Code | Wayground (Formerly Quizizz),edge,Default,wayground.com,other,2025-12-10,9,Wednesday
2025-12-10 09:41:53.208324,https://wayground.com/join/pre-game/running/U2FsdGVkX18nDMozU2VdMaLL1CGRcXVOw6NbX66UHwYHDnYh5gDtDsFZQ7V149IFCuoygB5MI1g0Et0dOlBvoA%253D%253D/start,Start Playing - Wayground (Formerly Quizizz),edge,Default,wayground.com,other,2025-12-10,9,Wednesday
2025-12-10 09:47:39.176276,https://wayground.com/join/game/U2FsdGVkX1%252FZzu%252Bd2w5adhcibCo8zRw30J0bqAqhZLjLHKSyor5yM9H%252FgWIj4hXV8vRH1IIkKASs7jdXAyW0mhc%252BjWx28reu1IIhjtVnLqQ%253D,For students — Enter a Wayground Code,edge,Default,wayground.com,other,2025-12-10,9,Wednesday
2025-12-10 09:47:45.039208,https://wayground.com/join/game/U2FsdGVkX1%252B6Ylq69%252FA%252BFfvXMwQCm4%252FYrDFxBa%252BTzlmh5%252FH3Jmu3Pq2jmM3hSxFhVvcjku9A41arXAotQXCYYerU8ng8bO81GTGtAraidLM%253D,Playing a Game - Wayground (Formerly Quizizz),edge,Default,wayground.com,other,2025-12-10,9,Wednesday
2025-12-10 09:47:45.233272,https://wayground.com/join/game/U2FsdGVkX1%252B6Ylq69%252FA%252BFfvXMwQCm4%252FYrDFxBa%252BTzlmh5%252FH3Jmu3Pq2jmM3hSxFhVvcjku9A41arXAotQXCYYerU8ng8bO81GTGtAraidLM%253D,Playing a Game - Wayground (Formerly Quizizz),edge,Default,wayground.com,other,2025-12-10,9,Wednesday
2025-12-10 09:49:13.841085,https://wayground.com/join/game/U2FsdGVkX1%252B3Wts9IUzBuBm5JsMjtfH3e6DtwFRkfMULnScN9ExXzaQIdxSu0IR0k%252F8RdVg9gPJt%252BB47KNpjbGTcKRMkIGvQ%252BkGwYFTmzIg%253D,Playing a Game - Wayground (Formerly Quizizz),edge,Default,wayground.com,other,2025-12-10,9,Wednesday
2025-12-10 09:56:48.769105,https://wayground.com/join/game/U2FsdGVkX1%252B%252FDOg0QF3RnMZon6AjAy5uJ%252FRF35gXLbe8gX1G3oYM8Drti5qa%252FISD2P8CR6yKkdA6P%252B2vbs%252FB8YJlCTvGojTY2tqGjzoH2ew%253D,Playing a Game - Wayground (Formerly Quizizz),edge,Default,wayground.com,other,2025-12-10,9,Wednesday
2025-12-10 09:57:08.327413,https://wayground.com/join/game/U2FsdGVkX19vXNSPU1Zzk2KFszRXFCjH3Sxw1UnH69%252FwyY7FW9n90PnMOR5h3IaNlWJ%252B0OmulocEz1kS6Y02cLGCPxpHzhcHfKNTJkeyVcQ%253D,Playing a Game - Wayground (Formerly Quizizz),edge,Default,wayground.com,other,2025-12-10,9,Wednesday
2025-12-10 10:01:02.009380,https://wayground.com/join/game/U2FsdGVkX1%252B6oA%252B5mHYPU5NIi%252B0EYci%252Fx4kPQTzxfR%252FlRp4okdRzsVuD4ID4%252B%252FBgwFuTLGxEbtjNIqMmW4OKe9SpO33pK6GROIx2Y98OGSQ%253D,Playing a Game - Wayground (Formerly Quizizz),edge,Default,wayground.com,other,2025-12-10,10,Wednesday
2025-12-10 10:01:06.875562,https://wayground.com/join/game/U2FsdGVkX19dsZkT3fjfP7Nl%252B0jSGaIiXczV17CNhkFEKLAwJd8YYA5GU8GbfXCWjQ7eb3yELweC00yI5NpsWQBK7Vn7eI%252Bt1SrTxmE4FTM%253D,Playing a Game - Wayground (Formerly Quizizz),edge,Default,wayground.com,other,2025-12-10,10,Wednesday
2025-12-10 10:01:12.186437,https://wayground.com/join/game/U2FsdGVkX19nNMH5cVGXti%252F59TVObEEsKAStaabwm2u0tsfJhry61z7YUpVkp4iUvf2GF4W0wGFwO2uGksYToaDFWgnYfeDQ7Ai%252FWWSBFMA%253D,Playing a Game - Wayground (Formerly Quizizz),edge,Default,wayground.com,other,2025-12-10,10,Wednesday
2025-12-10 10:01:12.196944,https://wayground.com/join/game/U2FsdGVkX19IEXpsOESrFfD%252BLG052Z4K%252BjsH%252FqsOyS%252FoGd8pu%252FNNCvK79fupofP6zlIjaQf%252F1%252FDpg3fTVQfCuytPNsyprN66Yp3xCWNiqmE%253D,Summary - Quizizz,edge,Default,wayground.com,other,2025-12-10,10,Wednesday
2025-12-10 10:04:00.692820,https://wayground.com/join/game/U2FsdGVkX19IEXpsOESrFfD%252BLG052Z4K%252BjsH%252FqsOyS%252FoGd8pu%252FNNCvK79fupofP6zlIjaQf%252F1%252FDpg3fTVQfCuytPNsyprN66Yp3xCWNiqmE%253D,Summary - Quizizz,edge,Default,wayground.com,other,2025-12-10,10,Wednesday
2025-12-10 14:32:10.660797,https://www.google.com/search,salem to rasipuram distance - Google Search,edge,Default,google.com,search,2025-12-10,14,Wednesday
2025-12-10 14:32:18.829553,https://www.google.com/search,salem to rasipuram distance - Google Search,edge,Default,google.com,search,2025-12-10,14,Wednesday
2025-12-10 14:32:19.126429,https://www.google.com/search,salem to rameshwaram distance - Google Search,edge,Default,google.com,search,2025-12-10,14,Wednesday
2025-12-10 15:14:14.168830,https://login.external.hp.com/idp/SSO.saml2,Continue with HP OneUID,edge,Default,hp.com,technology,2025-12-10,15,Wednesday
2025-12-10 15:14:42.315042,https://authenticator.pingone.com/pingid/ppm/auth/response,,edge,Default,pingone.com,other,2025-12-10,15,Wednesday
2025-12-10 15:14:45.200212,https://login.external.hp.com/idp/EHUlf/resumeSAML20/idp/SSO.ping,HP Network Detector,edge,Default,hp.com,technology,2025-12-10,15,Wednesday
2025-12-10 15:42:54.795290,https://hpitprod.service-now.com/nav_to.do,HPI Dispatcher Dashboard | ServiceNow,edge,Default,service-now.com,professional,2025-12-10,15,Wednesday
2025-12-10 15:43:15.260378,https://hpitprod.service-now.com/sys_user_list.do,Users | ServiceNow,edge,Default,service-now.com,professional,2025-12-10,15,Wednesday
2025-12-10 15:44:02.508211,https://hpitprod.service-now.com/nav_to.do,HPI Dispatcher Dashboard | ServiceNow,edge,Default,service-now.com,professional,2025-12-10,15,Wednesday
2025-12-10 15:44:36.493132,https://hpitprod.service-now.com/nav_to.do,HPI Dispatcher Dashboard | ServiceNow,edge,Default,service-now.com,professional,2025-12-10,15,Wednesday
2025-12-10 15:44:58.790104,https://hpitprod.service-now.com/sys_user_list.do,Users | ServiceNow,edge,Default,service-now.com,professional,2025-12-10,15,Wednesday
2025-12-10 16:18:42.753160,https://hpitprod.service-now.com/nav_to.do,HPI Dispatcher Dashboard | ServiceNow,edge,Default,service-now.com,professional,2025-12-10,16,Wednesday
2025-12-10 16:59:54.990323,https://hpitprod.service-now.com/nav_to.do,HPI Dispatcher Dashboard | ServiceNow,edge,Default,service-now.com,professional,2025-12-10,16,Wednesday
2025-12-10 17:00:31.041845,https://hpitprod.service-now.com/nav_to.do,HPI Dispatcher Dashboard | ServiceNow,edge,Default,service-now.com,professional,2025-12-10,17,Wednesday
2025-12-10 17:00:55.672912,https://hpitprod.service-now.com/nav_to.do,HPI Dispatcher Dashboard | ServiceNow,edge,Default,service-now.com,professional,2025-12-10,17,Wednesday
2025-12-10 17:02:17.656729,https://hpitprod.service-now.com/nav_to.do,Incidents | ServiceNow,edge,Default,service-now.com,professional,2025-12-10,17,Wednesday
2025-12-10 17:18:54.059984,https://hpitprod.service-now.com/nav_to.do,ServiceNow,edge,Default,service-now.com,professional,2025-12-10,17,Wednesday
2025-12-10 17:48:32.678719,https://hpitprod.service-now.com/nav_to.do,HPI Dispatcher Dashboard | ServiceNow,edge,Default,service-now.com,professional,2025-12-10,17,Wednesday
2025-12-10 19:19:51.896902,https://hpitprod.service-now.com/nav_to.do,ServiceNow,edge,Default,service-now.com,professional,2025-12-10,19,Wednesday
2025-12-10 19:19:53.170859,https://login.external.hp.com/idp/SSO.saml2,Continue with HP OneUID,edge,Default,hp.com,technology,2025-12-10,19,Wednesday
2025-12-10 19:20:07.688265,https://www.google.com/search,abhishega samaan in tamil - Google Search,edge,Default,google.com,search,2025-12-10,19,Wednesday
2025-12-10 23:37:22.206638,https://login.external.hp.com/idp/SSO.saml2,Continue with HP OneUID,edge,Default,hp.com,technology,2025-12-10,23,Wednesday
2025-12-10 23:37:39.614579,https://login.external.hp.com/idp/4R93N/resumeSAML20/idp/SSO.ping,HP Network Detector,edge,Default,hp.com,technology,2025-12-10,23,Wednesday
2025-12-10 23:41:05.974492,https://hpitprod.service-now.com/nav_to.do,INC10438935 | Incident | ServiceNow,edge,Default,service-now.com,professional,2025-12-10,23,Wednesday
2025-12-11 04:20:21.589826,https://www.bing.com/search,prime no or not - Search,edge,Default,bing.com,search,2025-12-11,4,Thursday
2025-12-11 04:20:57.235194,https://www.bing.com/search,prime no or not logic - Search,edge,Default,bing.com,search,2025-12-11,4,Thursday
2025-12-11 05:57:10.861618,https://www.bing.com/search,prints fibonacci numbers up to n term - Search,edge,Default,bing.com,search,2025-12-11,5,Thursday
2025-12-11 09:57:57.966672,https://www.bing.com/ck/a,,edge,Default,bing.com,search,2025-12-11,9,Thursday
2025-12-11 09:58:19.332299,https://www.bing.com/images/search,,edge,Default,bing.com,search,2025-12-11,9,Thursday
2025-12-11 09:58:51.130528,https://www.bing.com/ck/a,,edge,Default,bing.com,search,2025-12-11,9,Thursday
2025-12-11 09:58:51.239897,https://www.bing.com/search,perfect square - Search,edge,Default,bing.com,search,2025-12-11,9,Thursday
2025-12-11 09:58:55.668647,https://www.bing.com/images/search,perfect square - Search Images,edge,Default,bing.com,search,2025-12-11,9,Thursday
2025-12-11 09:59:57.126629,https://www.bing.com/images/search,perfect square - Search Images,edge,Default,bing.com,search,2025-12-11,9,Thursday
2025-12-11 16:32:31.068970,https://login.external.hp.com/idp/SSO.saml2,Continue with HP OneUID,edge,Default,hp.com,technology,2025-12-11,16,Thursday
2025-12-11 16:33:06.311830,https://authenticator.pingone.com/pingid/ppm/auth/response,,edge,Default,pingone.com,other,2025-12-11,16,Thursday
2025-12-11 16:33:09.191440,https://login.external.hp.com/idp/MSztx/resumeSAML20/idp/SSO.ping,HP Network Detector,edge,Default,hp.com,technology,2025-12-11,16,Thursday
2025-12-11 16:34:24.436530,https://hpitprod.service-now.com/nav_to.do,Incidents | ServiceNow,edge,Default,service-now.com,professional,2025-12-11,16,Thursday
2025-12-11 16:35:31.738529,https://hpitprod.service-now.com/nav_to.do,Incidents | ServiceNow,edge,Default,service-now.com,professional,2025-12-11,16,Thursday
2025-12-11 16:35:50.875481,https://hpitprod.service-now.com/nav_to.do,INC10034552 | Incident | ServiceNow,edge,Default,service-now.com,professional,2025-12-11,16,Thursday
2025-12-11 16:36:36.868436,https://hpitprod.service-now.com/nav_to.do,Incidents | ServiceNow,edge,Default,service-now.com,professional,2025-12-11,16,Thursday
2025-12-11 16:37:28.523297,https://hpitprod.service-now.com/nav_to.do,Incidents | ServiceNow,edge,Default,service-now.com,professional,2025-12-11,16,Thursday
2025-12-11 16:40:37.880877,https://hpitprod.service-now.com/nav_to.do,Incidents | ServiceNow,edge,Default,service-now.com,professional,2025-12-11,16,Thursday
2025-12-11 16:41:02.127115,https://hpitprod.service-now.com/nav_to.do,Incidents | ServiceNow,edge,Default,service-now.com,professional,2025-12-11,16,Thursday
2025-12-11 16:50:22.503340,https://hpitprod.service-now.com/nav_to.do,Incidents | ServiceNow,edge,Default,service-now.com,professional,2025-12-11,16,Thursday
2025-12-12 02:39:51.357179,https://login.external.hp.com/idp/SSO.saml2,Continue with HP OneUID,edge,Default,hp.com,technology,2025-12-12,2,Friday
2025-12-12 02:40:26.955945,https://authenticator.pingone.com/pingid/ppm/auth/response,,edge,Default,pingone.com,other,2025-12-12,2,Friday
2025-12-12 02:40:29.278036,https://login.external.hp.com/idp/YGSYu/resumeSAML20/idp/SSO.ping,HP Network Detector,edge,Default,hp.com,technology,2025-12-12,2,Friday
2025-12-12 03:13:27.795410,https://www.bing.com/search,jaguwar car - Search,edge,Default,bing.com,search,2025-12-12,3,Friday
2025-12-12 06:43:08.199478,https://lms.semesterprep.in/test-result,LEARNSQUARE,edge,Default,semesterprep.in,other,2025-12-12,6,Friday
2025-12-12 06:45:18.400245,https://www.bing.com/ck/a,bing.com/ck/a?!&&p=c126b5b57beacb9050c08e9d2157bc9edfb99b9c93081de8a2d7154df68bedc6JmltdHM9MTc2NTQxMTIwMA&ptn=3&ver=2&hsh=4&fclid=0314e235-e9c6-64dd-113b-f773e8b165ee&psq=learn+square&u=a1aHR0cHM6Ly9sZWFybnNxdWFyZS5jby8&ntb=1,edge,Default,bing.com,search,2025-12-12,6,Friday
2025-12-12 06:45:18.422323,https://www.bing.com/search,learn square - Search,edge,Default,bing.com,search,2025-12-12,6,Friday
2025-12-12 06:45:18.883386,https://learnsquare.co/,learnsquare.co,edge,Default,learnsquare.co,other,2025-12-12,6,Friday
2025-12-12 06:45:53.561128,https://lms.semesterprep.in/login,lms.semesterprep.in,edge,Default,semesterprep.in,other,2025-12-12,6,Friday
2025-12-12 09:17:56.778088,https://www.bing.com/search,join my quiz - Search,edge,Default,bing.com,search,2025-12-12,9,Friday
2025-12-12 09:18:58.873361,https://wayground.com/join/pre-game/running/U2FsdGVkX18M5knhzQLWxhwuLOg%252BbGSi0qSRNmyQPQ2btT8dLFEdBmptPZVF1KwZf%252BLpaaqaABa3QsoGMNayQA%253D%253D/start,Start Playing - Wayground (Formerly Quizizz),edge,Default,wayground.com,other,2025-12-12,9,Friday
2025-12-12 09:18:58.880820,https://wayground.com/join/game/U2FsdGVkX1%252BfCU5OxxK52q%252BBQh1FtSQ0IpK%252F6KBZ43vXevtPkOISYW4m84kVfYP3wk%252BDZ7bAmTwt34Ji6TFyVmgNHjJbmVkafmx1nWGPVNc%253D,Playing a Game - Wayground (Formerly Quizizz),edge,Default,wayground.com,other,2025-12-12,9,Friday
2025-12-12 09:27:51.013071,https://wayground.com/join/game/U2FsdGVkX19z3AataLcLNkn7ajFjafo%252FWQYoVh8%252BNBBGDboX7D82zQCRIqbecCq%252FqmeC%252BcNhgWaKVPG6SQXtW6edLlqaHgJ%252FoQKBv%252Fnixo4%253D,For students — Enter a Wayground Code,edge,Default,wayground.com,other,2025-12-12,9,Friday
2025-12-12 09:28:54.735199,https://wayground.com/join/pre-game/running/U2FsdGVkX19J4hNJv%252Fd%252ByDtA3nmxr2ANNVbG0yQrdD49KysghuI9mLb6dvubcCAD5JYnAs6aVjeI9kr3ZMkjzg%253D%253D/start,Start Playing - Wayground (Formerly Quizizz),edge,Default,wayground.com,other,2025-12-12,9,Friday
2025-12-12 09:29:53.886353,https://www.bing.com/ck/a,bing.com/ck/a?!&&p=098f8765f3efbf03d127231b6b395f7165f97d4e16312f8c97baf0a67e7a8ba8JmltdHM9MTc2NTQ5NzYwMA&ptn=3&ver=2&hsh=4&fclid=0314e235-e9c6-64dd-113b-f773e8b165ee&psq=join+my+quiz&u=a1aHR0cHM6Ly93YXlncm91bmQuY29tL2pvaW4&ntb=1,edge,Default,bing.com,search,2025-12-12,9,Friday
2025-12-12 09:29:53.921633,https://www.bing.com/search,join my quiz - Search,edge,Default,bing.com,search,2025-12-12,9,Friday
2025-12-12 09:30:57.553015,https://wayground.com/join,For Students - Enter Your Code | Wayground (Formerly Quizizz),edge,Default,wayground.com,other,2025-12-12,9,Friday
2025-12-12 09:30:57.730245,https://wayground.com/join/pre-game/running/U2FsdGVkX1%252Bv4bcp4w90kQ52DGRCi0XNqD1%252BxKKEUlsNYq0K8f79Qb9O9Yrl1yZlOPscLRLOr3xE6MPLdb1zaQ%253D%253D/start,Start Playing - Wayground (Formerly Quizizz),edge,Default,wayground.com,other,2025-12-12,9,Friday
2025-12-12 09:30:57.739551,https://wayground.com/join/pre-game/running/U2FsdGVkX1%252FaUMafi7tGY8EqVTkslFbq1KFqcTrMy7IdrnGFvaB0AFV5SEKAqcKKTwEdWm2MRhAiFpoCsTdpRQ%253D%253D/start,Start Playing - Wayground (Formerly Quizizz),edge,Default,wayground.com,other,2025-12-12,9,Friday
2025-12-12 09:31:08.387483,https://wayground.com/join/game/U2FsdGVkX19%252BzKms0ZpofC%252BFUVydasUfz%252Fu6tFnCGQ6zPtpxqE4B72mylcWnhZ85gYcndS0xprNH9qBhxmI5DkUR431kyc3u07OlPCOUeiU%253D,Playing a Game - Wayground (Formerly Quizizz),edge,Default,wayground.com,other,2025-12-12,9,Friday
2025-12-12 09:32:16.022058,https://wayground.com/join/game/U2FsdGVkX18QAMnsFCNldg6gus1GFIJQ77rQ0n60oNsu3wPu6DHWPPgWPfXhikFiwruU0dVmxo8NA8jaosnxLR8I9JAtghGxhscXn4MMV%252FU%253D,Playing a Game - Wayground (Formerly Quizizz),edge,Default,wayground.com,other,2025-12-12,9,Friday
2025-12-12 09:35:31.389470,https://wayground.com/join/game/U2FsdGVkX18AwUkdAQxBi34HOWLrGNdft%252B8eDInlz4rEoG6Mqbii6D%252F%252BMFxowP%252FCFkhNwhy9Kt5HyZT78bXVjQ%252Fri%252BR%252Fgtouhl72u4AmRJ8%253D,Playing a Game - Wayground (Formerly Quizizz),edge,Default,wayground.com,other,2025-12-12,9,Friday
2025-12-12 09:35:36.033456,https://wayground.com/join/game/U2FsdGVkX1%252Bg7TgkGBBXOoO2iiYiGnJlIUlJK8phNpFIS64JIyU3oVULFGt%252FqITkQnl15uk%252BTu4wEFTdg7mkMuirvxtBZE1RZ5dFQYDGkQg%253D,Playing a Game - Wayground (Formerly Quizizz),edge,Default,wayground.com,other,2025-12-12,9,Friday
2025-12-12 09:36:52.504680,https://www.bing.com/search,round brackets in python - Search,edge,Default,bing.com,search,2025-12-12,9,Friday
2025-12-12 09:41:14.781962,https://wayground.com/join/game/U2FsdGVkX19iZVvczF9TmOKlt1VblKa7zB4NRosE%252Ft%252BtQb%252FPbvIfawf4Af2V1mm6QSU%252BLaWKVCij3lCukg2W2%252FezEyNtbcOW06YPBLuTp4g%253D,Playing a Game - Wayground (Formerly Quizizz),edge,Default,wayground.com,other,2025-12-12,9,Friday
2025-12-12 09:41:20.912618,https://wayground.com/join/game/U2FsdGVkX1%252FnrSxq%252B%252FIjrzt7l1LCscjb%252FHW8yCSjsnk2I%252FhfZzqzlmWNwFqM080e9SjoxFX39nGxsjvOEvR0CIDeuZvXKzn7td5Am%252FI8LvI%253D,Playing a Game - Wayground (Formerly Quizizz),edge,Default,wayground.com,other,2025-12-12,9,Friday
2025-12-12 09:47:32.456850,https://wayground.com/join/game/U2FsdGVkX1%252BIkzxC%252FBI7kYQJHDsBkLjRy0atmQpclcSAfK6PakQWl7MNWR02p4N9Ryg7Q3bOgiXXKzJgYaJpaP5KnwCM9zYj0UCKWnn376M%253D,Playing a Game - Wayground (Formerly Quizizz),edge,Default,wayground.com,other,2025-12-12,9,Friday
2025-12-12 09:47:37.615736,https://wayground.com/join/game/U2FsdGVkX1%252BmMLSW08ylj3%252Bp376th5%252FThg41N0L9bH4DGFTnOY13ludzUaL9heGv6RvFcg6HzwhZq1Q%252BshagKZQtrfzNkDGH3Yb3pRo5Gfc%253D,Playing a Game - Wayground (Formerly Quizizz),edge,Default,wayground.com,other,2025-12-12,9,Friday
2025-12-12 09:50:57.559244,https://wayground.com/join/game/U2FsdGVkX19%252BQo2NaVkQOLlyo501MNBlEKJuuIXpXGzfM8jLNZPGrdbWbu09QBVeHu8dpAgoaKsSJ5civ4eq%252BLoiz9rp3OkqOgWfvpbFbmI%253D,Playing a Game - Wayground (Formerly Quizizz),edge,Default,wayground.com,other,2025-12-12,9,Friday
2025-12-12 09:51:03.087625,https://wayground.com/join/game/U2FsdGVkX19iiTVCK0NPoVwSPjaFYofTPBNkMhTQsWfmXqqK4uQXVbVirNS0J8Qm3YM9bbP015ZjKDUap%252FqYOnrj3cXOfG6RAe5IyllOjmg%253D,Playing a Game - Wayground (Formerly Quizizz),edge,Default,wayground.com,other,2025-12-12,9,Friday
2025-12-12 09:54:16.247749,https://wayground.com/join/game/U2FsdGVkX18kIk1od%252BufK%252FuK7917GZM64hABKV0mr85GFvTxdMAbLnJ%252B77UwnSYdPZDkOyovpfzW0iOoxlzrRbQeEET8cYyoKo7lJ9vSAhI%253D,Playing a Game - Wayground (Formerly Quizizz),edge,Default,wayground.com,other,2025-12-12,9,Friday
2025-12-12 09:54:20.638052,https://wayground.com/join/game/U2FsdGVkX19W4FMALJERP2E015lVpXY41Hnx065m1ho4vI0gxKmunH%252Fl1CL%252B8MjrNmCnG2U%252BDiuSqPr6impiDk1uaWyHg6AevXVPzu7tovI%253D,Playing a Game - Wayground (Formerly Quizizz),edge,Default,wayground.com,other,2025-12-12,9,Friday
2025-12-12 09:58:14.226331,https://wayground.com/join/game/U2FsdGVkX18sg%252BYfpyLv6XQgHWHlkNaI1MR2mtgsOOfVKIWW1Or%252BTu2NvKldHYWwOhGlisaR%252BXQid865Jqw4aKqHOVWzNmnKMsOuPGHtpkM%253D,Playing a Game - Wayground (Formerly Quizizz),edge,Default,wayground.com,other,2025-12-12,9,Friday
2025-12-12 09:58:18.515108,https://wayground.com/join/game/U2FsdGVkX18FqPrRT8%252FLXw7PH6f1cm4gu5%252BbI4JgDCf%252Ft7dmcwR%252BubFB8AdbM3H3P28V%252FC2c%252FhI9mxz5IQhkVYCOBsAr%252FFHUAhRju8o3zZg%253D,Playing a Game - Wayground (Formerly Quizizz),edge,Default,wayground.com,other,2025-12-12,9,Friday
2025-12-12 10:01:23.115966,https://wayground.com/join/game/U2FsdGVkX18KHOhL2a1NWEZaGHvgvaA4VZkSSyq3A9ewrVl83FZYjBv2nsUkA97yCVFw1xkLK9oRtHbvq4CzpuNICnf%252FJiXRN3lK2C9G9FA%253D,Playing a Game - Wayground (Formerly Quizizz),edge,Default,wayground.com,other,2025-12-12,10,Friday
2025-12-12 10:01:28.716057,https://wayground.com/join/game/U2FsdGVkX18%252BLQ783%252FnShl2Dr4VaR7k7o1E3QUig9XLcP3YuDj%252Fezwe6SzqZ2yflPtWoZtlKsGrFyJsCbpdg8R4qvyLtlMAyHWz6zi0h1Q8%253D,Playing a Game - Wayground (Formerly Quizizz),edge,Default,wayground.com,other,2025-12-12,10,Friday
2025-12-12 10:06:09.674710,https://wayground.com/join/game/U2FsdGVkX19Ls2OoJdHixuYINcHrOiyUx0GTSyQeSDwlXeeknKuuR7kPfmIT2w1MltDfi9WUlcJDDHwOF4XhZHvsXSL5x9%252F%252BlDEer%252BRz%252FVU%253D,Playing a Game - Wayground (Formerly Quizizz),edge,Default,wayground.com,other,2025-12-12,10,Friday
2025-12-12 10:06:13.805986,https://wayground.com/join/game/U2FsdGVkX1%252FZJNuqRgpsx6p5wuVcPg45x1tPq%252B53xLVX0sNyJDdhLZwkEbTMGkp522d%252BtBZEx9ahcKIPkCnsXMl0SgLufZGJz7RP92MWKiE%253D,Playing a Game - Wayground (Formerly Quizizz),edge,Default,wayground.com,other,2025-12-12,10,Friday
2025-12-12 10:06:23.144674,https://wayground.com/join/game/U2FsdGVkX1%252BEuNzBaPJSiVCE7N7I8TP2luNRyfrcnjvgCjKe2beFl1Cg89HGKMZjLUVgr6mH8Pdspa0sdFYvPn%252FUuXfRLhzB1cbF1quVI6o%253D,Playing a Game - Wayground (Formerly Quizizz),edge,Default,wayground.com,other,2025-12-12,10,Friday
2025-12-12 10:06:23.163878,https://wayground.com/join/game/U2FsdGVkX1%252Bmxr6UpkvDe69br62XYeqsZH35BYzJLQww9%252BRkvSxAIbvi1E9UHyx6DPS%252Bl6%252B%252Byu7g0yURCqWG%252FJhT2JT3E5qIoRKKZ56C4Ik%253D,Summary - Quizizz,edge,Default,wayground.com,other,2025-12-12,10,Friday
2025-12-12 10:06:38.683510,https://wayground.com/join/game/U2FsdGVkX1%252Bmxr6UpkvDe69br62XYeqsZH35BYzJLQww9%252BRkvSxAIbvi1E9UHyx6DPS%252Bl6%252B%252Byu7g0yURCqWG%252FJhT2JT3E5qIoRKKZ56C4Ik%253D,Summary - Quizizz,edge,Default,wayground.com,other,2025-12-12,10,Friday
2025-12-12 10:06:54.388938,https://wayground.com/join/pre-game/running/U2FsdGVkX18xQboEldO21uVuLyP9jOfTxVxYnNNqoDj4ZAm5PJINCnSPQoWkg7kZOFCTQNAgTbVQZtgNru1BVynZFngQUp%252BqEzJDWnGYQGEbMxSXoRBTuSd%252ByQ%252Bdfwus/start,Start Playing - Wayground (Formerly Quizizz),edge,Default,wayground.com,other,2025-12-12,10,Friday
2025-12-12 10:07:00.027913,https://wayground.com/join/game/U2FsdGVkX1%252Bmxr6UpkvDe69br62XYeqsZH35BYzJLQww9%252BRkvSxAIbvi1E9UHyx6DPS%252Bl6%252B%252Byu7g0yURCqWG%252FJhT2JT3E5qIoRKKZ56C4Ik%253D,Playing a Game - Wayground (Formerly Quizizz),edge,Default,wayground.com,other,2025-12-12,10,Friday
2025-12-12 10:07:03.210240,https://wayground.com/join/game/U2FsdGVkX1%252BkUAsZFjKs1DSbq5WJn0p6nSCZQW5Q3DUuYgrLTZ5Wt%252BPnHW4njNQkYbuckYKsA2BhQAMg4Tyb%252BbkMZCgYNAF6mfnSuniLJdo%253D,Summary - Quizizz,edge,Default,wayground.com,other,2025-12-12,10,Friday
2025-12-12 10:07:03.798681,https://wayground.com/join/game/U2FsdGVkX1%252BkUAsZFjKs1DSbq5WJn0p6nSCZQW5Q3DUuYgrLTZ5Wt%252BPnHW4njNQkYbuckYKsA2BhQAMg4Tyb%252BbkMZCgYNAF6mfnSuniLJdo%253D,Summary - Quizizz,edge,Default,wayground.com,other,2025-12-12,10,Friday
2025-12-12 13:09:26.560281,https://authenticator.pingone.com/pingid/ppm/auth/response,,edge,Default,pingone.com,other,2025-12-12,13,Friday
2025-12-12 13:49:27.078896,https://hpitprod.service-now.com/nav_to.do,INC-HPI-LV2-PSO-SAP-DXC | Group | ServiceNow,edge,Default,service-now.com,professional,2025-12-12,13,Friday
2025-12-12 13:49:27.124311,https://hpitprod.service-now.com/nav_to.do,Incidents | ServiceNow,edge,Default,service-now.com,professional,2025-12-12,13,Friday
2025-12-12 13:49:48.423397,https://hpitprod.service-now.com/nav_to.do,INC-HPI-LV2-INFRA-BACKUP-DXC | Group | ServiceNow,edge,Default,service-now.com,professional,2025-12-12,13,Friday
2025-12-12 13:50:07.356850,https://hpitprod.service-now.com/nav_to.do,INC-HPI-LV2-INFRA-BACKUP-DXC | Group | ServiceNow,edge,Default,service-now.com,professional,2025-12-12,13,Friday
2025-12-12 13:50:13.334876,https://login.external.hp.com/idp/jxCLI/resumeSAML20/idp/SSO.ping,HP Network Detector,edge,Default,hp.com,technology,2025-12-12,13,Friday
2025-12-12 13:50:17.747679,https://login.external.hp.com/idp/SSO.saml2,Continue with HP OneUID,edge,Default,hp.com,technology,2025-12-12,13,Friday
2025-12-12 13:50:21.983184,https://login.external.hp.com/idp/ZEyEs/resumeSAML20/idp/SSO.ping,Submit Form,edge,Default,hp.com,technology,2025-12-12,13,Friday
2025-12-12 14:30:37.901437,https://login.external.hp.com/idp/SSO.saml2,Continue with HP OneUID,edge,Default,hp.com,technology,2025-12-12,14,Friday
2025-12-12 14:31:09.610344,https://login.external.hp.com/idp/SSO.saml2,Continue with HP OneUID,edge,Default,hp.com,technology,2025-12-12,14,Friday
2025-12-12 14:31:26.256435,https://login.external.hp.com/idp/1VR0q/resumeSAML20/idp/SSO.ping,HP Network Detector,edge,Default,hp.com,technology,2025-12-12,14,Friday
2025-12-12 14:31:40.154375,https://hpitprod.service-now.com/$m.do#/list/incident,HP NOW -,edge,Default,service-now.com,professional,2025-12-12,14,Friday
2025-12-12 14:31:48.169124,https://hpitprod.service-now.com/$m.do#/home,HP NOW,edge,Default,service-now.com,professional,2025-12-12,14,Friday
2025-12-12 14:31:50.692903,https://hpitprod.service-now.com/hp,HPI Home - HPNow,edge,Default,service-now.com,professional,2025-12-12,14,Friday
2025-12-12 14:59:34.633724,https://test.hyrenet.in/cow-bell-fix,HyreNet,edge,Default,hyrenet.in,technology,2025-12-12,14,Friday
2025-12-12 15:00:40.781935,https://test.hyrenet.in/cow-bell-fix/login,HyreNet,edge,Default,hyrenet.in,technology,2025-12-12,15,Friday
2025-12-13 03:17:50.227273,https://www.bing.com/ck/a,,edge,Default,bing.com,search,2025-12-13,3,Saturday
2025-12-13 03:17:50.253601,https://www.bing.com/search,learn square - Search,edge,Default,bing.com,search,2025-12-13,3,Saturday
2025-12-13 03:29:30.518064,https://lms.semesterprep.in/practice-tests,LEARNSQUARE,edge,Default,semesterprep.in,other,2025-12-13,3,Saturday
2025-12-13 03:29:33.769700,https://lms.semesterprep.in/assessments-proctored,LEARNSQUARE,edge,Default,semesterprep.in,other,2025-12-13,3,Saturday
2025-12-13 03:30:10.564997,https://lms.semesterprep.in/test-panel,LEARNSQUARE,edge,Default,semesterprep.in,other,2025-12-13,3,Saturday
2025-12-13 04:30:15.346291,https://lms.semesterprep.in/,LEARNSQUARE,edge,Default,semesterprep.in,other,2025-12-13,4,Saturday
2025-12-13 13:39:02.569729,https://order.shoptree.app/vxOnrbbno1,Online Order App,edge,Default,shoptree.app,other,2025-12-13,13,Saturday
2025-12-13 13:54:14.265780,https://order.shoptree.app/vxOnrbbno1/home,Online Order App,edge,Default,shoptree.app,other,2025-12-13,13,Saturday
2025-12-13 13:58:52.920050,https://order.shoptree.app/vxOnrbbno1/products,Online Order App,edge,Default,shoptree.app,other,2025-12-13,13,Saturday
2025-12-13 13:59:44.274013,https://order.shoptree.app/vxOnrbbno1/login,Online Order App,edge,Default,shoptree.app,other,2025-12-13,13,Saturday
2025-12-13 13:59:54.157108,https://order.shoptree.app/vxOnrbbno1/otp_verification,Online Order App,edge,Default,shoptree.app,other,2025-12-13,13,Saturday
2025-12-13 13:59:59.306872,https://order.shoptree.app/vxOnrbbno1/orders/create,Online Order App,edge,Default,shoptree.app,other,2025-12-13,13,Saturday
2025-12-13 13:59:59.317443,https://order.shoptree.app/vxOnrbbno1/payments,Online Order App,edge,Default,shoptree.app,other,2025-12-13,13,Saturday
2025-12-13 15:17:26.802796,https://www.amazon.de/b,Amazon.de: : All Departments,edge,Default,amazon.de,other,2025-12-13,15,Saturday
2025-12-15 02:25:45.764830,https://www.google.com/search,china timing now - Google Search,edge,Default,google.com,search,2025-12-15,2,Monday
2025-12-15 04:23:14.220115,https://classify.zenclass.in/meet-dashboard-new,Classify,edge,Default,zenclass.in,learning,2025-12-15,4,Monday
2025-12-15 04:40:26.461548,https://classify.zenclass.in/integration,Classify,edge,Default,zenclass.in,learning,2025-12-15,4,Monday
2025-12-15 05:13:57.550636,https://classify.zenclass.in/meet-dashboard-new,Classify,edge,Default,zenclass.in,learning,2025-12-15,5,Monday
2025-12-15 18:43:11.161879,https://tamil.news18.com/amp/photogallery/trend/good-news-for-who-booking-tatkal-ticket-irctc-did-this-action-will-impact-in-tatkal-tickets-abm-ws-l-1995298.html,தட்கல் டிக்கெட் புக் பண்றவங்களுக்கு குட் நியூஸ்!! IRCTC மேற்கொண்ட அதிரடி நடவடிக்கை.. | ட்ரெண்டிங் - News18 தமிழ்,edge,Default,news18.com,other,2025-12-15,18,Monday
2025-12-16 03:32:30.281849,https://classify.zenclass.in/integration,Classify,edge,Default,zenclass.in,learning,2025-12-16,3,Tuesday
2025-12-16 07:43:14.432031,https://classify.zenclass.in/meet-dashboard-new,Classify,edge,Default,zenclass.in,learning,2025-12-16,7,Tuesday
2025-12-16 07:43:24.580612,https://www.google.com/search,pottukadalai - Google Search,edge,Default,google.com,search,2025-12-16,7,Tuesday
2025-12-16 07:43:51.287004,https://www.google.com/search,pottukadalai - Google Search,edge,Default,google.com,search,2025-12-16,7,Tuesday
2025-12-16 07:44:01.146571,https://www.google.com/search,roasted chana dal - Google Search,edge,Default,google.com,search,2025-12-16,7,Tuesday
2025-12-16 09:23:42.235530,https://colab.research.google.com/drive/1Yej2m_NBOUj-d6RgWv94WrFaKu0UK_zT#scrollTo=qkoVmewgNpk5,Harvards_Artifacts_Collection.ipynb - Colab,edge,Default,google.com,search,2025-12-16,9,Tuesday
2025-12-16 09:59:47.137097,https://chatgpt.com/,ChatGPT,edge,Default,chatgpt.com,learning,2025-12-16,9,Tuesday
2025-12-16 11:31:16.198615,https://www.google.com/search,SELECT AVG(rank) AS average_rank FROM artifact_media; -- mysql - Google Search,edge,Default,google.com,search,2025-12-16,11,Tuesday
2025-12-16 11:31:18.368610,https://www.google.com/search,SELECT AVG(rank) AS average_rank FROM artifact_media; -- mysql - Google Search,edge,Default,google.com,search,2025-12-16,11,Tuesday
2025-12-16 13:08:46.241308,https://www.google.com/search,how to comment in mysql workbench - Google Search,edge,Default,google.com,search,2025-12-16,13,Tuesday
2025-12-16 14:47:54.739831,https://www.bing.com/ck/a,,edge,Default,bing.com,search,2025-12-16,14,Tuesday
2025-12-16 14:47:54.755783,https://www.bing.com/search,notepad++ - Search,edge,Default,bing.com,search,2025-12-16,14,Tuesday
2025-12-16 14:47:55.313015,https://notepad-plus-plus.org/downloads/,Downloads | Notepad++,edge,Default,notepad-plus-plus.org,other,2025-12-16,14,Tuesday
2025-12-16 14:47:57.578202,https://notepad-plus-plus.org/downloads/v8.8.9/,Download Notepad++ v8.8.9: vulnerability-fix | Notepad++,edge,Default,notepad-plus-plus.org,other,2025-12-16,14,Tuesday
2025-12-16 15:24:40.546952,https://docs.google.com/document/d/1aR3pUZFlCi8gicpF6aPHPESeFdOtGMlfob5PckresZk/edit,Special session for STREAMLIT - Google Docs,edge,Default,google.com,search,2025-12-16,15,Tuesday
2025-12-16 15:24:41.582516,https://docs.google.com/document/d/1aR3pUZFlCi8gicpF6aPHPESeFdOtGMlfob5PckresZk/edit,Special session for STREAMLIT - Google Docs,edge,Default,google.com,search,2025-12-16,15,Tuesday
2025-12-16 15:25:05.551879,https://drive.google.com/file/d/1wcbxjIzNVRw7bqTcsF0gjecZ1NUry6Nj/view,str_app.py - Google Drive,edge,Default,google.com,search,2025-12-16,15,Tuesday
2025-12-16 15:25:06.011278,https://drive.google.com/file/d/1wcbxjIzNVRw7bqTcsF0gjecZ1NUry6Nj/view,str_app.py - Google Drive,edge,Default,google.com,search,2025-12-16,15,Tuesday
2025-12-16 15:25:52.941494,https://docs.google.com/document/u/0/d/1QisLD2kqDWFZJG2oDknKn2eMGi-Xq8oFPgA7UWSbcIQ/edit,Project Live Evaluation - Google Docs,edge,Default,google.com,search,2025-12-16,15,Tuesday
2025-12-16 15:25:53.333312,https://docs.google.com/document/d/1QisLD2kqDWFZJG2oDknKn2eMGi-Xq8oFPgA7UWSbcIQ/edit,Project Live Evaluation - Google Docs,edge,Default,google.com,search,2025-12-16,15,Tuesday
2025-12-16 15:27:05.337695,https://colab.research.google.com/drive/1NHSCAVyTYZUcD1p1ZBGk3Cgb3Gf9gfJ7,Harvard_reference.ipynb - Colab,edge,Default,google.com,search,2025-12-16,15,Tuesday
2025-12-16 15:27:12.952699,https://colab.research.google.com/drive/1NHSCAVyTYZUcD1p1ZBGk3Cgb3Gf9gfJ7,Harvard_reference.ipynb - Colab,edge,Default,google.com,search,2025-12-16,15,Tuesday
2025-12-16 15:27:40.134412,https://colab.research.google.com/drive/1NHSCAVyTYZUcD1p1ZBGk3Cgb3Gf9gfJ7,Harvard_reference.ipynb - Colab,edge,Default,google.com,search,2025-12-16,15,Tuesday
2025-12-16 15:30:09.278565,https://colab.research.google.com/drive/1NHSCAVyTYZUcD1p1ZBGk3Cgb3Gf9gfJ7,Harvard_reference.ipynb - Colab,edge,Default,google.com,search,2025-12-16,15,Tuesday
2025-12-16 15:35:13.956059,https://docs.google.com/document/d/1NeZV-bGiF8lCgh6ZuvPRfri492K1J9_yKHFM7NmP3Vk/edit,Harvard’s Artifacts Collection - Google Docs,edge,Default,google.com,search,2025-12-16,15,Tuesday
2025-12-16 15:35:14.284141,https://docs.google.com/document/d/1NeZV-bGiF8lCgh6ZuvPRfri492K1J9_yKHFM7NmP3Vk/edit,Harvard’s Artifacts Collection - Google Docs,edge,Default,google.com,search,2025-12-16,15,Tuesday
2025-12-16 15:35:15.113483,https://docs.google.com/document/d/1NeZV-bGiF8lCgh6ZuvPRfri492K1J9_yKHFM7NmP3Vk/edit,Harvard’s Artifacts Collection - Google Docs,edge,Default,google.com,search,2025-12-16,15,Tuesday
2025-12-16 15:35:15.623576,https://docs.google.com/document/d/1NeZV-bGiF8lCgh6ZuvPRfri492K1J9_yKHFM7NmP3Vk/edit,Harvard’s Artifacts Collection - Google Docs,edge,Default,google.com,search,2025-12-16,15,Tuesday
2025-12-16 15:35:17.386071,https://docs.google.com/document/d/1NeZV-bGiF8lCgh6ZuvPRfri492K1J9_yKHFM7NmP3Vk/edit,Harvard’s Artifacts Collection - Google Docs,edge,Default,google.com,search,2025-12-16,15,Tuesday
2025-12-16 15:35:18.529518,https://docs.google.com/document/d/1NeZV-bGiF8lCgh6ZuvPRfri492K1J9_yKHFM7NmP3Vk/edit,Harvard’s Artifacts Collection - Google Docs,edge,Default,google.com,search,2025-12-16,15,Tuesday
2025-12-16 15:35:19.896871,https://docs.google.com/document/d/1NeZV-bGiF8lCgh6ZuvPRfri492K1J9_yKHFM7NmP3Vk/edit,Harvard’s Artifacts Collection - Google Docs,edge,Default,google.com,search,2025-12-16,15,Tuesday
2025-12-16 15:35:20.052576,https://docs.google.com/document/d/1NeZV-bGiF8lCgh6ZuvPRfri492K1J9_yKHFM7NmP3Vk/edit,Harvard’s Artifacts Collection - Google Docs,edge,Default,google.com,search,2025-12-16,15,Tuesday
2025-12-16 15:40:25.181107,https://colab.research.google.com/drive/1Yej2m_NBOUj-d6RgWv94WrFaKu0UK_zT#scrollTo=SC_gV78V0eKV,Harvards_Artifacts_Collection.ipynb - Colab,edge,Default,google.com,search,2025-12-16,15,Tuesday
2025-12-16 15:40:38.768197,https://colab.research.google.com/drive/1Yej2m_NBOUj-d6RgWv94WrFaKu0UK_zT#scrollTo=phHbHdC3rFSy,Harvards_Artifacts_Collection.ipynb - Colab,edge,Default,google.com,search,2025-12-16,15,Tuesday
2025-12-16 15:40:38.915664,https://colab.research.google.com/drive/1Yej2m_NBOUj-d6RgWv94WrFaKu0UK_zT#scrollTo=yNPbyyWSp2Jg,Harvards_Artifacts_Collection.ipynb - Colab,edge,Default,google.com,search,2025-12-16,15,Tuesday
2025-12-16 15:40:39.156130,https://colab.research.google.com/drive/1Yej2m_NBOUj-d6RgWv94WrFaKu0UK_zT#scrollTo=cTctsO9kp6g0,Harvards_Artifacts_Collection.ipynb - Colab,edge,Default,google.com,search,2025-12-16,15,Tuesday
2025-12-16 15:40:39.292485,https://colab.research.google.com/drive/1Yej2m_NBOUj-d6RgWv94WrFaKu0UK_zT#scrollTo=qvuTAOxHrrzM,Harvards_Artifacts_Collection.ipynb - Colab,edge,Default,google.com,search,2025-12-16,15,Tuesday
2025-12-16 15:42:29.634151,https://www.google.com/search,colab.research.google.com python - Google Search,edge,Default,google.com,search,2025-12-16,15,Tuesday
2025-12-16 15:42:42.095172,https://colab.research.google.com/drive/1uSZoQPbVN9Wt4Fc2GjfFZXE9c6FLUMDw#updateTitle=true&folderId=1L-fwxUGSDZBpuwx1P8mKstC_C_aeWPJt,Untitled - Colab,edge,Default,google.com,search,2025-12-16,15,Tuesday
2025-12-16 15:42:44.560299,https://colab.research.google.com/drive/1uSZoQPbVN9Wt4Fc2GjfFZXE9c6FLUMDw,Untitled0.ipynb - Colab,edge,Default,google.com,search,2025-12-16,15,Tuesday
2025-12-16 15:45:52.347760,https://colab.research.google.com/drive/1uSZoQPbVN9Wt4Fc2GjfFZXE9c6FLUMDw#scrollTo=KPMrlQJj1uCg,Untitled0.ipynb - Colab,edge,Default,google.com,search,2025-12-16,15,Tuesday
2025-12-16 15:47:25.789082,https://colab.research.google.com/drive/1uSZoQPbVN9Wt4Fc2GjfFZXE9c6FLUMDw#scrollTo=99N2Aewv2E0y,Untitled0.ipynb - Colab,edge,Default,google.com,search,2025-12-16,15,Tuesday
2025-12-16 15:47:35.637252,https://colab.research.google.com/drive/1uSZoQPbVN9Wt4Fc2GjfFZXE9c6FLUMDw#scrollTo=iJBbvSts1ANA,Untitled0.ipynb - Colab,edge,Default,google.com,search,2025-12-16,15,Tuesday
2025-12-16 15:51:15.500147,https://colab.research.google.com/drive/1LiMV3ypA5x3D4_GoMdMwQFQwpSx0gVVg#updateTitle=true&folderId=1L-fwxUGSDZBpuwx1P8mKstC_C_aeWPJt,Untitled - Colab,edge,Default,google.com,search,2025-12-16,15,Tuesday
2025-12-16 15:51:17.705265,https://colab.research.google.com/drive/1LiMV3ypA5x3D4_GoMdMwQFQwpSx0gVVg,Untitled1.ipynb - Colab,edge,Default,google.com,search,2025-12-16,15,Tuesday
2025-12-16 15:51:42.859124,https://colab.research.google.com/drive/1LiMV3ypA5x3D4_GoMdMwQFQwpSx0gVVg#scrollTo=dM7QLWmr3DmU,Untitled1.ipynb - Colab,edge,Default,google.com,search,2025-12-16,15,Tuesday
2025-12-16 15:52:08.883790,https://colab.research.google.com/drive/1LiMV3ypA5x3D4_GoMdMwQFQwpSx0gVVg#scrollTo=oJMYa2RE3J9_,Untitled1.ipynb - Colab,edge,Default,google.com,search,2025-12-16,15,Tuesday
2025-12-16 15:52:39.626527,https://colab.research.google.com/drive/1LiMV3ypA5x3D4_GoMdMwQFQwpSx0gVVg#scrollTo=fk1IpHDH29ew,Untitled1.ipynb - Colab,edge,Default,google.com,search,2025-12-16,15,Tuesday
2025-12-16 15:53:16.155444,https://colab.research.google.com/drive/1uSZoQPbVN9Wt4Fc2GjfFZXE9c6FLUMDw#scrollTo=Ngc1P8EB3aXv,Untitled0.ipynb - Colab,edge,Default,google.com,search,2025-12-16,15,Tuesday
2025-12-16 16:33:30.309185,https://www.bing.com/ck/a,,edge,Default,bing.com,search,2025-12-16,16,Tuesday
2025-12-16 16:33:30.340490,https://www.bing.com/search,streamlit - Search,edge,Default,bing.com,search,2025-12-16,16,Tuesday
2025-12-16 16:33:30.486971,https://www.geeksforgeeks.org/python/a-beginners-guide-to-streamlit/,A Beginners Guide To Streamlit - GeeksforGeeks,edge,Default,geeksforgeeks.org,other,2025-12-16,16,Tuesday
2025-12-17 03:31:40.894510,https://classify.zenclass.in/integration,Classify,edge,Default,zenclass.in,learning,2025-12-17,3,Wednesday
2025-12-17 03:48:42.270417,https://v2.zenclass.in/class/9074d850-e8fa-47ee-a9b8-358b6d0dfd85,GUVI,edge,Default,zenclass.in,learning,2025-12-17,3,Wednesday
2025-12-17 03:48:44.748592,https://classify.zenclass.in/integration,Classify,edge,Default,zenclass.in,learning,2025-12-17,3,Wednesday
2025-12-17 03:48:45.748718,https://classify.zenclass.in/meet-dashboard-new,Classify,edge,Default,zenclass.in,learning,2025-12-17,3,Wednesday
2025-12-17 03:49:33.231998,https://www.google.com/search,colab.research.google.com python - Google Search,edge,Default,google.com,search,2025-12-17,3,Wednesday
2025-12-17 03:49:56.420417,https://colab.research.google.com/drive/1y9e_nkSHSuQekJd2kfIv7_9yjlzE46JZ#updateTitle=true&folderId=1L-fwxUGSDZBpuwx1P8mKstC_C_aeWPJt,Untitled - Colab,edge,Default,google.com,search,2025-12-17,3,Wednesday
2025-12-17 03:53:18.877977,https://colab.research.google.com/drive/1y9e_nkSHSuQekJd2kfIv7_9yjlzE46JZ#scrollTo=4k11F3Q1bdL-,Untitled2.ipynb - Colab,edge,Default,google.com,search,2025-12-17,3,Wednesday
2025-12-17 04:01:57.844625,https://www.google.com/search,colab.research.google.com python - Google Search,edge,Default,google.com,search,2025-12-17,4,Wednesday
2025-12-17 04:02:10.083787,https://colab.research.google.com/drive/1Yej2m_NBOUj-d6RgWv94WrFaKu0UK_zT,Harvards_Artifacts_Collection.ipynb - Colab,edge,Default,google.com,search,2025-12-17,4,Wednesday
2025-12-17 04:02:19.937172,https://colab.research.google.com/drive/1Yej2m_NBOUj-d6RgWv94WrFaKu0UK_zT#scrollTo=8EXYUfMfGvfR,Harvards_Artifacts_Collection.ipynb - Colab,edge,Default,google.com,search,2025-12-17,4,Wednesday
2025-12-17 04:08:10.639309,https://colab.research.google.com/drive/1y9e_nkSHSuQekJd2kfIv7_9yjlzE46JZ#scrollTo=akJf1CXnfZR8,Untitled2.ipynb - Colab,edge,Default,google.com,search,2025-12-17,4,Wednesday
2025-12-17 04:10:03.040503,https://colab.research.google.com/drive/1y9e_nkSHSuQekJd2kfIv7_9yjlzE46JZ#scrollTo=5HoPoSN3b_vS,Untitled2.ipynb - Colab,edge,Default,google.com,search,2025-12-17,4,Wednesday
2025-12-17 04:10:05.543221,https://colab.research.google.com/drive/1y9e_nkSHSuQekJd2kfIv7_9yjlzE46JZ#scrollTo=z8DaX_UQgDra,harvard_artifacts.ipynb - Colab,edge,Default,google.com,search,2025-12-17,4,Wednesday
2025-12-17 04:10:53.253305,https://colab.research.google.com/drive/1y9e_nkSHSuQekJd2kfIv7_9yjlzE46JZ#scrollTo=ruN3T70ScJW9,Untitled2.ipynb - Colab,edge,Default,google.com,search,2025-12-17,4,Wednesday
2025-12-17 04:11:17.468396,https://colab.research.google.com/drive/1y9e_nkSHSuQekJd2kfIv7_9yjlzE46JZ#scrollTo=uJ6B2bb5cPk3,Untitled2.ipynb - Colab,edge,Default,google.com,search,2025-12-17,4,Wednesday
2025-12-17 04:11:39.604656,https://colab.research.google.com/drive/1y9e_nkSHSuQekJd2kfIv7_9yjlzE46JZ#scrollTo=e4UeO4fAeKk2,Untitled2.ipynb - Colab,edge,Default,google.com,search,2025-12-17,4,Wednesday
2025-12-17 04:11:56.387702,https://colab.research.google.com/drive/1y9e_nkSHSuQekJd2kfIv7_9yjlzE46JZ#scrollTo=sfsJTTB3enMo,Untitled2.ipynb - Colab,edge,Default,google.com,search,2025-12-17,4,Wednesday
2025-12-17 04:12:10.697945,https://colab.research.google.com/drive/1y9e_nkSHSuQekJd2kfIv7_9yjlzE46JZ#scrollTo=bd1VYyPKetSV,Untitled2.ipynb - Colab,edge,Default,google.com,search,2025-12-17,4,Wednesday
2025-12-17 04:15:47.610347,https://colab.research.google.com/drive/1y9e_nkSHSuQekJd2kfIv7_9yjlzE46JZ#scrollTo=IZO8smUQhWqE,harvard_artifacts.ipynb - Colab,edge,Default,google.com,search,2025-12-17,4,Wednesday
2025-12-17 04:18:06.922842,https://colab.research.google.com/drive/1y9e_nkSHSuQekJd2kfIv7_9yjlzE46JZ#scrollTo=kBDS4hhXh5OT,harvard_artifacts.ipynb - Colab,edge,Default,google.com,search,2025-12-17,4,Wednesday
2025-12-17 04:18:17.927327,https://colab.research.google.com/drive/1y9e_nkSHSuQekJd2kfIv7_9yjlzE46JZ#scrollTo=mFfliaDAhrio,harvard_artifacts.ipynb - Colab,edge,Default,google.com,search,2025-12-17,4,Wednesday
2025-12-17 04:27:40.036175,https://drive.google.com/file/d/1NEQRqhHHIWT1G04WN5-DxlGcLx2kjlDI/view,Streamlit - Tamil - Google Drive,edge,Default,google.com,search,2025-12-17,4,Wednesday
2025-12-17 04:27:40.323464,https://drive.google.com/file/d/1NEQRqhHHIWT1G04WN5-DxlGcLx2kjlDI/view,Streamlit - Tamil - Google Drive,edge,Default,google.com,search,2025-12-17,4,Wednesday
2025-12-17 04:27:50.389939,https://docs.streamlit.io/develop/api-reference,API Reference - Streamlit Docs,edge,Default,streamlit.io,other,2025-12-17,4,Wednesday
2025-12-17 04:43:50.629157,http://localhost:8502/,Streamlit,edge,Default,localhost.,other,2025-12-17,4,Wednesday
2025-12-17 04:48:46.106730,https://colab.research.google.com/drive/1y9e_nkSHSuQekJd2kfIv7_9yjlzE46JZ#scrollTo=r1qb0Lt-gOBn,harvard_artifacts.ipynb - Colab,edge,Default,google.com,search,2025-12-17,4,Wednesday
2025-12-17 04:57:43.010091,http://localhost:8501/#harvard-artifacts-collection-etl-and-sql-analytics,Streamlit,edge,Default,localhost.,other,2025-12-17,4,Wednesday
2025-12-17 05:03:06.600330,https://colab.research.google.com/drive/17GqseTxn0ZfZTukjhHt1ZkIZql9n6hgR#updateTitle=true&folderId=1L-fwxUGSDZBpuwx1P8mKstC_C_aeWPJt,Untitled - Colab,edge,Default,google.com,search,2025-12-17,5,Wednesday
2025-12-17 05:03:09.366257,https://colab.research.google.com/drive/17GqseTxn0ZfZTukjhHt1ZkIZql9n6hgR,Untitled2.ipynb - Colab,edge,Default,google.com,search,2025-12-17,5,Wednesday
2025-12-17 05:08:48.918209,https://mail.google.com/mail/u/0/,New Project Created - DS_Harvard’s Artifacts Collection - ssubasangkari@gmail.com - Gmail,edge,Default,google.com,search,2025-12-17,5,Wednesday
2025-12-17 05:09:07.818820,https://mail.google.com/mail/u/0/,Project Orientation Session : Harvard’s Artifacts Collection-DS-S-WD-T-B105 [12:30 pm - 01:30 pm IST] - ssubasangkari@gmail.com - Gmail,edge,Default,google.com,search,2025-12-17,5,Wednesday
2025-12-17 05:09:13.057207,https://docs.google.com/document/d/1T8g8Nwlol7kvMS-ATTnns_n7Jttaowmw-5G2h_Y-tv0/edit,Project Orientation Session : Harvard’s Artifacts Collection-DS-S-WD-T-B105 - Google Docs,edge,Default,google.com,search,2025-12-17,5,Wednesday
2025-12-17 05:09:13.291410,https://docs.google.com/document/d/1T8g8Nwlol7kvMS-ATTnns_n7Jttaowmw-5G2h_Y-tv0/edit,Project Orientation Session : Harvard’s Artifacts Collection-DS-S-WD-T-B105 - Google Docs,edge,Default,google.com,search,2025-12-17,5,Wednesday
2025-12-17 05:09:17.896907,https://drive.google.com/file/d/1RcDnpa6aPc1uctO1tzTMfshzKOntzeqz/view,Project Orientation Session : Harvard’s Artifacts Collection-DS-S-WD-T-B105 [12:30 pm - 01:30 pm IS - 2025/12/03 12:24 GMT+05:30 - Recording - Google Drive,edge,Default,google.com,search,2025-12-17,5,Wednesday
2025-12-17 05:09:18.025556,https://drive.google.com/file/d/1RcDnpa6aPc1uctO1tzTMfshzKOntzeqz/view,Project Orientation Session : Harvard’s Artifacts Collection-DS-S-WD-T-B105 [12:30 pm - 01:30 pm IS - 2025/12/03 12:24 GMT+05:30 - Recording - Google Drive,edge,Default,google.com,search,2025-12-17,5,Wednesday
2025-12-17 05:13:02.332828,https://docs.google.com/document/d/1NeZV-bGiF8lCgh6ZuvPRfri492K1J9_yKHFM7NmP3Vk/edit,Harvard’s Artifacts Collection - Google Docs,edge,Default,google.com,search,2025-12-17,5,Wednesday
2025-12-17 05:13:02.364851,https://docs.google.com/document/d/1NeZV-bGiF8lCgh6ZuvPRfri492K1J9_yKHFM7NmP3Vk/edit,Harvard’s Artifacts Collection - Google Docs,edge,Default,google.com,search,2025-12-17,5,Wednesday
2025-12-17 05:13:10.831690,https://docs.google.com/document/d/1NeZV-bGiF8lCgh6ZuvPRfri492K1J9_yKHFM7NmP3Vk/edit,Harvard’s Artifacts Collection - Google Docs,edge,Default,google.com,search,2025-12-17,5,Wednesday
2025-12-17 05:33:27.002494,https://colab.research.google.com/drive/1Yej2m_NBOUj-d6RgWv94WrFaKu0UK_zT#scrollTo=HMJtEGkBTTVP,Harvards_Artifacts_Collection.ipynb - Colab,edge,Default,google.com,search,2025-12-17,5,Wednesday
2025-12-17 05:33:44.844686,https://colab.research.google.com/drive/1Yej2m_NBOUj-d6RgWv94WrFaKu0UK_zT#scrollTo=YNw3-2JLehkl,Harvards_Artifacts_Collection.ipynb - Colab,edge,Default,google.com,search,2025-12-17,5,Wednesday
2025-12-17 06:31:31.063968,https://docs.google.com/document/d/1NeZV-bGiF8lCgh6ZuvPRfri492K1J9_yKHFM7NmP3Vk/edit,Harvard’s Artifacts Collection - Google Docs,edge,Default,google.com,search,2025-12-17,6,Wednesday
2025-12-17 06:31:31.094212,https://docs.google.com/document/d/1NeZV-bGiF8lCgh6ZuvPRfri492K1J9_yKHFM7NmP3Vk/edit,Harvard’s Artifacts Collection - Google Docs,edge,Default,google.com,search,2025-12-17,6,Wednesday
2025-12-17 06:31:36.635585,https://docs.google.com/document/d/1NeZV-bGiF8lCgh6ZuvPRfri492K1J9_yKHFM7NmP3Vk/edit,Harvard’s Artifacts Collection - Google Docs,edge,Default,google.com,search,2025-12-17,6,Wednesday
2025-12-17 06:31:37.473124,https://docs.google.com/document/d/1NeZV-bGiF8lCgh6ZuvPRfri492K1J9_yKHFM7NmP3Vk/edit,Harvard’s Artifacts Collection - Google Docs,edge,Default,google.com,search,2025-12-17,6,Wednesday
2025-12-17 06:31:37.502153,https://docs.google.com/document/d/1NeZV-bGiF8lCgh6ZuvPRfri492K1J9_yKHFM7NmP3Vk/edit,Harvard’s Artifacts Collection - Google Docs,edge,Default,google.com,search,2025-12-17,6,Wednesday
2025-12-17 06:31:37.533752,https://docs.google.com/document/d/1NeZV-bGiF8lCgh6ZuvPRfri492K1J9_yKHFM7NmP3Vk/edit,Harvard’s Artifacts Collection - Google Docs,edge,Default,google.com,search,2025-12-17,6,Wednesday
2025-12-17 06:31:37.911382,https://docs.google.com/document/d/1NeZV-bGiF8lCgh6ZuvPRfri492K1J9_yKHFM7NmP3Vk/edit,Harvard’s Artifacts Collection - Google Docs,edge,Default,google.com,search,2025-12-17,6,Wednesday
2025-12-17 06:31:40.563218,https://docs.google.com/document/d/1NeZV-bGiF8lCgh6ZuvPRfri492K1J9_yKHFM7NmP3Vk/edit,Harvard’s Artifacts Collection - Google Docs,edge,Default,google.com,search,2025-12-17,6,Wednesday
2025-12-17 07:00:14.605171,https://harvardartmuseums.org/collections/api,API | Harvard Art Museums,edge,Default,harvardartmuseums.org,other,2025-12-17,7,Wednesday
2025-12-17 07:39:10.103341,https://www.google.com/search,what is tuple in python - Google Search,edge,Default,google.com,search,2025-12-17,7,Wednesday
2025-12-17 08:50:16.761912,https://www.google.com/search,colab.research.google.com python - Google Search,edge,Default,google.com,search,2025-12-17,8,Wednesday
2025-12-17 10:02:52.892873,https://colab.research.google.com/drive/1F4t9UybH7GwDMg9UC8pTmdyV8XSwEJap#updateTitle=true&folderId=1L-fwxUGSDZBpuwx1P8mKstC_C_aeWPJt,Untitled - Colab,edge,Default,google.com,search,2025-12-17,10,Wednesday
2025-12-17 10:06:17.768169,https://colab.research.google.com/drive/1F4t9UybH7GwDMg9UC8pTmdyV8XSwEJap#scrollTo=zCXp8Bywxb_W,Untitled3.ipynb - Colab,edge,Default,google.com,search,2025-12-17,10,Wednesday
2025-12-17 10:27:27.390805,https://colab.research.google.com/drive/1F4t9UybH7GwDMg9UC8pTmdyV8XSwEJap#scrollTo=KHhx3wEIxrAk,Untitled3.ipynb - Colab,edge,Default,google.com,search,2025-12-17,10,Wednesday
2025-12-17 13:11:50.962510,https://clayco.in/collections/shop-all-face-care,Shop All Face Care,edge,Default,clayco.in,other,2025-12-17,13,Wednesday
2025-12-18 03:32:26.517871,https://v2.zenclass.in/class/a0fadffe-125c-468d-adf6-bd8bcc472034,GUVI,edge,Default,zenclass.in,learning,2025-12-18,3,Thursday
2025-12-18 03:32:29.548551,https://classify.zenclass.in/integration,Classify,edge,Default,zenclass.in,learning,2025-12-18,3,Thursday
2025-12-18 03:32:30.350468,https://classify.zenclass.in/meet-dashboard-new,Classify,edge,Default,zenclass.in,learning,2025-12-18,3,Thursday
2025-12-18 03:34:34.055199,https://docs.google.com/forms/u/0/d/e/1FAIpQLSfoH8QGS8NP9npJKWyerMDksrjilMZFLSr8EZitRXib4NgvAw/closedform,Live Evaluation Slot Booking Form,edge,Default,google.com,search,2025-12-18,3,Thursday
2025-12-18 03:34:34.441309,https://docs.google.com/forms/d/e/1FAIpQLSfoH8QGS8NP9npJKWyerMDksrjilMZFLSr8EZitRXib4NgvAw/closedform,Live Evaluation Slot Booking Form,edge,Default,google.com,search,2025-12-18,3,Thursday
2025-12-18 03:35:03.953912,https://docs.google.com/forms/d/e/1FAIpQLSdiLaNrP5zOxjotaw8s44KrHJ9reQjuXEdb2P_wHPluodlDRA/viewform,Project-Doubt Clarification Session Slot Booking form(03:30 pm to 04:30 pm),edge,Default,google.com,search,2025-12-18,3,Thursday
2025-12-18 03:35:04.642468,https://docs.google.com/forms/d/e/1FAIpQLSdiLaNrP5zOxjotaw8s44KrHJ9reQjuXEdb2P_wHPluodlDRA/viewform,Project-Doubt Clarification Session Slot Booking form(03:30 pm to 04:30 pm),edge,Default,google.com,search,2025-12-18,3,Thursday
2025-12-18 03:35:35.114165,https://mail.google.com/mail/u/0/,5 Students Have Submitted! Submit Your Final Project and Stay Ahead! 🚀 - ssubasangkari@gmail.com - Gmail,edge,Default,google.com,search,2025-12-18,3,Thursday
2025-12-18 03:35:46.820551,https://mail.google.com/mail/u/0/,Zen Class Welcome Gift Awaits! - ssubasangkari@gmail.com - Gmail,edge,Default,google.com,search,2025-12-18,3,Thursday
2025-12-18 03:36:02.468887,https://docs.google.com/forms/d/e/1FAIpQLSf7k7coZRxOnFljoaHeSz59PhNskrT1yTSo2M37nh99k0ZVkg/viewform,Onboarding Kit Delivery – Address Collection Form,edge,Default,google.com,search,2025-12-18,3,Thursday
2025-12-18 03:36:03.216223,https://docs.google.com/forms/d/e/1FAIpQLSf7k7coZRxOnFljoaHeSz59PhNskrT1yTSo2M37nh99k0ZVkg/viewform,Onboarding Kit Delivery – Address Collection Form,edge,Default,google.com,search,2025-12-18,3,Thursday
2025-12-18 03:36:26.341273,https://mail.google.com/mail/u/0/,Class 12 - Probability and Statistics with NumPy (DS-S-WD-T-B105) @9:00AM has been Scheduled - ssubasangkari@gmail.com - Gmail,edge,Default,google.com,search,2025-12-18,3,Thursday
2025-12-18 03:36:39.176476,https://docs.google.com/forms/d/e/1FAIpQLSf7k7coZRxOnFljoaHeSz59PhNskrT1yTSo2M37nh99k0ZVkg/viewform,Onboarding Kit Delivery – Address Collection Form,edge,Default,google.com,search,2025-12-18,3,Thursday
2025-12-18 03:36:39.852157,https://docs.google.com/forms/u/0/d/e/1FAIpQLSf7k7coZRxOnFljoaHeSz59PhNskrT1yTSo2M37nh99k0ZVkg/formResponse,Onboarding Kit Delivery – Address Collection Form,edge,Default,google.com,search,2025-12-18,3,Thursday
2025-12-18 03:38:21.456914,https://docs.google.com/forms/d/e/1FAIpQLSdiLaNrP5zOxjotaw8s44KrHJ9reQjuXEdb2P_wHPluodlDRA/viewform,Project-Doubt Clarification Session Slot Booking form(03:30 pm to 04:30 pm),edge,Default,google.com,search,2025-12-18,3,Thursday
2025-12-18 03:38:22.436266,https://docs.google.com/forms/u/0/d/e/1FAIpQLSdiLaNrP5zOxjotaw8s44KrHJ9reQjuXEdb2P_wHPluodlDRA/formResponse,Project-Doubt Clarification Session Slot Booking form(03:30 pm to 04:30 pm),edge,Default,google.com,search,2025-12-18,3,Thursday
2025-12-18 03:45:38.512832,https://docs.google.com/presentation/d/1XHCbgUOqbcXNUyQ87vTlKdKRgAbBxtkA/edit,How to Use GitHub.pptx - Google Slides,edge,Default,google.com,search,2025-12-18,3,Thursday
2025-12-18 03:45:48.576100,https://www.google.com/search,github - Google Search,edge,Default,google.com,search,2025-12-18,3,Thursday
2025-12-18 03:45:50.790815,https://docs.google.com/presentation/d/1XHCbgUOqbcXNUyQ87vTlKdKRgAbBxtkA/edit,How to Use GitHub.pptx - Google Slides,edge,Default,google.com,search,2025-12-18,3,Thursday
2025-12-18 03:45:59.797653,https://docs.google.com/presentation/d/1XHCbgUOqbcXNUyQ87vTlKdKRgAbBxtkA/edit,How to Use GitHub.pptx - Google Slides,edge,Default,google.com,search,2025-12-18,3,Thursday
2025-12-18 03:46:14.830490,https://github.com/signup,Sign up for GitHub · GitHub,edge,Default,github.com,learning,2025-12-18,3,Thursday
2025-12-18 03:46:20.381704,https://docs.google.com/presentation/d/1XHCbgUOqbcXNUyQ87vTlKdKRgAbBxtkA/edit,How to Use GitHub.pptx - Google Slides,edge,Default,google.com,search,2025-12-18,3,Thursday
2025-12-18 03:46:26.892263,https://docs.google.com/presentation/d/1XHCbgUOqbcXNUyQ87vTlKdKRgAbBxtkA/edit,How to Use GitHub.pptx - Google Slides,edge,Default,google.com,search,2025-12-18,3,Thursday
2025-12-18 03:48:11.597738,https://docs.google.com/presentation/d/1XHCbgUOqbcXNUyQ87vTlKdKRgAbBxtkA/edit,How to Use GitHub.pptx - Google Slides,edge,Default,google.com,search,2025-12-18,3,Thursday
2025-12-18 03:48:14.916988,https://docs.google.com/presentation/d/1XHCbgUOqbcXNUyQ87vTlKdKRgAbBxtkA/edit,How to Use GitHub.pptx - Google Slides,edge,Default,google.com,search,2025-12-18,3,Thursday
2025-12-18 03:48:21.021643,https://docs.google.com/presentation/d/1XHCbgUOqbcXNUyQ87vTlKdKRgAbBxtkA/edit,How to Use GitHub.pptx - Google Slides,edge,Default,google.com,search,2025-12-18,3,Thursday
2025-12-18 03:48:25.598512,https://docs.google.com/presentation/d/1XHCbgUOqbcXNUyQ87vTlKdKRgAbBxtkA/edit,How to Use GitHub.pptx - Google Slides,edge,Default,google.com,search,2025-12-18,3,Thursday
2025-12-18 03:48:27.618048,https://docs.google.com/presentation/d/1XHCbgUOqbcXNUyQ87vTlKdKRgAbBxtkA/edit,How to Use GitHub.pptx - Google Slides,edge,Default,google.com,search,2025-12-18,3,Thursday
2025-12-18 03:48:32.392426,https://docs.google.com/presentation/d/1XHCbgUOqbcXNUyQ87vTlKdKRgAbBxtkA/edit,How to Use GitHub.pptx - Google Slides,edge,Default,google.com,search,2025-12-18,3,Thursday
2025-12-18 03:48:40.475595,https://docs.google.com/presentation/d/1XHCbgUOqbcXNUyQ87vTlKdKRgAbBxtkA/edit,How to Use GitHub.pptx - Google Slides,edge,Default,google.com,search,2025-12-18,3,Thursday
2025-12-18 03:48:45.591946,https://docs.google.com/presentation/d/1XHCbgUOqbcXNUyQ87vTlKdKRgAbBxtkA/edit,How to Use GitHub.pptx - Google Slides,edge,Default,google.com,search,2025-12-18,3,Thursday
2025-12-18 03:48:47.238132,https://docs.google.com/presentation/d/1XHCbgUOqbcXNUyQ87vTlKdKRgAbBxtkA/edit,How to Use GitHub.pptx - Google Slides,edge,Default,google.com,search,2025-12-18,3,Thursday
2025-12-18 03:48:56.621628,https://github.com/new,New repository,edge,Default,github.com,learning,2025-12-18,3,Thursday
2025-12-18 03:48:57.970360,https://docs.google.com/presentation/d/1XHCbgUOqbcXNUyQ87vTlKdKRgAbBxtkA/edit,How to Use GitHub.pptx - Google Slides,edge,Default,google.com,search,2025-12-18,3,Thursday
2025-12-18 03:51:07.042574,https://docs.google.com/presentation/d/1XHCbgUOqbcXNUyQ87vTlKdKRgAbBxtkA/edit,How to Use GitHub.pptx - Google Slides,edge,Default,google.com,search,2025-12-18,3,Thursday
2025-12-18 03:51:11.462396,https://docs.google.com/presentation/d/1XHCbgUOqbcXNUyQ87vTlKdKRgAbBxtkA/edit,How to Use GitHub.pptx - Google Slides,edge,Default,google.com,search,2025-12-18,3,Thursday
2025-12-18 03:51:13.888124,https://docs.google.com/presentation/d/1XHCbgUOqbcXNUyQ87vTlKdKRgAbBxtkA/edit,How to Use GitHub.pptx - Google Slides,edge,Default,google.com,search,2025-12-18,3,Thursday
2025-12-18 03:52:07.916080,https://docs.google.com/presentation/d/1XHCbgUOqbcXNUyQ87vTlKdKRgAbBxtkA/edit,How to Use GitHub.pptx - Google Slides,edge,Default,google.com,search,2025-12-18,3,Thursday
2025-12-18 03:52:42.898323,https://docs.google.com/presentation/d/1XHCbgUOqbcXNUyQ87vTlKdKRgAbBxtkA/edit,How to Use GitHub.pptx - Google Slides,edge,Default,google.com,search,2025-12-18,3,Thursday
2025-12-18 03:58:43.907630,https://github.com/Subasangkarisaravanan/Data_Science_Projects/branches,Branches · Subasangkarisaravanan/Data_Science_Projects,edge,Default,github.com,learning,2025-12-18,3,Thursday
2025-12-18 03:59:05.230031,https://github.com/Subasangkarisaravanan/Data_Science_Projects/branches,Branches · Subasangkarisaravanan/Data_Science_Projects,edge,Default,github.com,learning,2025-12-18,3,Thursday
2025-12-18 03:59:24.257580,https://github.com/Subasangkarisaravanan/Data_Science_Projects/tree/Harvard_Artifact_Collection,Subasangkarisaravanan/Data_Science_Projects at Harvard_Artifact_Collection,edge,Default,github.com,learning,2025-12-18,3,Thursday
2025-12-18 04:10:27.262958,https://github.com/codespaces,Codespaces - opulent meme,edge,Default,github.com,learning,2025-12-18,4,Thursday
2025-12-18 04:10:28.060033,https://opulent-meme-xv6qrv7jrwjhvq6.github.dev/,Data_Science_Projects - Visual Studio Code,edge,Default,github.dev,other,2025-12-18,4,Thursday
2025-12-18 04:11:02.513368,https://github.com/Subasangkarisaravanan/Data_Science_Projects/settings,General,edge,Default,github.com,learning,2025-12-18,4,Thursday
2025-12-18 04:11:36.542292,https://github.com/Subasangkarisaravanan/Data_Science_Projects/settings/actions,Actions settings · Subasangkarisaravanan/Data_Science_Projects,edge,Default,github.com,learning,2025-12-18,4,Thursday
2025-12-18 04:11:39.153380,https://github.com/Subasangkarisaravanan/Data_Science_Projects/settings/tag_protection,Settings · Tags · Subasangkarisaravanan/Data_Science_Projects,edge,Default,github.com,learning,2025-12-18,4,Thursday
2025-12-18 04:11:41.050053,https://github.com/Subasangkarisaravanan/Data_Science_Projects/settings/branches,Settings · Tags · Subasangkarisaravanan/Data_Science_Projects,edge,Default,github.com,learning,2025-12-18,4,Thursday
2025-12-18 04:42:19.404112,https://github.com/pravinkumarlab/customer_behavior_analysis,pravinkumarlab/customer_behavior_analysis,edge,Default,github.com,learning,2025-12-18,4,Thursday
2025-12-18 04:42:26.225579,https://github.com/pravinkumarlab/customer_behavior_analysis/blob/main/analysis.py,customer_behavior_analysis/analysis.py at main · pravinkumarlab/customer_behavior_analysis,edge,Default,github.com,learning,2025-12-18,4,Thursday
2025-12-18 04:42:39.607935,https://github.com/pravinkumarlab/customer_behavior_analysis/blob/main/insert_data.py,customer_behavior_analysis/insert_data.py at main · pravinkumarlab/customer_behavior_analysis,edge,Default,github.com,learning,2025-12-18,4,Thursday
2025-12-18 04:42:46.812232,https://github.com/pravinkumarlab/customer_behavior_analysis/blob/main/requirements.txt,customer_behavior_analysis/requirements.txt at main · pravinkumarlab/customer_behavior_analysis,edge,Default,github.com,learning,2025-12-18,4,Thursday
2025-12-18 04:42:49.249047,https://github.com/pravinkumarlab/customer_behavior_analysis/blob/main/table_creation.py,customer_behavior_analysis/table_creation.py at main · pravinkumarlab/customer_behavior_analysis,edge,Default,github.com,learning,2025-12-18,4,Thursday
2025-12-18 04:43:02.839678,https://github.com/sathishcb/SK-Harvard-Artifacts-Collection,sathishcb/SK-Harvard-Artifacts-Collection: Harvard’s Artifacts Collection,edge,Default,github.com,learning,2025-12-18,4,Thursday
2025-12-18 04:43:10.974555,https://github.com/sathishcb/SK-Harvard-Artifacts-Collection/blob/main/config.py,SK-Harvard-Artifacts-Collection/config.py at main · sathishcb/SK-Harvard-Artifacts-Collection,edge,Default,github.com,learning,2025-12-18,4,Thursday
2025-12-18 04:43:13.064053,https://github.com/sathishcb/SK-Harvard-Artifacts-Collection/blob/main/app.py,SK-Harvard-Artifacts-Collection/app.py at main · sathishcb/SK-Harvard-Artifacts-Collection,edge,Default,github.com,learning,2025-12-18,4,Thursday
2025-12-18 04:43:34.259745,https://github.com/sathishcb/SK-Harvard-Artifacts-Collection/blob/main/api.py,SK-Harvard-Artifacts-Collection/api.py at main · sathishcb/SK-Harvard-Artifacts-Collection,edge,Default,github.com,learning,2025-12-18,4,Thursday
2025-12-18 04:43:42.670808,https://github.com/sathishcb/SK-Harvard-Artifacts-Collection/blob/main/README.md,SK-Harvard-Artifacts-Collection/README.md at main · sathishcb/SK-Harvard-Artifacts-Collection,edge,Default,github.com,learning,2025-12-18,4,Thursday
2025-12-18 04:43:44.256335,https://github.com/sathishcb/SK-Harvard-Artifacts-Collection/blob/main/queries.py,SK-Harvard-Artifacts-Collection/queries.py at main · sathishcb/SK-Harvard-Artifacts-Collection,edge,Default,github.com,learning,2025-12-18,4,Thursday
2025-12-18 04:43:50.334962,https://github.com/sathishcb/SK-Harvard-Artifacts-Collection/blob/main/requirements.txt,SK-Harvard-Artifacts-Collection/requirements.txt at main · sathishcb/SK-Harvard-Artifacts-Collection,edge,Default,github.com,learning,2025-12-18,4,Thursday
2025-12-18 04:43:52.503458,https://github.com/sathishcb/SK-Harvard-Artifacts-Collection/blob/main/run_sql_schema.py,SK-Harvard-Artifacts-Collection/run_sql_schema.py at main · sathishcb/SK-Harvard-Artifacts-Collection,edge,Default,github.com,learning,2025-12-18,4,Thursday
2025-12-18 04:43:57.367922,https://github.com/sathishcb/SK-Harvard-Artifacts-Collection/blob/main/schema.sql,SK-Harvard-Artifacts-Collection/schema.sql at main · sathishcb/SK-Harvard-Artifacts-Collection,edge,Default,github.com,learning,2025-12-18,4,Thursday
2025-12-18 04:44:12.998859,https://mail.google.com/mail/u/0/,[GitHub] Please verify your device - ssubasangkari@gmail.com - Gmail,edge,Default,google.com,search,2025-12-18,4,Thursday
2025-12-18 04:44:40.247712,https://mail.google.com/mail/u/0/,ZenData Platform | DS-S-WD-T-B105_Pandas - ssubasangkari@gmail.com - Gmail,edge,Default,google.com,search,2025-12-18,4,Thursday
2025-12-18 04:44:44.698258,https://test.hyrenet.in/road-main-find,HyreNet,edge,Default,hyrenet.in,technology,2025-12-18,4,Thursday
2025-12-18 04:44:45.495119,https://test.hyrenet.in/road-main-find/login,HyreNet,edge,Default,hyrenet.in,technology,2025-12-18,4,Thursday
2025-12-18 04:50:21.589779,https://github.com/Subasangkarisaravanan/Data_Science_Projects/tree/main/Harvard_Artifact,404 Page not found,edge,Default,github.com,learning,2025-12-18,4,Thursday
2025-12-18 04:51:16.396189,https://test.hyrenet.in/cow-bell-fix/integration,HyreNet,edge,Default,hyrenet.in,technology,2025-12-18,4,Thursday
2025-12-18 04:58:24.352791,https://dashboard.ngrok.com/login,ngrok — Log in,edge,Default,ngrok.com,other,2025-12-18,4,Thursday
2025-12-18 04:58:30.109983,https://accounts.google.com/v3/signin/accountchooser,Sign in - Google Accounts,edge,Default,google.com,search,2025-12-18,4,Thursday
2025-12-18 04:58:34.689942,https://accounts.google.com/v3/signin/challenge/dp,Sign in - Google Accounts,edge,Default,google.com,search,2025-12-18,4,Thursday
2025-12-18 04:58:48.112048,https://accounts.google.com/signin/oauth/id,Sign in - Google Accounts,edge,Default,google.com,search,2025-12-18,4,Thursday
2025-12-18 04:58:54.270677,https://dashboard.ngrok.com/signup/oauth/confirm,ngrok - Online in One Line,edge,Default,ngrok.com,other,2025-12-18,4,Thursday
2025-12-18 04:59:19.414669,https://dashboard.ngrok.com/login/mfa/setup,ngrok - Online in One Line,edge,Default,ngrok.com,other,2025-12-18,4,Thursday
2025-12-18 05:00:49.125092,https://dashboard.ngrok.com/onboarding,ngrok - Online in One Line,edge,Default,ngrok.com,other,2025-12-18,5,Thursday
2025-12-18 05:02:52.346682,https://www.google.com/search,colab.research.google.com python - Google Search,edge,Default,google.com,search,2025-12-18,5,Thursday
2025-12-18 05:03:20.013459,https://colab.research.google.com/drive/1F4t9UybH7GwDMg9UC8pTmdyV8XSwEJap#scrollTo=Zqg4w5sJxcFw,Untitled3.ipynb - Colab,edge,Default,google.com,search,2025-12-18,5,Thursday
2025-12-18 05:03:20.721301,https://colab.research.google.com/drive/1F4t9UybH7GwDMg9UC8pTmdyV8XSwEJap#scrollTo=OvJHMqmDxDDP,Untitled3.ipynb - Colab,edge,Default,google.com,search,2025-12-18,5,Thursday
2025-12-18 05:03:21.236599,https://colab.research.google.com/drive/1F4t9UybH7GwDMg9UC8pTmdyV8XSwEJap#scrollTo=Pia04PbSyDwv,Untitled3.ipynb - Colab,edge,Default,google.com,search,2025-12-18,5,Thursday
2025-12-18 05:03:21.433620,https://colab.research.google.com/drive/1F4t9UybH7GwDMg9UC8pTmdyV8XSwEJap#scrollTo=eNAlHU53xK-F,Untitled3.ipynb - Colab,edge,Default,google.com,search,2025-12-18,5,Thursday
2025-12-18 05:11:39.719924,https://colab.research.google.com/drive/1F4t9UybH7GwDMg9UC8pTmdyV8XSwEJap#scrollTo=32ofkws53J_l,Untitled3.ipynb - Colab,edge,Default,google.com,search,2025-12-18,5,Thursday
2025-12-18 05:14:08.128311,https://colab.research.google.com/drive/1F4t9UybH7GwDMg9UC8pTmdyV8XSwEJap#scrollTo=dSEf-qOH127d,Untitled3.ipynb - Colab,edge,Default,google.com,search,2025-12-18,5,Thursday
2025-12-18 05:14:11.589570,https://colab.research.google.com/drive/1F4t9UybH7GwDMg9UC8pTmdyV8XSwEJap#scrollTo=NKkx6tBT1-YV,Untitled3.ipynb - Colab,edge,Default,google.com,search,2025-12-18,5,Thursday
2025-12-18 05:14:15.123511,https://colab.research.google.com/drive/1F4t9UybH7GwDMg9UC8pTmdyV8XSwEJap#scrollTo=KOS5aeP-2AEn,Untitled3.ipynb - Colab,edge,Default,google.com,search,2025-12-18,5,Thursday
2025-12-18 05:14:19.328448,https://colab.research.google.com/drive/1F4t9UybH7GwDMg9UC8pTmdyV8XSwEJap#scrollTo=62b3yO8z2Jny,Untitled3.ipynb - Colab,edge,Default,google.com,search,2025-12-18,5,Thursday
2025-12-18 05:14:20.541563,https://colab.research.google.com/drive/1F4t9UybH7GwDMg9UC8pTmdyV8XSwEJap#scrollTo=P-cBezp23H_4,Untitled3.ipynb - Colab,edge,Default,google.com,search,2025-12-18,5,Thursday
2025-12-18 05:14:34.367361,https://colab.research.google.com/drive/1F4t9UybH7GwDMg9UC8pTmdyV8XSwEJap#scrollTo=-nx3Ts2c3YI3,Untitled3.ipynb - Colab,edge,Default,google.com,search,2025-12-18,5,Thursday
2025-12-18 05:15:33.398089,https://colab.research.google.com/drive/1F4t9UybH7GwDMg9UC8pTmdyV8XSwEJap#scrollTo=nirEKkE936TG,Untitled3.ipynb - Colab,edge,Default,google.com,search,2025-12-18,5,Thursday
2025-12-18 05:16:33.993376,https://colab.research.google.com/drive/1NHSCAVyTYZUcD1p1ZBGk3Cgb3Gf9gfJ7,Harvard_reference.ipynb - Colab,edge,Default,google.com,search,2025-12-18,5,Thursday
2025-12-18 05:16:57.725579,https://docs.google.com/presentation/d/1XHCbgUOqbcXNUyQ87vTlKdKRgAbBxtkA/edit,How to Use GitHub.pptx - Google Slides,edge,Default,google.com,search,2025-12-18,5,Thursday
2025-12-18 05:16:58.175591,https://docs.google.com/presentation/d/1XHCbgUOqbcXNUyQ87vTlKdKRgAbBxtkA/edit,How to Use GitHub.pptx - Google Slides,edge,Default,google.com,search,2025-12-18,5,Thursday
2025-12-18 05:16:58.687540,https://docs.google.com/presentation/d/1XHCbgUOqbcXNUyQ87vTlKdKRgAbBxtkA/edit,How to Use GitHub.pptx - Google Slides,edge,Default,google.com,search,2025-12-18,5,Thursday
2025-12-18 05:16:59.320645,https://docs.google.com/presentation/d/1XHCbgUOqbcXNUyQ87vTlKdKRgAbBxtkA/edit,How to Use GitHub.pptx - Google Slides,edge,Default,google.com,search,2025-12-18,5,Thursday
2025-12-18 05:17:05.884845,https://docs.google.com/presentation/d/1XHCbgUOqbcXNUyQ87vTlKdKRgAbBxtkA/edit,How to Use GitHub.pptx - Google Slides,edge,Default,google.com,search,2025-12-18,5,Thursday
2025-12-18 05:17:07.026535,https://docs.google.com/presentation/d/1XHCbgUOqbcXNUyQ87vTlKdKRgAbBxtkA/edit,How to Use GitHub.pptx - Google Slides,edge,Default,google.com,search,2025-12-18,5,Thursday
2025-12-18 05:17:08.648522,https://docs.google.com/presentation/d/1XHCbgUOqbcXNUyQ87vTlKdKRgAbBxtkA/edit,How to Use GitHub.pptx - Google Slides,edge,Default,google.com,search,2025-12-18,5,Thursday
2025-12-18 05:17:09.808050,https://docs.google.com/presentation/d/1XHCbgUOqbcXNUyQ87vTlKdKRgAbBxtkA/edit,How to Use GitHub.pptx - Google Slides,edge,Default,google.com,search,2025-12-18,5,Thursday
2025-12-18 05:17:16.702546,https://docs.google.com/presentation/d/1XHCbgUOqbcXNUyQ87vTlKdKRgAbBxtkA/edit,How to Use GitHub.pptx - Google Slides,edge,Default,google.com,search,2025-12-18,5,Thursday
2025-12-18 05:17:21.127604,https://docs.google.com/presentation/d/1XHCbgUOqbcXNUyQ87vTlKdKRgAbBxtkA/edit,How to Use GitHub.pptx - Google Slides,edge,Default,google.com,search,2025-12-18,5,Thursday
2025-12-18 05:17:32.990507,https://github.com/login/oauth/authorize,Authorize application,edge,Default,github.com,learning,2025-12-18,5,Thursday
2025-12-18 05:17:39.199359,https://colab.research.google.com/auth/github,,edge,Default,google.com,search,2025-12-18,5,Thursday
2025-12-18 05:18:01.916375,https://docs.google.com/presentation/d/1XHCbgUOqbcXNUyQ87vTlKdKRgAbBxtkA/edit,How to Use GitHub.pptx - Google Slides,edge,Default,google.com,search,2025-12-18,5,Thursday
2025-12-18 05:18:03.612280,https://docs.google.com/presentation/d/1XHCbgUOqbcXNUyQ87vTlKdKRgAbBxtkA/edit,How to Use GitHub.pptx - Google Slides,edge,Default,google.com,search,2025-12-18,5,Thursday
2025-12-18 05:18:05.811282,https://docs.google.com/presentation/d/1XHCbgUOqbcXNUyQ87vTlKdKRgAbBxtkA/edit,How to Use GitHub.pptx - Google Slides,edge,Default,google.com,search,2025-12-18,5,Thursday
2025-12-18 05:18:09.190558,https://docs.google.com/presentation/d/1XHCbgUOqbcXNUyQ87vTlKdKRgAbBxtkA/edit,How to Use GitHub.pptx - Google Slides,edge,Default,google.com,search,2025-12-18,5,Thursday
2025-12-18 05:29:16.766555,https://mail.google.com/mail/u/0/,Project Doubt Clarification Session (03:30 PM to 04:30 PM) - ssubasangkari@gmail.com - Gmail,edge,Default,google.com,search,2025-12-18,5,Thursday
2025-12-18 05:34:17.032108,https://www.google.com/search,pandas basic interview questions - Google Search,edge,Default,google.com,search,2025-12-18,5,Thursday
2025-12-18 05:34:20.688974,https://www.datacamp.com/blog/top-python-pandas-interview-questions-and-answers,Top 26 Pandas Interview Questions and Answers | DataCamp,edge,Default,datacamp.com,other,2025-12-18,5,Thursday
2025-12-18 05:35:00.862944,https://www.google.com/search,what is dataframe - Google Search,edge,Default,google.com,search,2025-12-18,5,Thursday
2025-12-18 10:21:56.566232,https://meet.google.com/trj-snpe-wfx,Meet - trj-snpe-wfx,edge,Default,google.com,search,2025-12-18,10,Thursday
2025-12-18 10:24:49.520892,https://www.google.com/search,collab - Google Search,edge,Default,google.com,search,2025-12-18,10,Thursday
2025-12-18 10:25:05.916984,https://colab.research.google.com/drive/1y9e_nkSHSuQekJd2kfIv7_9yjlzE46JZ,Untitled2.ipynb - Colab,edge,Default,google.com,search,2025-12-18,10,Thursday
2025-12-18 10:25:22.424951,https://www.google.com/search,github - Google Search,edge,Default,google.com,search,2025-12-18,10,Thursday
2025-12-18 10:34:46.513662,https://www.google.com/search,github - Google Search,edge,Default,google.com,search,2025-12-18,10,Thursday
2025-12-18 10:35:42.629604,https://github.com/Subasangkarisaravanan/github-pratice,Subasangkarisaravanan/github-pratice: github pratice,edge,Default,github.com,learning,2025-12-18,10,Thursday
2025-12-18 10:37:21.681916,https://mail.google.com/mail/u/0/,Class 14 - Probability and Statistics with NumPy (DS-S-WD-T-B105) @9:00AM has been Scheduled - ssubasangkari@gmail.com - Gmail,edge,Default,google.com,search,2025-12-18,10,Thursday
2025-12-18 13:52:39.339367,https://www.google.com/search,zee5 - Google Search,edge,Default,google.com,search,2025-12-18,13,Thursday
2025-12-18 13:52:42.416746,https://www.zee5.com/myaccount/subscription,Avail the Best ZEE5 Subscription Plan & ZEE5 Offers,edge,Default,zee5.com,other,2025-12-18,13,Thursday
2025-12-18 13:53:00.657565,https://www.zee5.com/signin,"Login to ZEE5 & watch the Best Shows, Movies, News and More",edge,Default,zee5.com,other,2025-12-18,13,Thursday
2025-12-18 13:53:34.155421,https://www.zee5.com/,"ZEE5 - Watch TV Shows, Web Series, Movies & Live TV Channels",edge,Default,zee5.com,other,2025-12-18,13,Thursday
2025-12-18 13:54:35.888147,https://www.zee5.com/web-series/details/heartiley-battery/0-6-4z5869799,Watch Heartiley Battery Web Series All Episodes Online in HD On ZEE5,edge,Default,zee5.com,other,2025-12-18,13,Thursday
2025-12-18 13:54:47.910869,https://www.zee5.com/web-series/details/heartiley-battery/0-6-4z5869799/episodes,Watch Heartiley Battery Web Series All Episodes Online in HD On ZEE5,edge,Default,zee5.com,other,2025-12-18,13,Thursday
2025-12-18 13:54:59.020645,https://www.zee5.com/web-series/details/heartiley-battery/0-6-4z5869799/love-beyond-logic/0-1-6z5878103,Watch Heartiley Battery Season 1 E6 - Love Beyond Logic online in HD on ZEE5,edge,Default,zee5.com,other,2025-12-18,13,Thursday
2025-12-19 15:04:48.703583,https://nuawoman.com/all-night-comfort-pads-30-pack,Nua All Night Comfort Pads – Essentials Pack (30 Pads) | Zero Irritation & 4x Comfort,edge,Default,nuawoman.com,other,2025-12-19,15,Friday
2025-12-19 15:06:02.254476,https://nuawoman.com/all-products-sale,Nua's Best Selling Combos are on Sale!,edge,Default,nuawoman.com,other,2025-12-19,15,Friday
2025-12-20 08:03:31.938758,https://trk.rapido.bike/RAPIDO/228781aadf42769465721cbc,Dhanashekhar Jayapal's Rapido,edge,Default,rapido.bike,other,2025-12-20,8,Saturday
2025-12-20 09:33:40.611823,https://accounts.google.com/v3/signin/accountchooser,Sign in - Google Accounts,edge,Default,google.com,search,2025-12-20,9,Saturday
2025-12-21 11:46:27.222825,https://login.external.hp.com/idp/SSO.saml2,Continue with HP OneUID,edge,Default,hp.com,technology,2025-12-21,11,Sunday
2025-12-21 11:47:08.256113,https://authenticator.pingone.com/pingid/ppm/auth/response,,edge,Default,pingone.com,other,2025-12-21,11,Sunday
2025-12-21 11:47:10.940516,https://login.external.hp.com/idp/6ImTL/resumeSAML20/idp/SSO.ping,HP Network Detector,edge,Default,hp.com,technology,2025-12-21,11,Sunday
2025-12-21 17:13:22.413261,https://mail.google.com/mail/u/0/,ZenData Platform | DS-S-WD-T-B105_SQL - ssubasangkari@gmail.com - Gmail,edge,Default,google.com,search,2025-12-21,17,Sunday
2025-12-21 17:13:31.156868,https://mail.google.com/mail/u/0/,New Quiz Assigned - DS-S-WD-T-B105_Pandas - ssubasangkari@gmail.com - Gmail,edge,Default,google.com,search,2025-12-21,17,Sunday
2025-12-21 17:13:44.606054,https://mail.google.com/mail/u/0/,New Quiz Assigned - DS-S-WD-T-B105_PythonProgram - ssubasangkari@gmail.com - Gmail,edge,Default,google.com,search,2025-12-21,17,Sunday
2025-12-21 17:14:04.546480,https://mail.google.com/mail/u/0/,ReScheduled! Class 21 - Exploratory Data Analysis with Python (DS-S-WD-T-B105) @9:00AM - ssubasangkari@gmail.com - Gmail,edge,Default,google.com,search,2025-12-21,17,Sunday
2025-12-21 17:17:36.987570,https://www.google.com/search,guvi - Google Search,edge,Default,google.com,search,2025-12-21,17,Sunday
2025-12-21 17:17:40.366861,https://www.guvi.in/zen-class/,Zen Class - Career Programs from GUVI,edge,Default,guvi.in,learning,2025-12-21,17,Sunday
2025-12-21 17:17:47.861996,https://www.guvi.in/zen-class/,Zen Class - Career Programs from GUVI,edge,Default,guvi.in,learning,2025-12-21,17,Sunday
2025-12-21 18:11:02.853928,https://nstichennai.dgt.gov.in/,Welcome to National Skill Training Institute | National Skill Training Institute,edge,Default,dgt.gov.in,other,2025-12-21,18,Sunday
2025-12-21 18:11:08.819281,https://nstichennai.dgt.gov.in/#lang=hi,Welcome to National Skill Training Institute | National Skill Training Institute,edge,Default,dgt.gov.in,other,2025-12-21,18,Sunday
2025-12-21 18:11:10.873957,https://www.google.com/search,ati guindy chennai - Google Search,edge,Default,google.com,search,2025-12-21,18,Sunday
2025-12-21 18:11:25.173436,https://www.google.com/search,ati guindy chennai - Google Search,edge,Default,google.com,search,2025-12-21,18,Sunday
2025-12-22 03:32:07.155768,https://classify.zenclass.in/integration,Classify,edge,Default,zenclass.in,learning,2025-12-22,3,Monday
2025-12-22 03:41:31.085968,https://www.guvi.in/zen-class/,Zen Class - Career Programs from GUVI,edge,Default,guvi.in,learning,2025-12-22,3,Monday
2025-12-22 03:41:44.841261,https://classify.zenclass.in/integration,Classify,edge,Default,zenclass.in,learning,2025-12-22,3,Monday
2025-12-22 03:41:45.761460,https://classify.zenclass.in/meet-dashboard-new,Classify,edge,Default,zenclass.in,learning,2025-12-22,3,Monday
2025-12-22 03:44:30.976288,https://mail.google.com/mail/u/0/,"Updated invitation from an unknown sender: Meet scheduled for Exploratory Data Analysis with Python ... @ Mon Dec 29, 2025 9am - 11:30am (IST) (ssubasangkari@gmail.com) - ssubasangkari@gmail.com - Gmail",edge,Default,google.com,search,2025-12-22,3,Monday
2025-12-22 03:44:36.007676,https://mail.google.com/mail/u/0/,IMPORTANT NOTIFICATION : HOLIDAY ANNOUNCEMENT FROM GUVI - ssubasangkari@gmail.com - Gmail,edge,Default,google.com,search,2025-12-22,3,Monday
2025-12-22 04:57:24.332230,http://16.112.128.204:8501/,Harvard Artifacts,edge,Default,16.112.128.204.,other,2025-12-22,4,Monday
2025-12-22 06:28:28.024789,https://mail.google.com/mail/u/0/,Project Orientation Session Link - Nutrition Paradox: A Global View on Obesity and Malnutrition (DS-S-WD-T-B105)_12:00PM to 01:00PM IST - ssubasangkari@gmail.com - Gmail,edge,Default,google.com,search,2025-12-22,6,Monday
2025-12-22 06:30:50.353072,https://docs.google.com/document/d/1gIjAkxaYg2oCIHCiJB-NOIqntuN5Uk2AzVWYVyjfL8c/edit,Nutrition Paradox: A Global View on Obesity and MalnutritionI_Project Session Recordings(22/12/2025): - Google Docs,edge,Default,google.com,search,2025-12-22,6,Monday
2025-12-22 06:30:51.307693,https://docs.google.com/document/d/1gIjAkxaYg2oCIHCiJB-NOIqntuN5Uk2AzVWYVyjfL8c/edit,Nutrition Paradox: A Global View on Obesity and MalnutritionI_Project Session Recordings(22/12/2025): - Google Docs,edge,Default,google.com,search,2025-12-22,6,Monday
2025-12-22 06:30:54.539273,https://meet.google.com/ido-krxt-unb,Meet - ido-krxt-unb,edge,Default,google.com,search,2025-12-22,6,Monday
2025-12-22 07:10:52.375382,https://meet.google.com/landing,Google Meet,edge,Default,google.com,search,2025-12-22,7,Monday
2025-12-22 14:15:36.914722,https://www.guvi.in/,HCL GUVI | Learn to code in your native language,edge,Default,guvi.in,learning,2025-12-22,14,Monday
2025-12-22 14:15:42.954806,https://zen.guvi.in/authenticate/70cc46fbb4c44d906e059570d25d29bdac803019012b55a9d361d8e700caabc9878bb29c992a9a73c5dc5399e472b0a63d3a2e35e6468096898b8e8595d55645,Zen Automation,edge,Default,guvi.in,learning,2025-12-22,14,Monday
2025-12-22 14:19:11.285085,https://test.hyrenet.in/cow-bell-fix/integration,HyreNet,edge,Default,hyrenet.in,technology,2025-12-22,14,Monday
2025-12-22 14:19:25.311794,https://test.hyrenet.in/cow-bell-fix/details,HyreNet,edge,Default,hyrenet.in,technology,2025-12-22,14,Monday
2025-12-22 14:19:54.606230,https://test.hyrenet.in/cow-bell-fix/testDescription/mcq,HyreNet,edge,Default,hyrenet.in,technology,2025-12-22,14,Monday
2025-12-22 14:27:31.870917,https://test.hyrenet.in/cow-bell-fix/mcq,HyreNet,edge,Default,hyrenet.in,technology,2025-12-22,14,Monday
2025-12-22 14:29:04.008366,https://test.hyrenet.in/view-part-wait/integration,HyreNet,edge,Default,hyrenet.in,technology,2025-12-22,14,Monday
2025-12-22 14:29:14.637262,https://test.hyrenet.in/view-part-wait/details,HyreNet,edge,Default,hyrenet.in,technology,2025-12-22,14,Monday
2025-12-22 14:29:30.411079,https://test.hyrenet.in/view-part-wait/testDescription/mcq,HyreNet,edge,Default,hyrenet.in,technology,2025-12-22,14,Monday
2025-12-22 14:48:43.567285,https://test.hyrenet.in/view-part-wait/mcq,HyreNet,edge,Default,hyrenet.in,technology,2025-12-22,14,Monday
2025-12-22 14:49:47.486186,https://test.hyrenet.in/road-main-find/integration,HyreNet,edge,Default,hyrenet.in,technology,2025-12-22,14,Monday
2025-12-22 14:50:00.212683,https://test.hyrenet.in/road-main-find/details,HyreNet,edge,Default,hyrenet.in,technology,2025-12-22,14,Monday
2025-12-22 14:50:06.586282,https://test.hyrenet.in/road-main-find/testDescription/mcq,HyreNet,edge,Default,hyrenet.in,technology,2025-12-22,14,Monday
2025-12-22 14:55:07.997882,https://test.hyrenet.in/road-main-find/mcq,HyreNet,edge,Default,hyrenet.in,technology,2025-12-22,14,Monday
2025-12-22 14:56:21.082628,https://test.hyrenet.in/gate-sure-play/integration,HyreNet,edge,Default,hyrenet.in,technology,2025-12-22,14,Monday
2025-12-22 14:56:32.209956,https://test.hyrenet.in/gate-sure-play/details,HyreNet,edge,Default,hyrenet.in,technology,2025-12-22,14,Monday
2025-12-22 14:56:52.084720,https://test.hyrenet.in/gate-sure-play/testDescription/programming,HyreNet,edge,Default,hyrenet.in,technology,2025-12-22,14,Monday
2025-12-22 15:48:03.764152,https://www.booking.com/homestay/city/in/malpe.en-gb.html,"The 10 best homestays in Malpe, India | Booking.com",edge,Default,booking.com,other,2025-12-22,15,Monday
2025-12-22 15:56:02.874522,https://test.hyrenet.in/gate-sure-play/programming,HyreNet,edge,Default,hyrenet.in,technology,2025-12-22,15,Monday
2025-12-22 15:57:21.806085,https://mail.google.com/mail/u/0/,New Project Created - DS_Nutrition Paradox: A Global View on Obesity&Malnutrition - ssubasangkari@gmail.com - Gmail,edge,Default,google.com,search,2025-12-22,15,Monday
2025-12-22 15:58:42.138094,https://test.hyrenet.in/bow-hit-ride,HyreNet,edge,Default,hyrenet.in,technology,2025-12-22,15,Monday
2025-12-22 15:58:58.214425,https://mail.google.com/mail/u/0/,ZenData Platform | DS-S-WD-T-B105_Super20_Test_1 - ssubasangkari@gmail.com - Gmail,edge,Default,google.com,search,2025-12-22,15,Monday
2025-12-22 17:12:57.729487,https://www.google.com/search,krang suri waterfalls - Google Search,edge,Default,google.com,search,2025-12-22,17,Monday
2025-12-22 17:13:02.236231,https://www.google.com/search,krang suri waterfalls - Google Search,edge,Default,google.com,search,2025-12-22,17,Monday
2025-12-22 18:14:06.023700,https://www.udemy.com/course/codewithharry-python/,Complete 2025 Python Bootcamp: Learn Python from Scratch | Udemy,edge,Default,udemy.com,other,2025-12-22,18,Monday
2025-12-22 18:16:04.570073,https://www.udemy.com/join/passwordless-auth/,Log in to continue your learning journey | Udemy,edge,Default,udemy.com,other,2025-12-22,18,Monday
2025-12-22 18:16:12.294356,https://www.udemy.com/organization/global-login/,Organization login | Udemy,edge,Default,udemy.com,other,2025-12-22,18,Monday
2025-12-22 18:16:13.257526,https://www.udemy.com/organization/global-login/email,Organization login | Udemy,edge,Default,udemy.com,other,2025-12-22,18,Monday
2025-12-22 18:16:29.823559,https://www.udemy.com/organization/global-login/success,Organization login | Udemy,edge,Default,udemy.com,other,2025-12-22,18,Monday
2025-12-23 03:31:59.031974,https://classify.zenclass.in/integration,Classify,edge,Default,zenclass.in,learning,2025-12-23,3,Tuesday
2025-12-23 03:47:25.609946,https://classify.zenclass.in/integration,Classify,edge,Default,zenclass.in,learning,2025-12-23,3,Tuesday
2025-12-23 03:47:26.348919,https://classify.zenclass.in/meet-dashboard-new,Classify,edge,Default,zenclass.in,learning,2025-12-23,3,Tuesday
2025-12-23 03:52:42.984329,https://docs.google.com/document/d/1bNm0i4TVMO7LutIvU86oJJXp-MAzR4gottQNveEJ3o0/edit,DS/AIML Project Live-Evaluation Session Link (Evening) - Google Docs,edge,Default,google.com,search,2025-12-23,3,Tuesday
2025-12-23 04:27:12.102360,https://docs.google.com/document/d/1bNm0i4TVMO7LutIvU86oJJXp-MAzR4gottQNveEJ3o0/edit,DS/AIML Project Live-Evaluation Session Link (Evening) - Google Docs,edge,Default,google.com,search,2025-12-23,4,Tuesday
2025-12-23 05:34:53.607138,https://www.google.com/search,pandasai - Google Search,edge,Default,google.com,search,2025-12-23,5,Tuesday
2025-12-23 05:34:57.102631,https://pandas-ai.com/,PandasAI - AI Dashboard for Business Intelligence,edge,Default,pandas-ai.com,other,2025-12-23,5,Tuesday
2025-12-23 05:35:10.617678,https://chat.pandas-ai.com/,Annie,edge,Default,pandas-ai.com,other,2025-12-23,5,Tuesday
2025-12-23 05:36:28.525449,https://www.google.com/search,alphabets - Google Search,edge,Default,google.com,search,2025-12-23,5,Tuesday
2025-12-23 05:48:25.111843,https://www.google.com/search,whatsapp web - Google Search,edge,Default,google.com,search,2025-12-23,5,Tuesday
2025-12-23 05:53:13.233035,https://www.google.com/search,Google Search,edge,Default,google.com,search,2025-12-23,5,Tuesday
2025-12-23 05:53:23.221204,https://www.google.com/search,Google Search,edge,Default,google.com,search,2025-12-23,5,Tuesday
2025-12-23 06:12:11.986280,https://test.hyrenet.in/bow-hit-ride/integration,HyreNet,edge,Default,hyrenet.in,technology,2025-12-23,6,Tuesday
2025-12-23 06:21:11.148778,https://colab.research.google.com/drive/1pwCb0vJfGsvCJ48iwzN4avWiYIhsXUao,Nutrition_paradox.ipynb - Colab,edge,Default,google.com,search,2025-12-23,6,Tuesday
2025-12-23 06:33:20.385666,https://colab.research.google.com/drive/1Yej2m_NBOUj-d6RgWv94WrFaKu0UK_zT#scrollTo=zOzjGOmAudvz,Harvards_Artifacts_Collection.ipynb - Colab,edge,Default,google.com,search,2025-12-23,6,Tuesday
2025-12-23 06:33:46.544512,https://colab.research.google.com/drive/1mD7QMKteL6M2KI4bdOBhqQFIW6MYrwwm#updateTitle=true&folderId=1L-fwxUGSDZBpuwx1P8mKstC_C_aeWPJt,Untitled - Colab,edge,Default,google.com,search,2025-12-23,6,Tuesday
2025-12-23 06:33:49.140639,https://colab.research.google.com/drive/1mD7QMKteL6M2KI4bdOBhqQFIW6MYrwwm,Untitled3.ipynb - Colab,edge,Default,google.com,search,2025-12-23,6,Tuesday
2025-12-23 06:35:40.969664,https://colab.research.google.com/drive/1pwCb0vJfGsvCJ48iwzN4avWiYIhsXUao,Nutrition_paradox.ipynb - Colab,edge,Default,google.com,search,2025-12-23,6,Tuesday
2025-12-23 06:40:48.591281,https://colab.research.google.com/drive/1pwCb0vJfGsvCJ48iwzN4avWiYIhsXUao,Nutrition_paradox.ipynb - Colab,edge,Default,google.com,search,2025-12-23,6,Tuesday
2025-12-23 06:48:35.034906,https://colab.research.google.com/drive/1pwCb0vJfGsvCJ48iwzN4avWiYIhsXUao,Nutrition_paradox.ipynb - Colab,edge,Default,google.com,search,2025-12-23,6,Tuesday
2025-12-23 06:49:52.433110,https://www.google.com/search,how to combine two different datasets into one dataframe - Google Search,edge,Default,google.com,search,2025-12-23,6,Tuesday
2025-12-23 07:05:44.384980,https://www.google.com/search,how to filter the data in dataframe - Google Search,edge,Default,google.com,search,2025-12-23,7,Tuesday
2025-12-23 07:17:42.228638,https://www.google.com/search,"df_obesity = pd.merge(df, df_c, how='outer') - Google Search",edge,Default,google.com,search,2025-12-23,7,Tuesday
2025-12-23 07:18:54.609068,https://www.google.com/search,"df_obesity = pd.merge(df, df_c, how='outer') how to filter data from this - Google Search",edge,Default,google.com,search,2025-12-23,7,Tuesday
2025-12-23 07:22:44.634885,https://www.google.com/search,filtered_data = df_obesity[df_obesity['TimeDim'] >= '2012' & df_obesity['TimeDim'] <= '2022'] filtered_data.head() - Google Search,edge,Default,google.com,search,2025-12-23,7,Tuesday
2025-12-23 07:23:59.399514,https://www.google.com/search,filtered_data = df_obesity[df_obesity['TimeDim'] >= '2012' & df_obesity['TimeDim'] <= '2022'] filtered_data.head() - Google Search,edge,Default,google.com,search,2025-12-23,7,Tuesday
2025-12-23 07:24:03.673784,https://www.google.com/search,filtered_data = df_obesity[df_obesity['TimeDim'] >= '2012' & df_obesity['TimeDim'] <= '2022'] filtered_data.head() - Google Search,edge,Default,google.com,search,2025-12-23,7,Tuesday
2025-12-23 07:24:03.856755,https://www.google.com/search,filtered_data = df_obesity[df_obesity['TimeDim'] >= '2012' & df_obesity['TimeDim'] <= '2022'] filtered_data.head() - Google Search,edge,Default,google.com,search,2025-12-23,7,Tuesday
2025-12-23 07:24:10.716974,https://www.google.com/search,filtered_data = df_obesity[df_obesity['TimeDim'] >= '2012' & df_obesity['TimeDim'] <= '2022'] filtered_data.head() - Google Search,edge,Default,google.com,search,2025-12-23,7,Tuesday
2025-12-23 07:30:23.191134,https://www.google.com/search,how to keep only certain columns in pandas - Google Search,edge,Default,google.com,search,2025-12-23,7,Tuesday
2025-12-23 07:39:47.945881,https://www.google.com/search,"df_obesity = pd.DataFrame(filtered_data_obesity) columns_to_keep = [""ParentLocation"",""Dim1"",""TimeDim"",""Low"",""High"",""NumericValue"",""SpatialDim"",""age_group""] df_obesity.head() - Google Search",edge,Default,google.com,search,2025-12-23,7,Tuesday
2025-12-23 07:42:00.732342,https://www.google.com/search,how to rename the columns in pandas - Google Search,edge,Default,google.com,search,2025-12-23,7,Tuesday
2025-12-23 09:33:21.652010,https://login.external.hp.com/idp/SSO.saml2,Continue with HP OneUID,edge,Default,hp.com,technology,2025-12-23,9,Tuesday
2025-12-23 09:33:51.448368,https://authenticator.pingone.com/pingid/ppm/auth/response,,edge,Default,pingone.com,other,2025-12-23,9,Tuesday
2025-12-23 09:33:53.485189,https://login.external.hp.com/idp/DDsQ9/resumeSAML20/idp/SSO.ping,HP Network Detector,edge,Default,hp.com,technology,2025-12-23,9,Tuesday
2025-12-23 09:34:35.001998,https://hpitprod.service-now.com/nav_to.do,Incidents | ServiceNow,edge,Default,service-now.com,professional,2025-12-23,9,Tuesday
2025-12-23 10:37:10.914560,https://www.google.com/search,phoenix mall bangalore - Google Search,edge,Default,google.com,search,2025-12-23,10,Tuesday
2025-12-23 10:37:11.945217,https://www.google.com/search,phoenix mall bangalore - Google Search,edge,Default,google.com,search,2025-12-23,10,Tuesday
2025-12-23 10:37:16.658388,https://www.google.com/search,phoenix marketcity photos - Google Search,edge,Default,google.com,search,2025-12-23,10,Tuesday
2025-12-23 10:37:17.521313,https://www.google.com/search,phoenix marketcity photos - Google Search,edge,Default,google.com,search,2025-12-23,10,Tuesday
2025-12-23 10:37:47.358607,https://www.google.com/search,phoenix marketcity photos - Google Search,edge,Default,google.com,search,2025-12-23,10,Tuesday
2025-12-23 10:37:54.369357,https://www.google.com/search,phoenix marketcity photos - Google Search,edge,Default,google.com,search,2025-12-23,10,Tuesday
2025-12-23 10:37:54.531964,https://www.google.com/search,phoenix marketcity photos trend - Google Search,edge,Default,google.com,search,2025-12-23,10,Tuesday
2025-12-23 10:37:56.263976,https://www.google.com/search,phoenix marketcity photos trend - Google Search,edge,Default,google.com,search,2025-12-23,10,Tuesday
2025-12-23 10:37:57.033396,https://www.google.com/search,phoenix marketcity photos trend - Google Search,edge,Default,google.com,search,2025-12-23,10,Tuesday
2025-12-23 10:38:18.459764,https://www.google.com/search,is there trends in phoenix market city bangalore - Google Search,edge,Default,google.com,search,2025-12-23,10,Tuesday
2025-12-23 10:38:26.870197,https://www.phoenixmarketcity.com/bangalore/brands,,edge,Default,phoenixmarketcity.com,other,2025-12-23,10,Tuesday
2025-12-23 10:38:35.315389,https://www.phoenixmarketcity.com/bangalore/brands/Women's-Fashion,phoenixmarketcity.com/bangalore/brands,edge,Default,phoenixmarketcity.com,other,2025-12-23,10,Tuesday
2025-12-23 10:40:13.191559,https://www.google.com/search,trends near me - Google Search,edge,Default,google.com,search,2025-12-23,10,Tuesday
2025-12-23 10:40:30.091730,https://www.google.com/search,trends near me - Google Search,edge,Default,google.com,search,2025-12-23,10,Tuesday
2025-12-23 10:40:30.265602,https://www.google.com/search,relaince tends near me - Google Search,edge,Default,google.com,search,2025-12-23,10,Tuesday
2025-12-23 10:40:38.344245,https://www.google.com/search,relaince tends near me - Google Search,edge,Default,google.com,search,2025-12-23,10,Tuesday
2025-12-23 15:31:32.696976,https://login.external.hp.com/idp/SSO.saml2,Continue with HP OneUID,edge,Default,hp.com,technology,2025-12-23,15,Tuesday
2025-12-23 15:31:55.455411,https://login.external.hp.com/idp/tDM92/resumeSAML20/idp/SSO.ping,HP Network Detector,edge,Default,hp.com,technology,2025-12-23,15,Tuesday
2025-12-23 15:32:21.153461,https://hpitprod.service-now.com/nav_to.do,Incidents | ServiceNow,edge,Default,service-now.com,professional,2025-12-23,15,Tuesday
2025-12-23 15:32:42.510021,https://hpitprod.service-now.com/nav_to.do,INC10478651 | Incident | ServiceNow,edge,Default,service-now.com,professional,2025-12-23,15,Tuesday
2025-12-23 15:53:58.445950,https://aramya.in/collections/latest-kurti-collection-onsale,Buy Kurta Set For Women From M to 10 XL | Aramya,edge,Default,aramya.in,other,2025-12-23,15,Tuesday
2025-12-23 15:55:11.741879,https://aramya.in/,Buy Kurta Set For Women From M to 10 XL | Aramya,edge,Default,aramya.in,other,2025-12-23,15,Tuesday
2025-12-24 03:30:52.561584,https://classify.zenclass.in/integration,Classify,edge,Default,zenclass.in,learning,2025-12-24,3,Wednesday
2025-12-24 04:09:20.622610,https://v2.zenclass.in/class/21be0301-eda7-4666-8536-8f03d87878a4,GUVI,edge,Default,zenclass.in,learning,2025-12-24,4,Wednesday
2025-12-24 04:09:23.553681,https://classify.zenclass.in/integration,Classify,edge,Default,zenclass.in,learning,2025-12-24,4,Wednesday
2025-12-24 04:09:24.145604,https://classify.zenclass.in/meet-dashboard-new,Classify,edge,Default,zenclass.in,learning,2025-12-24,4,Wednesday
2025-12-24 04:17:37.329438,https://colab.research.google.com/drive/1mD7QMKteL6M2KI4bdOBhqQFIW6MYrwwm#scrollTo=Sjgnxp3ujtSq,Nutrition.ipynb - Colab,edge,Default,google.com,search,2025-12-24,4,Wednesday
2025-12-24 04:19:46.581128,https://colab.research.google.com/drive/1mD7QMKteL6M2KI4bdOBhqQFIW6MYrwwm#scrollTo=SyG8iI-VlZzA,Nutrition.ipynb - Colab,edge,Default,google.com,search,2025-12-24,4,Wednesday
2025-12-24 04:20:09.362893,https://colab.research.google.com/drive/1mD7QMKteL6M2KI4bdOBhqQFIW6MYrwwm#scrollTo=nvatR40UlfXJ,Nutrition.ipynb - Colab,edge,Default,google.com,search,2025-12-24,4,Wednesday
2025-12-24 04:20:26.054875,https://colab.research.google.com/drive/1mD7QMKteL6M2KI4bdOBhqQFIW6MYrwwm#scrollTo=CmihUmRfljb9,Nutrition.ipynb - Colab,edge,Default,google.com,search,2025-12-24,4,Wednesday
2025-12-24 06:03:10.974936,https://www.google.com/search,weather bengaluru - Google Search,edge,Default,google.com,search,2025-12-24,6,Wednesday
2025-12-24 06:03:38.812143,https://support.google.com/websearch/answer/13687874,How Google Weather works - Google Search Help,edge,Default,google.com,search,2025-12-24,6,Wednesday
2025-12-24 06:03:58.534612,https://www.google.com/search,"weather near Salem, Tamil Nadu - Google Search",edge,Default,google.com,search,2025-12-24,6,Wednesday
2025-12-24 07:41:40.060060,https://www.google.com/search,whatsapp web - Google Search,edge,Default,google.com,search,2025-12-24,7,Wednesday
2025-12-24 09:09:38.142593,https://ebill.abfrl.com/az/paPx2XDapZ,,edge,Default,abfrl.com,other,2025-12-24,9,Wednesday
2025-12-24 12:24:50.886598,https://mail.google.com/mail/u/0/,DS_AIML_Capstone Project-Live_Evaluation Invite!!!!! - ssubasangkari@gmail.com - Gmail,edge,Default,google.com,search,2025-12-24,12,Wednesday
2025-12-24 12:25:01.710490,https://docs.google.com/document/d/1bNm0i4TVMO7LutIvU86oJJXp-MAzR4gottQNveEJ3o0/edit,DS/AIML Project Live-Evaluation Session Link (Evening) - Google Docs,edge,Default,google.com,search,2025-12-24,12,Wednesday
2025-12-24 12:25:01.968572,https://docs.google.com/document/d/1bNm0i4TVMO7LutIvU86oJJXp-MAzR4gottQNveEJ3o0/edit,DS/AIML Project Live-Evaluation Session Link (Evening) - Google Docs,edge,Default,google.com,search,2025-12-24,12,Wednesday
2025-12-24 12:49:54.887056,https://meet.google.com/pnv-xcnk-zne,Meet - pnv-xcnk-zne,edge,Default,google.com,search,2025-12-24,12,Wednesday
2025-12-24 12:49:55.485316,https://meet.google.com/rhc-tahe-wgr,Meet,edge,Default,google.com,search,2025-12-24,12,Wednesday
2025-12-24 12:49:56.692459,https://meet.google.com/rhc-tahe-wgr,Meet - rhc-tahe-wgr,edge,Default,google.com,search,2025-12-24,12,Wednesday
2025-12-24 13:07:57.968637,http://localhost:8501/,Streamlit,edge,Default,localhost.,other,2025-12-24,13,Wednesday
2025-12-24 15:38:12.195769,https://test.hyrenet.in/bow-hit-ride/integration,HyreNet,edge,Default,hyrenet.in,technology,2025-12-24,15,Wednesday
2025-12-24 16:09:31.978261,https://login.external.hp.com/idp/SSO.saml2,Continue with HP OneUID,edge,Default,hp.com,technology,2025-12-24,16,Wednesday
2025-12-24 16:09:32.533268,https://ebill.abfrl.com/p/paPx2XDapZ,Pantaloons,edge,Default,abfrl.com,other,2025-12-24,16,Wednesday
2025-12-24 18:07:43.997755,https://login.external.hp.com/idp/SSO.saml2,Continue with HP OneUID,edge,Default,hp.com,technology,2025-12-24,18,Wednesday
2025-12-24 18:09:30.620211,https://authenticator.pingone.com/pingid/ppm/auth/response,,edge,Default,pingone.com,other,2025-12-24,18,Wednesday
2025-12-24 18:09:41.574874,https://authenticator.pingone.com/pingid/ppm/auth/response,,edge,Default,pingone.com,other,2025-12-24,18,Wednesday
2025-12-24 18:09:44.347857,https://login.external.hp.com/idp/LOWlG/resumeSAML20/idp/SSO.ping,HP Network Detector,edge,Default,hp.com,technology,2025-12-24,18,Wednesday
2025-12-26 06:17:44.539891,https://login.external.hp.com/idp/SSO.saml2,Continue with HP OneUID,edge,Default,hp.com,technology,2025-12-26,6,Friday
2025-12-26 06:18:27.092979,https://authenticator.pingone.com/pingid/ppm/auth/response,,edge,Default,pingone.com,other,2025-12-26,6,Friday
2025-12-26 06:18:29.913156,https://login.external.hp.com/idp/NhvKC/resumeSAML20/idp/SSO.ping,HP Network Detector,edge,Default,hp.com,technology,2025-12-26,6,Friday
2025-12-26 07:57:04.519639,https://www.google.com/search,udupi to honnavar - Google Search,edge,Default,google.com,search,2025-12-26,7,Friday
2025-12-26 07:59:22.732715,https://www.google.com/search,honnavar to gokarna distance - Google Search,edge,Default,google.com,search,2025-12-26,7,Friday
2025-12-26 10:03:36.680514,https://www.google.com/search,saradha vidhyalaya school - Google Search,edge,Default,google.com,search,2025-12-26,10,Friday
2025-12-26 10:03:39.771301,https://www.google.com/search,saradha vidhyalaya school - Google Search,edge,Default,google.com,search,2025-12-26,10,Friday
2025-12-26 10:03:41.099229,https://www.google.com/search,saradha vidhyalaya school - Google Search,edge,Default,google.com,search,2025-12-26,10,Friday
2025-12-26 10:03:41.297909,https://www.google.com/search,saradha vidhyalaya school - Google Search,edge,Default,google.com,search,2025-12-26,10,Friday
2025-12-26 10:03:45.471027,https://www.google.com/search,saradha vidhyalaya school - Google Search,edge,Default,google.com,search,2025-12-26,10,Friday
2025-12-26 10:03:50.716904,https://www.google.com/search,saradha vidhyalaya school - Google Search,edge,Default,google.com,search,2025-12-26,10,Friday
2025-12-26 10:03:50.882431,https://www.google.com/search,saradha vidhyalaya school salem - Google Search,edge,Default,google.com,search,2025-12-26,10,Friday
2025-12-26 10:04:18.356250,https://www.google.com/search,saradha vidhyalaya school salem - Google Search,edge,Default,google.com,search,2025-12-26,10,Friday
2025-12-26 10:04:26.194954,https://www.google.com/search,saradha vidhyalaya school salem - Google Search,edge,Default,google.com,search,2025-12-26,10,Friday
2025-12-26 10:04:26.378033,https://www.google.com/search,saradha vidhyalaya school salem is cbse or state board - Google Search,edge,Default,google.com,search,2025-12-26,10,Friday
2025-12-26 10:04:33.625523,https://www.google.com/search,saradha vidhyalaya school salem is cbse or state board - Google Search,edge,Default,google.com,search,2025-12-26,10,Friday
2025-12-26 10:04:48.318486,https://www.google.com/search,saradha vidhyalaya school salem is it private or government - Google Search,edge,Default,google.com,search,2025-12-26,10,Friday
2025-12-26 10:04:49.073610,https://www.google.com/search,saradha vidhyalaya school salem is it private or government - Google Search,edge,Default,google.com,search,2025-12-26,10,Friday
2025-12-26 10:06:10.820695,https://schools.org.in/salem/33082100201/sri-sarada-vidyalaya-h-s-sl.html,SRI SARADA VIDYALAYA H.S.SL. - Alagapuram Village District Salem (Tamil Nadu),edge,Default,schools.org.in,other,2025-12-26,10,Friday
2025-12-26 11:14:01.578393,https://login.external.hp.com/idp/SSO.saml2,Continue with HP OneUID,edge,Default,hp.com,technology,2025-12-26,11,Friday
2025-12-26 11:14:19.149635,https://login.external.hp.com/idp/eLzXD/resumeSAML20/idp/SSO.ping,HP Network Detector,edge,Default,hp.com,technology,2025-12-26,11,Friday
2025-12-26 17:45:22.300430,https://www.google.com/search,tempo traveller rent - Google Search,edge,Default,google.com,search,2025-12-26,17,Friday
2025-12-26 17:45:23.799573,https://www.google.com/search,tempo traveller rent - Google Search,edge,Default,google.com,search,2025-12-26,17,Friday
2025-12-27 04:46:28.056939,https://www.google.com/search,tamil flims - Google Search,edge,Default,google.com,search,2025-12-27,4,Saturday
2025-12-27 04:51:38.462799,https://www.google.com/search,tamil flims - Google Search,edge,Default,google.com,search,2025-12-27,4,Saturday
2025-12-27 04:51:42.036865,https://www.google.com/search,tamil flims - Google Search,edge,Default,google.com,search,2025-12-27,4,Saturday
2025-12-27 04:51:42.338794,https://www.google.com/search,tamil flims list - Google Search,edge,Default,google.com,search,2025-12-27,4,Saturday
2025-12-27 09:08:44.624176,https://login.external.hp.com/idp/SSO.saml2,Continue with HP OneUID,edge,Default,hp.com,technology,2025-12-27,9,Saturday
2025-12-27 09:12:57.481438,https://authenticator.pingone.com/pingid/ppm/auth/response,,edge,Default,pingone.com,other,2025-12-27,9,Saturday
2025-12-27 09:13:03.113145,https://login.external.hp.com/idp/wloSh/resumeSAML20/idp/SSO.ping,HP Network Detector,edge,Default,hp.com,technology,2025-12-27,9,Saturday
2025-12-27 09:13:28.454973,https://hpitprod.service-now.com/nav_to.do,Incidents | ServiceNow,edge,Default,service-now.com,professional,2025-12-27,9,Saturday
2025-12-27 09:14:28.240526,https://hpitprod.service-now.com/nav_to.do,Incidents | ServiceNow,edge,Default,service-now.com,professional,2025-12-27,9,Saturday
2025-12-27 09:14:51.301982,https://hpitprod.service-now.com/nav_to.do,Incidents | ServiceNow,edge,Default,service-now.com,professional,2025-12-27,9,Saturday
2025-12-27 09:15:54.859880,https://hpitprod.service-now.com/nav_to.do,Incidents | ServiceNow,edge,Default,service-now.com,professional,2025-12-27,9,Saturday
2025-12-28 04:45:25.295508,https://krishnamatha.org/,Home - Sri Krishna Matha Udupi,edge,Default,krishnamatha.org,other,2025-12-28,4,Sunday
2025-12-28 04:58:55.612321,https://seva.sriputhige.org/,Sri Puthige Matha – Seva Booking Page,edge,Default,sriputhige.org,other,2025-12-28,4,Sunday
2025-12-28 04:59:06.649506,https://seva.sriputhige.org/,Sri Puthige Matha – Seva Booking Page,edge,Default,sriputhige.org,other,2025-12-28,4,Sunday
2025-12-28 04:59:14.164589,https://seva.sriputhige.org/,Sri Puthige Matha – Seva Booking Page,edge,Default,sriputhige.org,other,2025-12-28,4,Sunday
2025-12-29 19:03:28.156652,https://www.google.com/search,Charitha Blossom Bengaluru - Google Search,edge,Default,google.com,search,2025-12-29,19,Monday
2025-12-30 04:41:18.752978,https://classify.zenclass.in/integration,Classify,edge,Default,zenclass.in,learning,2025-12-30,4,Tuesday
2025-12-30 05:44:33.342662,https://login.external.hp.com/idp/SSO.saml2,Continue with HP OneUID,edge,Default,hp.com,technology,2025-12-30,5,Tuesday
2025-12-30 05:45:13.492640,https://authenticator.pingone.com/pingid/ppm/auth/response,,edge,Default,pingone.com,other,2025-12-30,5,Tuesday
2025-12-30 05:45:16.720619,https://login.external.hp.com/idp/rRpM8/resumeSAML20/idp/SSO.ping,HP Network Detector,edge,Default,hp.com,technology,2025-12-30,5,Tuesday
2025-12-30 05:45:30.227622,https://hpitprod.service-now.com/nav_to.do,Incidents | ServiceNow,edge,Default,service-now.com,professional,2025-12-30,5,Tuesday
2025-12-30 07:21:29.122552,https://hpitprod.service-now.com/nav_to.do,Incidents | ServiceNow,edge,Default,service-now.com,professional,2025-12-30,7,Tuesday
2025-12-30 14:06:55.432805,https://www.google.com/search,iqoo z3 - Google Search,edge,Default,google.com,search,2025-12-30,14,Tuesday
2025-12-30 14:06:58.276669,https://www.google.com/search,iqoo z3 - Google Search,edge,Default,google.com,search,2025-12-30,14,Tuesday
2025-12-30 14:06:59.508722,https://www.flipkart.com/iqoo-z3-5g-cyber-blue-128-gb/p/itmef46a7696426b,"IQOO Z3 5G (128 GB Storage, 6 GB RAM) Online at Best Price On Flipkart.com",edge,Default,flipkart.com,shopping,2025-12-30,14,Tuesday
2025-12-30 14:24:00.378932,https://www.google.com/search,bell's palsy - Google Search,edge,Default,google.com,search,2025-12-30,14,Tuesday
2025-12-30 14:25:38.160564,https://www.google.com/search,kolli malai tourist spots - Google Search,edge,Default,google.com,search,2025-12-30,14,Tuesday
2025-12-30 14:25:39.793073,https://www.google.com/search,Charitha Blossom Bengaluru - Google Search,edge,Default,google.com,search,2025-12-30,14,Tuesday
2025-12-30 14:25:39.806758,https://hpitprod.service-now.com/nav_to.do,INC10408824 | Incident | ServiceNow,edge,Default,service-now.com,professional,2025-12-30,14,Tuesday
2025-12-30 14:25:40.982840,https://seva.sriputhige.org/,Sri Puthige Matha – Seva Booking Page,edge,Default,sriputhige.org,other,2025-12-30,14,Tuesday
2025-12-30 14:25:41.358618,https://web.axis.bank.in/DigitalChannel/WebForm/,Axis Bank,edge,Default,axis.bank.in,other,2025-12-30,14,Tuesday
2025-12-30 14:25:42.335730,https://hpitprod.service-now.com/nav_to.do,INC-HPI-LV3-VSM-DXC | Group | ServiceNow,edge,Default,service-now.com,professional,2025-12-30,14,Tuesday
2025-12-30 14:25:42.372211,https://www.google.com/search,tamil flims list - Google Search,edge,Default,google.com,search,2025-12-30,14,Tuesday
2025-12-30 14:25:42.704884,https://login.external.hp.com/idp/SSO.saml2,Continue with HP OneUID,edge,Default,hp.com,technology,2025-12-30,14,Tuesday
2025-12-30 14:25:42.984876,https://www.google.com/search,tempo traveller rent per km in bangalore - Google Search,edge,Default,google.com,search,2025-12-30,14,Tuesday
2025-12-30 14:25:43.269158,https://login.external.hp.com/idp/SSO.saml2,Continue with HP OneUID,edge,Default,hp.com,technology,2025-12-30,14,Tuesday
2025-12-30 14:25:43.417740,https://www.google.com/search,man purse - Google Search,edge,Default,google.com,search,2025-12-30,14,Tuesday
2025-12-30 14:25:43.809525,https://seva.sriputhige.org/,Sri Puthige Matha – Seva Booking Page,edge,Default,sriputhige.org,other,2025-12-30,14,Tuesday
2025-12-30 14:25:44.142691,https://www.google.com/search,saradha vidhyalaya school salem is cbse or state board - Google Search,edge,Default,google.com,search,2025-12-30,14,Tuesday
2025-12-30 14:25:44.442238,https://login.external.hp.com/idp/SSO.saml2,Continue with HP OneUID,edge,Default,hp.com,technology,2025-12-30,14,Tuesday
2025-12-30 15:15:28.104007,https://login.external.hp.com/idp/SSO.saml2,Continue with HP OneUID,edge,Default,hp.com,technology,2025-12-30,15,Tuesday
2025-12-30 15:15:46.227744,https://login.external.hp.com/idp/jkSkO/resumeSAML20/idp/SSO.ping,Submit Form,edge,Default,hp.com,technology,2025-12-30,15,Tuesday
2025-12-31 01:42:48.967420,https://starpay.starhealth.in/payment/checkout,,edge,Default,starhealth.in,other,2025-12-31,1,Wednesday
2025-12-31 01:43:18.111825,https://starpay.starhealth.in/payment/status,,edge,Default,starhealth.in,other,2025-12-31,1,Wednesday
2025-12-31 01:43:31.198963,https://renewals.starhealth.in/starhealth/#/callback/0591019c-e4c3-11f0-bb13-af6b8fa78298/STARHEALTH88259395151767145369083,Star Health Policy Renewal,edge,Default,starhealth.in,other,2025-12-31,1,Wednesday
2025-12-31 03:38:11.203233,https://classify.zenclass.in/integration,Classify,edge,Default,zenclass.in,learning,2025-12-31,3,Wednesday
2025-12-31 05:06:13.707946,https://classify.zenclass.in/integration,Classify,edge,Default,zenclass.in,learning,2025-12-31,5,Wednesday
2025-12-31 05:06:14.606080,https://classify.zenclass.in/meet-dashboard-new,Classify,edge,Default,zenclass.in,learning,2025-12-31,5,Wednesday
2025-12-31 05:06:18.125891,https://v2.zenclass.in/class/279cff69-0dcb-4427-8c8a-37190e97924d,GUVI,edge,Default,zenclass.in,learning,2025-12-31,5,Wednesday
2025-12-31 05:06:27.030245,https://classify.zenclass.in/integration,Classify,edge,Default,zenclass.in,learning,2025-12-31,5,Wednesday
2025-12-31 05:06:27.464193,https://classify.zenclass.in/meet-dashboard-new,Classify,edge,Default,zenclass.in,learning,2025-12-31,5,Wednesday
2025-12-31 11:40:31.209342,https://www.google.com/search,vivo service center - Google Search,edge,Default,google.com,search,2025-12-31,11,Wednesday
2025-12-31 11:40:35.681360,https://www.google.com/search,vivo service center - Google Search,edge,Default,google.com,search,2025-12-31,11,Wednesday
2025-12-31 12:59:04.501040,https://docs.google.com/document/d/1fobenBvneIxtiWUTeWcFROxLQlC6xQmV7iKKpQs_3OM/edit,Nutrition Paradox: A Global View on Obesity and Malnutrition - Google Docs,edge,Default,google.com,search,2025-12-31,12,Wednesday
2025-12-31 12:59:04.781634,https://docs.google.com/document/d/1fobenBvneIxtiWUTeWcFROxLQlC6xQmV7iKKpQs_3OM/edit,Nutrition Paradox: A Global View on Obesity and Malnutrition - Google Docs,edge,Default,google.com,search,2025-12-31,12,Wednesday
2025-12-31 12:59:05.198167,https://docs.google.com/document/d/1fobenBvneIxtiWUTeWcFROxLQlC6xQmV7iKKpQs_3OM/edit,Nutrition Paradox: A Global View on Obesity and Malnutrition - Google Docs,edge,Default,google.com,search,2025-12-31,12,Wednesday
2025-12-31 12:59:05.867587,https://docs.google.com/document/d/1fobenBvneIxtiWUTeWcFROxLQlC6xQmV7iKKpQs_3OM/edit,Nutrition Paradox: A Global View on Obesity and Malnutrition - Google Docs,edge,Default,google.com,search,2025-12-31,12,Wednesday
2025-12-31 12:59:08.374717,https://docs.google.com/document/d/1fobenBvneIxtiWUTeWcFROxLQlC6xQmV7iKKpQs_3OM/edit,Nutrition Paradox: A Global View on Obesity and Malnutrition - Google Docs,edge,Default,google.com,search,2025-12-31,12,Wednesday
2025-12-31 12:59:18.084073,https://docs.google.com/document/d/1fobenBvneIxtiWUTeWcFROxLQlC6xQmV7iKKpQs_3OM/edit,Nutrition Paradox: A Global View on Obesity and Malnutrition - Google Docs,edge,Default,google.com,search,2025-12-31,12,Wednesday
2025-12-31 12:59:18.240656,https://docs.google.com/document/d/1fobenBvneIxtiWUTeWcFROxLQlC6xQmV7iKKpQs_3OM/edit,Nutrition Paradox: A Global View on Obesity and Malnutrition - Google Docs,edge,Default,google.com,search,2025-12-31,12,Wednesday
2025-12-31 12:59:21.414649,https://docs.google.com/document/d/1fobenBvneIxtiWUTeWcFROxLQlC6xQmV7iKKpQs_3OM/edit,Nutrition Paradox: A Global View on Obesity and Malnutrition - Google Docs,edge,Default,google.com,search,2025-12-31,12,Wednesday
2025-12-31 14:07:04.863937,https://colab.research.google.com/drive/1mD7QMKteL6M2KI4bdOBhqQFIW6MYrwwm#scrollTo=LuD0aYpyRDiH,Nutrition.ipynb - Colab,edge,Default,google.com,search,2025-12-31,14,Wednesday
2025-12-31 14:07:32.623948,https://colab.research.google.com/drive/1mD7QMKteL6M2KI4bdOBhqQFIW6MYrwwm#scrollTo=frYTl56lQjuz,Nutrition.ipynb - Colab,edge,Default,google.com,search,2025-12-31,14,Wednesday
2025-12-31 14:07:35.710664,https://colab.research.google.com/drive/1mD7QMKteL6M2KI4bdOBhqQFIW6MYrwwm#scrollTo=h6k3LgWZQeKZ,Nutrition.ipynb - Colab,edge,Default,google.com,search,2025-12-31,14,Wednesday
2025-12-31 14:09:00.662476,https://colab.research.google.com/drive/1mD7QMKteL6M2KI4bdOBhqQFIW6MYrwwm#scrollTo=bCQsmaInl5da,Nutrition.ipynb - Colab,edge,Default,google.com,search,2025-12-31,14,Wednesday
2025-12-31 14:09:06.247119,https://colab.research.google.com/drive/1mD7QMKteL6M2KI4bdOBhqQFIW6MYrwwm#scrollTo=aNZyjVQbmBkv,Nutrition.ipynb - Colab,edge,Default,google.com,search,2025-12-31,14,Wednesday
2025-12-31 14:09:09.882187,https://colab.research.google.com/drive/1mD7QMKteL6M2KI4bdOBhqQFIW6MYrwwm#scrollTo=ulE-Spu0R1bF,Nutrition.ipynb - Colab,edge,Default,google.com,search,2025-12-31,14,Wednesday
2025-12-31 14:09:11.959058,https://colab.research.google.com/drive/1mD7QMKteL6M2KI4bdOBhqQFIW6MYrwwm#scrollTo=kbD_d0dhR1KZ,Nutrition.ipynb - Colab,edge,Default,google.com,search,2025-12-31,14,Wednesday
2025-12-31 14:09:13.222990,https://colab.research.google.com/drive/1mD7QMKteL6M2KI4bdOBhqQFIW6MYrwwm#scrollTo=FIqUoSl5SwjL,Nutrition.ipynb - Colab,edge,Default,google.com,search,2025-12-31,14,Wednesday
2025-12-31 14:09:15.262363,https://colab.research.google.com/drive/1mD7QMKteL6M2KI4bdOBhqQFIW6MYrwwm#scrollTo=DCyMvXNeSz3N,Nutrition.ipynb - Colab,edge,Default,google.com,search,2025-12-31,14,Wednesday
2025-12-31 14:09:17.503374,https://colab.research.google.com/drive/1mD7QMKteL6M2KI4bdOBhqQFIW6MYrwwm#scrollTo=O4zioAhUtfmG,Nutrition.ipynb - Colab,edge,Default,google.com,search,2025-12-31,14,Wednesday
2025-12-31 14:09:18.843511,https://colab.research.google.com/drive/1mD7QMKteL6M2KI4bdOBhqQFIW6MYrwwm#scrollTo=pLYD4C7pti8L,Nutrition.ipynb - Colab,edge,Default,google.com,search,2025-12-31,14,Wednesday
2025-12-31 14:09:20.708111,https://colab.research.google.com/drive/1mD7QMKteL6M2KI4bdOBhqQFIW6MYrwwm#scrollTo=0dG_g7TUTACL,Nutrition.ipynb - Colab,edge,Default,google.com,search,2025-12-31,14,Wednesday
2025-12-31 14:09:22.389522,https://colab.research.google.com/drive/1mD7QMKteL6M2KI4bdOBhqQFIW6MYrwwm#scrollTo=UiA4YxdwUKhF,Nutrition.ipynb - Colab,edge,Default,google.com,search,2025-12-31,14,Wednesday
2025-12-31 14:09:23.896307,https://colab.research.google.com/drive/1mD7QMKteL6M2KI4bdOBhqQFIW6MYrwwm#scrollTo=F-zXXKcYUQnd,Nutrition.ipynb - Colab,edge,Default,google.com,search,2025-12-31,14,Wednesday
2025-12-31 14:09:25.967741,https://colab.research.google.com/drive/1mD7QMKteL6M2KI4bdOBhqQFIW6MYrwwm#scrollTo=RHkSghRJUUBD,Nutrition.ipynb - Colab,edge,Default,google.com,search,2025-12-31,14,Wednesday
2025-12-31 14:09:27.437190,https://colab.research.google.com/drive/1mD7QMKteL6M2KI4bdOBhqQFIW6MYrwwm#scrollTo=JueaRB2sUY3r,Nutrition.ipynb - Colab,edge,Default,google.com,search,2025-12-31,14,Wednesday
2025-12-31 14:09:29.090154,https://colab.research.google.com/drive/1mD7QMKteL6M2KI4bdOBhqQFIW6MYrwwm#scrollTo=EAjCorlJUed9,Nutrition.ipynb - Colab,edge,Default,google.com,search,2025-12-31,14,Wednesday
2025-12-31 14:09:30.837579,https://colab.research.google.com/drive/1mD7QMKteL6M2KI4bdOBhqQFIW6MYrwwm#scrollTo=gYNnYpwUUiNI,Nutrition.ipynb - Colab,edge,Default,google.com,search,2025-12-31,14,Wednesday
2025-12-31 14:09:33.113843,https://colab.research.google.com/drive/1mD7QMKteL6M2KI4bdOBhqQFIW6MYrwwm#scrollTo=LuRcRy1kUosJ,Nutrition.ipynb - Colab,edge,Default,google.com,search,2025-12-31,14,Wednesday
2025-12-31 14:09:34.720449,https://colab.research.google.com/drive/1mD7QMKteL6M2KI4bdOBhqQFIW6MYrwwm#scrollTo=dERwozaUUriG,Nutrition.ipynb - Colab,edge,Default,google.com,search,2025-12-31,14,Wednesday
2025-12-31 14:09:37.082465,https://colab.research.google.com/drive/1mD7QMKteL6M2KI4bdOBhqQFIW6MYrwwm#scrollTo=PQ0H2aUGUunm,Nutrition.ipynb - Colab,edge,Default,google.com,search,2025-12-31,14,Wednesday
2025-12-31 14:09:39.422819,https://colab.research.google.com/drive/1mD7QMKteL6M2KI4bdOBhqQFIW6MYrwwm#scrollTo=RgIJlerKU5Ht,Nutrition.ipynb - Colab,edge,Default,google.com,search,2025-12-31,14,Wednesday
2025-12-31 14:09:41.836323,https://colab.research.google.com/drive/1mD7QMKteL6M2KI4bdOBhqQFIW6MYrwwm#scrollTo=CGwGhw3bU8p8,Nutrition.ipynb - Colab,edge,Default,google.com,search,2025-12-31,14,Wednesday
2025-12-31 14:15:52.345719,https://colab.research.google.com/drive/1mD7QMKteL6M2KI4bdOBhqQFIW6MYrwwm#scrollTo=Z_KWJZ8nw97h,Nutrition.ipynb - Colab,edge,Default,google.com,search,2025-12-31,14,Wednesday
2025-12-31 14:16:36.012674,https://colab.research.google.com/drive/1mD7QMKteL6M2KI4bdOBhqQFIW6MYrwwm#scrollTo=cvv331n5xDN1,Nutrition.ipynb - Colab,edge,Default,google.com,search,2025-12-31,14,Wednesday
2025-12-31 14:22:15.401613,https://colab.research.google.com/drive/1mD7QMKteL6M2KI4bdOBhqQFIW6MYrwwm#scrollTo=DbyN1o0aya6b,Nutrition.ipynb - Colab,edge,Default,google.com,search,2025-12-31,14,Wednesday
2025-12-31 14:22:39.680732,https://colab.research.google.com/drive/1mD7QMKteL6M2KI4bdOBhqQFIW6MYrwwm#scrollTo=8cyZ60tCyhX8,Nutrition.ipynb - Colab,edge,Default,google.com,search,2025-12-31,14,Wednesday
2025-12-31 14:22:51.540464,https://colab.research.google.com/drive/1mD7QMKteL6M2KI4bdOBhqQFIW6MYrwwm#scrollTo=EPD5MbitykRc,Nutrition.ipynb - Colab,edge,Default,google.com,search,2025-12-31,14,Wednesday
2025-12-31 14:23:08.071738,https://colab.research.google.com/drive/1mD7QMKteL6M2KI4bdOBhqQFIW6MYrwwm#scrollTo=qjIPuf_ayoTu,Nutrition.ipynb - Colab,edge,Default,google.com,search,2025-12-31,14,Wednesday
2025-12-31 14:23:25.143621,https://colab.research.google.com/drive/1mD7QMKteL6M2KI4bdOBhqQFIW6MYrwwm#scrollTo=6RL7lWx5ysee,Nutrition.ipynb - Colab,edge,Default,google.com,search,2025-12-31,14,Wednesday
2025-12-31 14:23:42.273713,https://colab.research.google.com/drive/1mD7QMKteL6M2KI4bdOBhqQFIW6MYrwwm#scrollTo=iZ3OOVLJywqF,Nutrition.ipynb - Colab,edge,Default,google.com,search,2025-12-31,14,Wednesday
2025-12-31 14:31:20.025271,https://colab.research.google.com/drive/1mD7QMKteL6M2KI4bdOBhqQFIW6MYrwwm#scrollTo=O1sf7c0o0gaZ,Nutrition.ipynb - Colab,edge,Default,google.com,search,2025-12-31,14,Wednesday
2025-12-31 14:40:14.865222,https://colab.research.google.com/drive/1mD7QMKteL6M2KI4bdOBhqQFIW6MYrwwm#scrollTo=RtgHxJM32i_Y,Nutrition.ipynb - Colab,edge,Default,google.com,search,2025-12-31,14,Wednesday
2025-12-31 14:41:44.244900,https://colab.research.google.com/drive/1mD7QMKteL6M2KI4bdOBhqQFIW6MYrwwm#scrollTo=IqGZN_ol24z5,Nutrition.ipynb - Colab,edge,Default,google.com,search,2025-12-31,14,Wednesday
2025-12-31 14:46:44.959552,https://colab.research.google.com/drive/1mD7QMKteL6M2KI4bdOBhqQFIW6MYrwwm#scrollTo=iAS2M4cz4COj,Nutrition.ipynb - Colab,edge,Default,google.com,search,2025-12-31,14,Wednesday
2025-12-31 14:47:09.758210,https://colab.research.google.com/drive/1mD7QMKteL6M2KI4bdOBhqQFIW6MYrwwm#scrollTo=JYUqPr_G4ISC,Nutrition.ipynb - Colab,edge,Default,google.com,search,2025-12-31,14,Wednesday
2025-12-31 14:47:27.870037,https://colab.research.google.com/drive/1mD7QMKteL6M2KI4bdOBhqQFIW6MYrwwm#scrollTo=wBGIW4hI4MtC,Nutrition.ipynb - Colab,edge,Default,google.com,search,2025-12-31,14,Wednesday
2025-12-31 14:49:30.360259,https://colab.research.google.com/drive/1mD7QMKteL6M2KI4bdOBhqQFIW6MYrwwm#scrollTo=651ZJtuM4qm2,Nutrition.ipynb - Colab,edge,Default,google.com,search,2025-12-31,14,Wednesday
2025-12-31 14:49:54.193992,https://colab.research.google.com/drive/1mD7QMKteL6M2KI4bdOBhqQFIW6MYrwwm#scrollTo=604VNNLC4wbV,Nutrition.ipynb - Colab,edge,Default,google.com,search,2025-12-31,14,Wednesday
2025-12-31 14:50:18.496874,https://colab.research.google.com/drive/1mD7QMKteL6M2KI4bdOBhqQFIW6MYrwwm#scrollTo=at7aAQYZ42XA,Nutrition.ipynb - Colab,edge,Default,google.com,search,2025-12-31,14,Wednesday
2025-12-31 14:51:10.479294,https://colab.research.google.com/drive/1mD7QMKteL6M2KI4bdOBhqQFIW6MYrwwm#scrollTo=Hl22nIec5DDV,Nutrition.ipynb - Colab,edge,Default,google.com,search,2025-12-31,14,Wednesday
2025-12-31 14:51:31.461548,https://colab.research.google.com/drive/1mD7QMKteL6M2KI4bdOBhqQFIW6MYrwwm#scrollTo=ZQA6w3mh5ILH,Nutrition.ipynb - Colab,edge,Default,google.com,search,2025-12-31,14,Wednesday
2025-12-31 14:51:51.442901,https://colab.research.google.com/drive/1mD7QMKteL6M2KI4bdOBhqQFIW6MYrwwm#scrollTo=AXDSZLkm5NDU,Nutrition.ipynb - Colab,edge,Default,google.com,search,2025-12-31,14,Wednesday
2025-12-31 14:52:16.373380,https://colab.research.google.com/drive/1mD7QMKteL6M2KI4bdOBhqQFIW6MYrwwm#scrollTo=Vs-r9JHx5TI2,Nutrition.ipynb - Colab,edge,Default,google.com,search,2025-12-31,14,Wednesday
2025-12-31 15:01:00.875185,https://colab.research.google.com/drive/1mD7QMKteL6M2KI4bdOBhqQFIW6MYrwwm#scrollTo=uNjrgabF5sXm,Nutrition.ipynb - Colab,edge,Default,google.com,search,2025-12-31,15,Wednesday
2025-12-31 15:13:08.391551,https://www.google.com/search,power bi - Google Search,edge,Default,google.com,search,2025-12-31,15,Wednesday
2025-12-31 16:09:44.236396,https://www.sqlite.org/,SQLite Home Page,edge,Default,sqlite.org,other,2025-12-31,16,Wednesday
2025-12-31 16:09:51.145653,https://www.sqlite.org/download.html,SQLite Download Page,edge,Default,sqlite.org,other,2025-12-31,16,Wednesday
2025-12-31 16:13:01.966205,https://learn.microsoft.com/en-us/training/modules/get-started-with-power-bi/,Get Started Building With Power BI - Training | Microsoft Learn,edge,Default,microsoft.com,other,2025-12-31,16,Wednesday
2025-12-31 16:13:53.844561,https://www.google.com/search,sqlite odbc driver - Google Search,edge,Default,google.com,search,2025-12-31,16,Wednesday
2025-12-31 16:13:57.289572,https://marketplace.visualstudio.com/items,SQLite ODBC Driver (32/64 bit) - Visual Studio Marketplace,edge,Default,visualstudio.com,other,2025-12-31,16,Wednesday
2025-12-31 16:27:03.673958,https://docs.github.com/en/pull-requests/collaborating-with-pull-requests/reviewing-changes-in-pull-requests/checking-out-pull-requests-locally,Checking out pull requests locally - GitHub Docs,edge,Default,github.com,learning,2025-12-31,16,Wednesday
2025-12-31 16:27:12.084038,https://github.com/Subasangkarisaravanan/Data_Science_Projects/commit/297c86d42fd75e3fedb78c99893057293c2a2d5a#diff-7fc3884c31e7bf4c1ddd6efe202a2e42a37a8bde5e26b8cac757cde8d1e5c16f,Nutrition Paradox: A Global View on Obesity and Malnutrition · Subasangkarisaravanan/Data_Science_Projects@297c86d,edge,Default,github.com,learning,2025-12-31,16,Wednesday
2025-12-31 16:27:21.260308,https://colab.research.google.com/drive/1pwCb0vJfGsvCJ48iwzN4avWiYIhsXUao,Nutrition_paradox.ipynb - Colab,edge,Default,google.com,search,2025-12-31,16,Wednesday
2025-12-31 16:28:39.414486,https://colab.research.google.com/drive/1XMjgeowrbI9fu8yrvnluLjRDSqsKV3d-,Copy of Nutrition.ipynb - Colab,edge,Default,google.com,search,2025-12-31,16,Wednesday
2025-12-31 16:29:05.674273,https://github.com/Subasangkarisaravanan/Data_Science_Projects/commit/297c86d42fd75e3fedb78c99893057293c2a2d5a,Nutrition Paradox: A Global View on Obesity and Malnutrition · Subasangkarisaravanan/Data_Science_Projects@297c86d,edge,Default,github.com,learning,2025-12-31,16,Wednesday
2025-12-31 16:30:29.002907,https://www.google.com/search,how to create a folder in github repository - Google Search,edge,Default,google.com,search,2025-12-31,16,Wednesday
2025-12-31 16:36:59.570282,https://www.google.com/search,how to upload google colab to github - Google Search,edge,Default,google.com,search,2025-12-31,16,Wednesday
2025-12-31 17:01:29.679240,https://colab.research.google.com/drive/1mD7QMKteL6M2KI4bdOBhqQFIW6MYrwwm#scrollTo=ent9UCJY460K,Nutrition.ipynb - Colab,edge,Default,google.com,search,2025-12-31,17,Wednesday
2025-12-31 17:08:23.473752,https://www.google.com/search,guvi - Google Search,edge,Default,google.com,search,2025-12-31,17,Wednesday
2025-12-31 17:08:27.792284,https://www.google.com/search,guvi - Google Search,edge,Default,google.com,search,2025-12-31,17,Wednesday
2025-12-31 17:09:16.745833,https://www.guvi.in/courses-video/,Best Power BI Course Online with Certification | GUVI,edge,Default,guvi.in,learning,2025-12-31,17,Wednesday
2026-01-01 05:45:08.097207,https://login.external.hp.com/idp/SSO.saml2,Continue with HP OneUID,edge,Default,hp.com,technology,2026-01-01,5,Thursday
2026-01-01 05:45:50.462858,https://authenticator.pingone.com/pingid/ppm/auth/response,PingID,edge,Default,pingone.com,other,2026-01-01,5,Thursday
2026-01-01 05:46:18.451149,https://authenticator.pingone.com/pingid/ppm/auth/otp,,edge,Default,pingone.com,other,2026-01-01,5,Thursday
2026-01-01 05:46:21.113987,https://login.external.hp.com/idp/zSyPU/resumeSAML20/idp/SSO.ping,HP Network Detector,edge,Default,hp.com,technology,2026-01-01,5,Thursday
2026-01-01 05:46:59.746596,https://hpitprod.service-now.com/nav_to.do,Incidents | ServiceNow,edge,Default,service-now.com,professional,2026-01-01,5,Thursday
2026-01-01 07:32:59.778103,https://login.external.hp.com/idp/SSO.saml2,Continue with HP OneUID,edge,Default,hp.com,technology,2026-01-01,7,Thursday
2026-01-01 07:33:09.373624,https://www.google.com/search,kottai kulambu - Google Search,edge,Default,google.com,search,2026-01-01,7,Thursday
2026-01-01 07:33:10.398575,https://www.google.com/search,kottai kulambu - Google Search,edge,Default,google.com,search,2026-01-01,7,Thursday
2026-01-01 08:10:58.539003,https://www.google.com/search,payasam - Google Search,edge,Default,google.com,search,2026-01-01,8,Thursday
2026-01-01 08:11:03.608110,https://www.google.com/search,payasam - Google Search,edge,Default,google.com,search,2026-01-01,8,Thursday
2026-01-01 08:11:03.798879,https://www.google.com/search,paal payasam - Google Search,edge,Default,google.com,search,2026-01-01,8,Thursday
2026-01-01 13:09:57.015824,https://login.external.hp.com/idp/SSO.saml2,Continue with HP OneUID,edge,Default,hp.com,technology,2026-01-01,13,Thursday
2026-01-01 13:10:33.666479,https://login.external.hp.com/idp/vrfvJ/resumeSAML20/idp/SSO.ping,HP Network Detector,edge,Default,hp.com,technology,2026-01-01,13,Thursday
2026-01-01 13:11:19.940118,https://hpitprod.service-now.com/nav_to.do,Incidents | ServiceNow,edge,Default,service-now.com,professional,2026-01-01,13,Thursday
2026-01-01 13:18:41.702580,https://www.google.com/search,saisecrets - Google Search,edge,Default,google.com,search,2026-01-01,13,Thursday
2026-01-01 13:18:47.244460,https://saisecrets.com/,Saisecrets Hair Oil | saisecrets hair oil,edge,Default,saisecrets.com,other,2026-01-01,13,Thursday
2026-01-01 13:20:04.286410,https://saisecrets.com/sai-secrets-hair-oil/,Sai Secrets Hair Oil | Saisecrets Hair Oil,edge,Default,saisecrets.com,other,2026-01-01,13,Thursday
2026-01-01 13:20:36.509259,https://saisecrets.com/saisecrets-nalungumavu/,Saisecrets Nalungumavu | Saisecrets Hair Oil,edge,Default,saisecrets.com,other,2026-01-01,13,Thursday
2026-01-01 13:20:41.142857,https://saisecrets.com/saisecrets-nalungumavu/#,Saisecrets Nalungumavu | Saisecrets Hair Oil,edge,Default,saisecrets.com,other,2026-01-01,13,Thursday
2026-01-01 13:20:49.324418,https://saisecrets.com/saisecrets-serum/,Saisecrets Skin Food Serum | Saisecrets Hair Oil,edge,Default,saisecrets.com,other,2026-01-01,13,Thursday
2026-01-01 13:21:02.495334,https://saisecrets.com/saisecrets-serum/#,Saisecrets Skin Food Serum | Saisecrets Hair Oil,edge,Default,saisecrets.com,other,2026-01-01,13,Thursday
2026-01-01 13:21:14.182958,https://saisecrets.com/saisecrets-shikkakai/,Saisecrets Shikkakai | Saisecrets Hair Oil,edge,Default,saisecrets.com,other,2026-01-01,13,Thursday
2026-01-01 13:21:31.933714,https://saisecrets.com/signature-combos/,Signature Combos | Saisecrets Hair Oil,edge,Default,saisecrets.com,other,2026-01-01,13,Thursday
2026-01-01 13:22:24.352486,https://saisecrets.com/checkout-2/,Checkout | Saisecrets Hair Oil,edge,Default,saisecrets.com,other,2026-01-01,13,Thursday
2026-01-01 13:24:40.627328,https://saisecrets.com/checkout-2/order-pay/132342/,Checkout | Saisecrets Hair Oil,edge,Default,saisecrets.com,other,2026-01-01,13,Thursday
2026-01-02 04:24:15.331935,https://login.external.hp.com/idp/SSO.saml2,Continue with HP OneUID,edge,Default,hp.com,technology,2026-01-02,4,Friday
2026-01-02 04:24:40.919014,https://authenticator.pingone.com/pingid/ppm/auth/response,,edge,Default,pingone.com,other,2026-01-02,4,Friday
2026-01-02 04:24:44.533977,https://login.external.hp.com/idp/ky6Wq/resumeSAML20/idp/SSO.ping,HP Network Detector,edge,Default,hp.com,technology,2026-01-02,4,Friday
2026-01-02 04:52:06.206403,https://www.google.com/search,arudra darisanam - Google Search,edge,Default,google.com,search,2026-01-02,4,Friday
2026-01-02 06:46:59.224991,https://teams.live.com/v2#code=M.C543_BAY.2.U.5629dba7-1bcb-13dd-fb5d-e123baee4798&client_info=eyJ2ZXIiOiIxLjAiLCJzdWIiOiJBQUFBQUFBQUFBQUFBQUFBQUFBQUFNSjhZekZiY2VtUHNIckV1OWd3WkhRIiwibmFtZSI6Im5ha3NoYXRyYSBzcmVlIHNhcmF2YW5hbiIsInByZWZlcnJlZF91c2VybmFtZSI6Im5ha3NoYXRyYXNyZWVzYXJhdmFuYW5AZ21haWwuY29tIiwib2lkIjoiMDAwMDAwMDAtMDAwMC0wMDAwLWY4ZDItODg2NzJmODY1MWYzIiwidGlkIjoiOTE4ODA0MGQtNmM2Ny00YzViLWIxMTItMzZhMzA0YjY2ZGFkIiwiaG9tZV9vaWQiOiIwMDAwMDAwMC0wMDAwLTAwMDAtZjhkMi04ODY3MmY4NjUxZjMiLCJ1aWQiOiIwMDAwMDAwMC0wMDAwLTAwMDAtZjhkMi04ODY3MmY4NjUxZjMiLCJ1dGlkIjoiOTE4ODA0MGQtNmM2Ny00YzViLWIxMTItMzZhMzA0YjY2ZGFkIn0&state=eyJpZCI6IjAxOWI3ZDc1LTlhMmItN2RlZS05ZTBjLTRjYjNlNGZkM2ZmNyIsIm1ldGEiOnsiaW50ZXJhY3Rpb25UeXBlIjoicmVkaXJlY3QifX0%3d%7chttps://teams.live.com/v2/%3ftenantId%3d9188040d-6c67-4c5b-b112-36a304b66dad%26login_hint%3dnakshatrasreesaravanan%2540gmail.com%26enablemcasfort21%3dtrue,Microsoft Teams,edge,Default,live.com,other,2026-01-02,6,Friday
2026-01-02 06:46:59.224991,https://teams.live.com/v2/#code=M.C543_BAY.2.U.5629dba7-1bcb-13dd-fb5d-e123baee4798&client_info=eyJ2ZXIiOiIxLjAiLCJzdWIiOiJBQUFBQUFBQUFBQUFBQUFBQUFBQUFNSjhZekZiY2VtUHNIckV1OWd3WkhRIiwibmFtZSI6Im5ha3NoYXRyYSBzcmVlIHNhcmF2YW5hbiIsInByZWZlcnJlZF91c2VybmFtZSI6Im5ha3NoYXRyYXNyZWVzYXJhdmFuYW5AZ21haWwuY29tIiwib2lkIjoiMDAwMDAwMDAtMDAwMC0wMDAwLWY4ZDItODg2NzJmODY1MWYzIiwidGlkIjoiOTE4ODA0MGQtNmM2Ny00YzViLWIxMTItMzZhMzA0YjY2ZGFkIiwiaG9tZV9vaWQiOiIwMDAwMDAwMC0wMDAwLTAwMDAtZjhkMi04ODY3MmY4NjUxZjMiLCJ1aWQiOiIwMDAwMDAwMC0wMDAwLTAwMDAtZjhkMi04ODY3MmY4NjUxZjMiLCJ1dGlkIjoiOTE4ODA0MGQtNmM2Ny00YzViLWIxMTItMzZhMzA0YjY2ZGFkIn0&state=eyJpZCI6IjAxOWI3ZDc1LTlhMmItN2RlZS05ZTBjLTRjYjNlNGZkM2ZmNyIsIm1ldGEiOnsiaW50ZXJhY3Rpb25UeXBlIjoicmVkaXJlY3QifX0%3d%7chttps://teams.live.com/v2/%3ftenantId%3d9188040d-6c67-4c5b-b112-36a304b66dad%26login_hint%3dnakshatrasreesaravanan%2540gmail.com%26enablemcasfort21%3dtrue,Microsoft Teams,edge,Default,live.com,other,2026-01-02,6,Friday
2026-01-02 06:46:59.224991,https://login.live.com/oauth20_authorize.srf,Microsoft Teams,edge,Default,live.com,other,2026-01-02,6,Friday
2026-01-02 06:46:59.224991,https://login.microsoftonline.com/9188040d-6c67-4c5b-b112-36a304b66dad/oauth2/v2.0/authorize,Microsoft Teams,edge,Default,microsoftonline.com,other,2026-01-02,6,Friday
2026-01-02 06:47:00.890714,https://teams.live.com/v2/#,Microsoft Teams,edge,Default,live.com,other,2026-01-02,6,Friday
2026-01-02 06:47:06.281707,https://teams.live.com/v2/,(1) Chat | Venkatesan V | Microsoft Teams,edge,Default,live.com,other,2026-01-02,6,Friday
2026-01-02 06:53:59.814392,https://www.bing.com/ck/a,,edge,Default,bing.com,search,2026-01-02,6,Friday
2026-01-02 06:53:59.856500,https://www.bing.com/search,leetcode - Search,edge,Default,bing.com,search,2026-01-02,6,Friday
2026-01-02 06:55:25.877788,https://www.bing.com/ck/a,,edge,Default,bing.com,search,2026-01-02,6,Friday
2026-01-02 06:55:25.909363,https://www.bing.com/search,google calendar - Search,edge,Default,bing.com,search,2026-01-02,6,Friday
2026-01-02 06:55:27.618485,https://calendar.google.com/accounts/SetOSID,"Google Calendar - Friday, 2 January 2026, today",edge,Default,google.com,search,2026-01-02,6,Friday
2026-01-02 06:55:27.618485,https://calendar.google.com/,"Google Calendar - Friday, 2 January 2026, today",edge,Default,google.com,search,2026-01-02,6,Friday
2026-01-02 06:55:27.618485,https://calendar.google.com/calendar/u/0/r,"Google Calendar - Friday, 2 January 2026, today",edge,Default,google.com,search,2026-01-02,6,Friday
2026-01-02 06:55:27.618485,https://accounts.google.com/ServiceLogin,"Google Calendar - Friday, 2 January 2026, today",edge,Default,google.com,search,2026-01-02,6,Friday
2026-01-02 06:55:32.456806,https://calendar.google.com/calendar/u/0/r,"Google Calendar - Thursday, 1 January 2026",edge,Default,google.com,search,2026-01-02,6,Friday
2026-01-02 06:55:39.677759,https://calendar.google.com/calendar/u/0/r/day/2026/1/1,"Google Calendar - Friday, 2 January 2026, today",edge,Default,google.com,search,2026-01-02,6,Friday
2026-01-02 06:56:32.230132,https://www.bing.com/ck/a,,edge,Default,bing.com,search,2026-01-02,6,Friday
2026-01-02 06:56:32.258119,https://www.bing.com/search,whatsapp - Search,edge,Default,bing.com,search,2026-01-02,6,Friday
2026-01-02 06:59:06.225001,https://calendar.google.com/calendar/u/0/r/day,"Google Calendar - Friday, 2 January 2026, today",edge,Default,google.com,search,2026-01-02,6,Friday
2026-01-02 07:01:45.752079,https://www.google.com/share.google,InnoHack 2026 | Innovation Week 2026 |Events,edge,Default,google.com,search,2026-01-02,7,Friday
2026-01-02 07:01:45.752079,https://share.google/a90HVwGBeF0DTB2M2,InnoHack 2026 | Innovation Week 2026 |Events,edge,Default,share.google,other,2026-01-02,7,Friday
2026-01-02 07:01:45.752079,https://innovations.vit.ac.in/innohack-2026.html,InnoHack 2026 | Innovation Week 2026 |Events,edge,Default,vit.ac.in,other,2026-01-02,7,Friday
2026-01-02 07:03:41.341247,https://innovations.vit.ac.in/innohack-2026.html#register,InnoHack 2026 | Innovation Week 2026 |Events,edge,Default,vit.ac.in,other,2026-01-02,7,Friday
2026-01-02 07:03:45.062625,https://events.vit.ac.in/events/INOHAC,INNOHACK 2026 | VIT,edge,Default,vit.ac.in,other,2026-01-02,7,Friday
2026-01-02 07:07:23.755691,https://www.notion.so/Hacakthon-list-for-January-2026-2cd423b02ee68081883cce580e6d3bb7,Hacakthon list for January 2026,edge,Default,notion.so,professional,2026-01-02,7,Friday
2026-01-02 07:07:30.825225,https://www.notion.so/Hacakthon-list-for-January-2026-2cd423b02ee68081883cce580e6d3bb7,Hacakthon list for January 2026,edge,Default,notion.so,professional,2026-01-02,7,Friday
2026-01-02 07:08:13.419339,https://imaginecup.microsoft.com/en-us,"Imagine Cup - Student Developer Tools, Resources and Experiences | Imagine Cup",edge,Default,microsoft.com,other,2026-01-02,7,Friday
2026-01-02 07:08:13.419339,https://imaginecup.microsoft.com/,"Imagine Cup - Student Developer Tools, Resources and Experiences | Imagine Cup",edge,Default,microsoft.com,other,2026-01-02,7,Friday
2026-01-02 07:09:15.702249,https://imaginecup.microsoft.com/en-us/category/33,Student Developer 2026 Imagine Cup Competitions | Imagine Cup,edge,Default,microsoft.com,other,2026-01-02,7,Friday
2026-01-02 07:09:58.570589,https://imaginecup.microsoft.com/en-us/compete/howitworks,How it works | Imagine Cup,edge,Default,microsoft.com,other,2026-01-02,7,Friday
2026-01-02 07:11:19.732345,https://ghw.mlh.io/,Global Hack Week,edge,Default,mlh.io,other,2026-01-02,7,Friday
2026-01-02 07:11:50.018919,https://ghw.mlh.io/events/beginners-week,Global Hack Week Beginners Week,edge,Default,mlh.io,other,2026-01-02,7,Friday
2026-01-02 07:12:31.404054,https://digitomize.com/hackathons/27827,nus fintech summit 2026 | digitomize,edge,Default,digitomize.com,other,2026-01-02,7,Friday
2026-01-02 07:12:54.599139,https://digitomize.com/challenges,Challenges | Digitomize,edge,Default,digitomize.com,other,2026-01-02,7,Friday
2026-01-02 07:12:58.786542,https://digitomize.com/hackathons,Hackathons | Digitomize,edge,Default,digitomize.com,other,2026-01-02,7,Friday
2026-01-02 07:14:26.611184,https://digitomize.com/hackathons/duhacks5,duhacks 5.0 | digitomize,edge,Default,digitomize.com,other,2026-01-02,7,Friday
2026-01-02 07:14:37.299807,https://duhacks5.devfolio.co/,DUHacks 5.0 | Devfolio,edge,Default,devfolio.co,other,2026-01-02,7,Friday
2026-01-02 07:14:40.685128,https://duhacks5.devfolio.co/overview,DUHacks 5.0 | Devfolio,edge,Default,devfolio.co,other,2026-01-02,7,Friday
2026-01-02 07:16:19.783882,https://unstop.com/hackathons,"Unstop - Competitions, Quizzes, Hackathons, Scholarships and Internships for Students and Corporates",edge,Default,unstop.com,other,2026-01-02,7,Friday
2026-01-02 07:16:21.455660,https://unstop.com/hackathons,2540 Hackathons - Explore Key Challenges,edge,Default,unstop.com,other,2026-01-02,7,Friday
2026-01-02 07:17:04.892421,https://unstop.com/hackathons,2540 Hackathons - Explore Key Challenges,edge,Default,unstop.com,other,2026-01-02,7,Friday
2026-01-02 07:18:01.657707,https://644aab11-81b8-4e4d-b6cc-7f1d5123cf27-00-30srqblaaw4gy.worf.replit.dev/,The app is currently not running. Deploy this app to keep it running externally.,edge,Default,replit.dev,other,2026-01-02,7,Friday
2026-01-02 07:18:09.925269,https://docs.replit.com/cloud-services/deployments/about-deployments,Replit Docs,edge,Default,replit.com,other,2026-01-02,7,Friday
2026-01-02 07:18:09.925269,https://docs.replit.com/category/replit-deployments,Replit Docs,edge,Default,replit.com,other,2026-01-02,7,Friday
2026-01-02 07:19:12.010281,https://mlh.io/seasons/2026/events,2026 Season Schedule // Major League Hacking,edge,Default,mlh.io,other,2026-01-02,7,Friday
2026-01-02 07:21:23.212663,https://events.mlh.io/events/13277,Global Hack Week: Beginners | Major League Hacking,edge,Default,mlh.io,other,2026-01-02,7,Friday
2026-01-02 07:21:27.083698,https://www.google.com/calendar/render,Google Calendar - Event details,edge,Default,google.com,search,2026-01-02,7,Friday
2026-01-02 07:21:27.083698,https://calendar.google.com/calendar/render,Google Calendar - Event details,edge,Default,google.com,search,2026-01-02,7,Friday
2026-01-02 07:21:27.083698,https://calendar.google.com/calendar/u/0/render,Google Calendar - Event details,edge,Default,google.com,search,2026-01-02,7,Friday
2026-01-02 07:21:27.083698,https://calendar.google.com/calendar/u/0/r/eventedit,Google Calendar - Event details,edge,Default,google.com,search,2026-01-02,7,Friday
2026-01-02 07:21:40.533681,https://events.mlh.io/sign_in,MyMLH | Major League Hacking (MLH),edge,Default,mlh.io,other,2026-01-02,7,Friday
2026-01-02 07:21:40.533681,https://my.mlh.io/signin,MyMLH | Major League Hacking (MLH),edge,Default,mlh.io,other,2026-01-02,7,Friday
2026-01-02 07:21:55.242336,https://my.mlh.io/signin/019b7d95-96d9-1a0b-8980-251782f06eb0/otp,MyMLH | Major League Hacking (MLH),edge,Default,mlh.io,other,2026-01-02,7,Friday
2026-01-02 07:22:27.512903,https://my.mlh.io/onboarding,MyMLH | Major League Hacking (MLH),edge,Default,mlh.io,other,2026-01-02,7,Friday
2026-01-02 07:22:47.659800,https://mlh.io/terms,Terms of Service | Major League Hacking,edge,Default,mlh.io,other,2026-01-02,7,Friday
2026-01-02 07:22:47.659800,https://www.mlh.com/terms,Terms of Service | Major League Hacking,edge,Default,mlh.com,other,2026-01-02,7,Friday
2026-01-02 07:23:56.274562,https://my.mlh.io/,MyMLH | Major League Hacking (MLH),edge,Default,mlh.io,other,2026-01-02,7,Friday
2026-01-02 07:23:57.014672,https://events.mlh.io/events/13277-global-hack-week-beginners/register,Global Hack Week: Beginners | Major League Hacking,edge,Default,mlh.io,other,2026-01-02,7,Friday
2026-01-02 07:23:57.014672,https://my.mlh.io/signin/success,Global Hack Week: Beginners | Major League Hacking,edge,Default,mlh.io,other,2026-01-02,7,Friday
2026-01-02 07:23:57.014672,https://my.mlh.com/signin/set,Global Hack Week: Beginners | Major League Hacking,edge,Default,mlh.com,other,2026-01-02,7,Friday
2026-01-02 07:23:57.014672,https://events.mlh.io/auth/callback/participant,Global Hack Week: Beginners | Major League Hacking,edge,Default,mlh.io,other,2026-01-02,7,Friday
2026-01-02 07:23:57.014672,https://events.mlh.io/events/13277-global-hack-week-beginners,Global Hack Week: Beginners | Major League Hacking,edge,Default,mlh.io,other,2026-01-02,7,Friday
2026-01-02 07:24:29.004214,https://mlh.io/code-of-conduct,mlh-policies/code-of-conduct.md at main · MLH/mlh-policies · GitHub,edge,Default,mlh.io,other,2026-01-02,7,Friday
2026-01-02 07:24:29.004214,https://static.mlh.io/docs/mlh-code-of-conduct.pdf,mlh-policies/code-of-conduct.md at main · MLH/mlh-policies · GitHub,edge,Default,mlh.io,other,2026-01-02,7,Friday
2026-01-02 07:24:29.004214,https://github.com/MLH/mlh-policies/blob/main/code-of-conduct.md,mlh-policies/code-of-conduct.md at main · MLH/mlh-policies · GitHub,edge,Default,github.com,learning,2026-01-02,7,Friday
2026-01-02 07:26:46.444082,https://events.mlh.io/events/13277-global-hack-week-beginners,Global Hack Week: Beginners | Major League Hacking,edge,Default,mlh.io,other,2026-01-02,7,Friday
2026-01-02 07:28:31.253566,https://events.mlh.io/events/13277-global-hack-week-beginners,Global Hack Week: Beginners | Major League Hacking,edge,Default,mlh.io,other,2026-01-02,7,Friday
2026-01-02 07:29:11.257123,https://unstop.com/,"Unstop: Connecting talent, colleges, & recruiters!",edge,Default,unstop.com,other,2026-01-02,7,Friday
2026-01-02 07:29:47.402088,https://www.bing.com/search,hackcrate 2026 - Search,edge,Default,bing.com,search,2026-01-02,7,Friday
2026-01-02 07:44:26.409107,https://www.bing.com/search,Is that we can drink smoothie in empty stomach in early morning daily ? for men age 20 - Search,edge,Default,bing.com,search,2026-01-02,7,Friday
2026-01-02 07:48:32.076511,https://www.bing.com/search,going for gym in morning is best or evening? for men age 20 college student - Search,edge,Default,bing.com,search,2026-01-02,7,Friday
2026-01-02 07:48:35.013269,https://www.bing.com/search,going for gym in morning is best or evening? for men age 20 college student - Search,edge,Default,bing.com,search,2026-01-02,7,Friday
2026-01-02 08:06:22.265565,https://leetcode.com/,LeetCode - The World's Leading Online Programming Learning Platform,edge,Default,leetcode.com,other,2026-01-02,8,Friday
2026-01-02 13:12:44.099513,https://x.com/narendramodi/status/2006417622922047773,"Narendra Modi on X: ""Delighted to receive this picture from the team of INSV Kaundinya! Heartening to see their enthusiasm. As we are all set to usher in 2026, my special greetings to the INSV Kaundinya team, which is on the high seas. May the rest of their journey also be full of joy and success. https://t.co/pYnAPHCG7h"" / X",edge,Default,x.com,other,2026-01-02,13,Friday
2026-01-02 17:32:24.834625,https://login.external.hp.com/idp/SSO.saml2,Continue with HP OneUID,edge,Default,hp.com,technology,2026-01-02,17,Friday
2026-01-02 17:32:58.021059,https://authenticator.pingone.com/pingid/ppm/auth/response,,edge,Default,pingone.com,other,2026-01-02,17,Friday
2026-01-02 17:33:00.606262,https://login.external.hp.com/idp/3BBKQ/resumeSAML20/idp/SSO.ping,HP Network Detector,edge,Default,hp.com,technology,2026-01-02,17,Friday
2026-01-02 17:33:17.616046,https://hpitprod.service-now.com/nav_to.do,Incidents | ServiceNow,edge,Default,service-now.com,professional,2026-01-02,17,Friday
2026-01-02 17:33:19.932701,https://hpitprod.service-now.com/nav_to.do,Incidents | ServiceNow,edge,Default,service-now.com,professional,2026-01-02,17,Friday
2026-01-02 17:33:49.510306,https://hpitprod.service-now.com/nav_to.do,Incidents | ServiceNow,edge,Default,service-now.com,professional,2026-01-02,17,Friday
2026-01-03 08:04:42.920301,https://teams.live.com/v2/,Microsoft Teams,edge,Default,live.com,other,2026-01-03,8,Saturday
2026-01-03 08:04:50.209979,https://teams.live.com/v2,(2) Chat | Venkatesan V | Microsoft Teams,edge,Default,live.com,other,2026-01-03,8,Saturday
2026-01-03 08:45:46.910650,https://www.google.com/search,vij - Google Search,edge,Default,google.com,search,2026-01-03,8,Saturday
2026-01-03 08:45:52.697292,https://www.google.com/search,vijayalakshmi travels - Google Search,edge,Default,google.com,search,2026-01-03,8,Saturday
2026-01-03 09:13:32.945010,http://www.kpntravels.in/,Parked Domain name on Hostinger DNS system,edge,Default,kpntravels.in,other,2026-01-03,9,Saturday
2026-01-03 09:13:54.119066,https://www.google.com/search,kpn parcel service - Google Search,edge,Default,google.com,search,2026-01-03,9,Saturday
2026-01-03 09:13:59.468208,https://www.google.com/search,kpn parcel service - Google Search,edge,Default,google.com,search,2026-01-03,9,Saturday
2026-01-03 09:14:01.400362,https://www.google.com/search,kpn parcel service - Google Search,edge,Default,google.com,search,2026-01-03,9,Saturday
2026-01-03 09:14:06.160097,https://www.google.com/search,kpn parcel service - Google Search,edge,Default,google.com,search,2026-01-03,9,Saturday
2026-01-03 09:14:06.544989,https://www.google.com/search,kpn parcel service - Google Search,edge,Default,google.com,search,2026-01-03,9,Saturday
2026-01-03 09:14:07.515690,https://www.google.com/search,kpn parcel service - Google Search,edge,Default,google.com,search,2026-01-03,9,Saturday
2026-01-03 09:14:18.796161,https://www.google.com/search,kpn - Google Search,edge,Default,google.com,search,2026-01-03,9,Saturday
2026-01-03 09:14:23.734109,https://www.google.com/search,kpn - Google Search,edge,Default,google.com,search,2026-01-03,9,Saturday
2026-01-03 09:14:24.040387,https://www.google.com/search,kpn bus service - Google Search,edge,Default,google.com,search,2026-01-03,9,Saturday
2026-01-03 10:23:21.531668,https://www.google.com/search,itc infotech - Google Search,edge,Default,google.com,search,2026-01-03,10,Saturday
2026-01-03 10:23:23.054131,https://www.google.com/search,itc infotech - Google Search,edge,Default,google.com,search,2026-01-03,10,Saturday
2026-01-03 10:54:56.695468,https://www.bing.com/search,sett - Search,edge,Default,bing.com,search,2026-01-03,10,Saturday
2026-01-03 10:54:58.713537,https://www.bing.com/search,sett - Search,edge,Default,bing.com,search,2026-01-03,10,Saturday
2026-01-03 10:55:44.474170,https://www.bing.com/search,ethernet connection - Search,edge,Default,bing.com,search,2026-01-03,10,Saturday
2026-01-03 11:00:17.270677,https://go.microsoft.com/fwlink/,Year In Review | Microsoft Edge,edge,Default,microsoft.com,other,2026-01-03,11,Saturday
2026-01-03 11:00:17.270677,https://www.microsoft.com/edge/update/year-in-review,Year In Review | Microsoft Edge,edge,Default,microsoft.com,other,2026-01-03,11,Saturday
2026-01-03 11:00:17.270677,https://www.microsoft.com/en-us/edge/update/year-in-review,Year In Review | Microsoft Edge,edge,Default,microsoft.com,other,2026-01-03,11,Saturday
2026-01-03 11:00:18.063501,https://www.bing.com/search,Re-pair Bluetooth earbuds for stereo sound windows - Search,edge,Default,bing.com,search,2026-01-03,11,Saturday
2026-01-03 11:01:47.401604,https://www.bing.com/ck/a,,edge,Default,bing.com,search,2026-01-03,11,Saturday
2026-01-03 11:01:47.448775,https://www.bing.com/search,how to enable bluetooth on dell laptop - Search,edge,Default,bing.com,search,2026-01-03,11,Saturday
2026-01-03 11:01:47.763476,https://support.microsoft.com/en-us/windows/turn-bluetooth-on-or-off-in-windows-9e92fddd-4e12-e32b-9132-5e36bdb2f75a,Turn Bluetooth on or off in Windows - Microsoft Support,edge,Default,microsoft.com,other,2026-01-03,11,Saturday
2026-01-03 11:01:52.592836,https://login.live.com/oauth20_authorize.srf,,edge,Default,live.com,other,2026-01-03,11,Saturday
2026-01-03 11:01:54.479242,https://login.live.com/oauth20_authorize.srf,,edge,Default,live.com,other,2026-01-03,11,Saturday
2026-01-03 11:01:54.479242,https://amcdn.msftauth.net/me/callgraph#code=M.C543_SN1.2.U.6d36a475-22d2-7264-8da8-66f497ad4650&state=4780daea-07aa-4503-882f-fc2b09dd27fc,,edge,Default,msftauth.net,other,2026-01-03,11,Saturday
2026-01-03 11:02:13.448924,https://support.microsoft.com/en-us/windows/turn-bluetooth-on-or-off-in-windows-9e92fddd-4e12-e32b-9132-5e36bdb2f75a#category=windows_10,Turn Bluetooth on or off in Windows - Microsoft Support,edge,Default,microsoft.com,other,2026-01-03,11,Saturday
2026-01-03 11:02:14.489722,https://support.microsoft.com/en-us/windows/turn-bluetooth-on-or-off-in-windows-9e92fddd-4e12-e32b-9132-5e36bdb2f75a#category=windows_11,Turn Bluetooth on or off in Windows - Microsoft Support,edge,Default,microsoft.com,other,2026-01-03,11,Saturday
2026-01-03 11:02:44.728588,https://support.microsoft.com/en-us/windows/check-if-a-windows-11-device-supports-bluetooth-low-energy-audio-2b79c085-0353-4467-8306-ebb2657a91de,Check if a Windows 11 device supports Bluetooth Low Energy Audio - Microsoft Support,edge,Default,microsoft.com,other,2026-01-03,11,Saturday
2026-01-03 11:02:45.373986,https://support.microsoft.com/en-us/windows/add-a-hardware-device-to-a-windows-device-ae095699-4d4f-40da-8702-e9662a855364,Add a hardware device to a Windows device - Microsoft Support,edge,Default,microsoft.com,other,2026-01-03,11,Saturday
2026-01-03 11:02:47.664860,https://login.live.com/oauth20_authorize.srf,,edge,Default,live.com,other,2026-01-03,11,Saturday
2026-01-03 11:02:47.664860,https://amcdn.msftauth.net/me/callgraph#code=M.C543_BAY.2.U.6ce9e652-bd12-88a2-8016-d9ac2f003015&state=01ff5adc-1fcb-4a8b-9bba-f9d76b351d48,,edge,Default,msftauth.net,other,2026-01-03,11,Saturday
2026-01-03 11:18:19.087549,https://www.bing.com/,teams - Search,edge,Default,bing.com,search,2026-01-03,11,Saturday
2026-01-03 11:18:19.102865,https://www.bing.com/search,teams - Search,edge,Default,bing.com,search,2026-01-03,11,Saturday
2026-01-03 11:22:05.752929,https://onedrive.live.com/,Microsoft OneDrive,edge,Default,live.com,other,2026-01-03,11,Saturday
2026-01-03 11:22:06.720219,https://onedrive.live.com/,Screenshot_20260103_164016_Teams.jpg - OneDrive,edge,Default,live.com,other,2026-01-03,11,Saturday
2026-01-03 11:22:19.826176,https://onedrive.live.com/,OneDrive,edge,Default,live.com,other,2026-01-03,11,Saturday
2026-01-03 11:22:20.519331,https://login.live.com/login.srf,Sign in,edge,Default,live.com,other,2026-01-03,11,Saturday
2026-01-03 12:33:51.912779,https://one.google.com/about/plans,Plans & Pricing to Upgrade Your Cloud Storage - Google One,edge,Default,google.com,search,2026-01-03,12,Saturday
2026-01-03 12:33:52.766239,https://one.google.com/about/plans,Plans & Pricing to Upgrade Your Cloud Storage - Google One,edge,Default,google.com,search,2026-01-03,12,Saturday
2026-01-03 14:30:26.668860,https://www.bing.com/ck/a,,edge,Default,bing.com,search,2026-01-03,14,Saturday
2026-01-03 14:30:26.687163,https://www.bing.com/search,whatsapp web - Search,edge,Default,bing.com,search,2026-01-03,14,Saturday
2026-01-03 14:38:27.557691,https://www.bing.com/search,irrigation - Search,edge,Default,bing.com,search,2026-01-03,14,Saturday
2026-01-03 14:38:38.527390,https://www.bing.com/ck/a,,edge,Default,bing.com,search,2026-01-03,14,Saturday
2026-01-03 14:38:38.546948,https://www.bing.com/search,irrigation system - Search,edge,Default,bing.com,search,2026-01-03,14,Saturday
2026-01-03 14:38:38.788708,https://www.bing.com/images/search,irrigation system - Search Images,edge,Default,bing.com,search,2026-01-03,14,Saturday
2026-01-03 14:38:39.771443,https://www.bing.com/images/search,irrigation system robot - Search Images,edge,Default,bing.com,search,2026-01-03,14,Saturday
2026-01-03 14:39:46.963213,https://www.bing.com/images/search,irrigation system robot - Search Images,edge,Default,bing.com,search,2026-01-03,14,Saturday
2026-01-03 14:39:47.179077,https://www.bing.com/images/search,irrigation system robot - Search Images,edge,Default,bing.com,search,2026-01-03,14,Saturday
2026-01-03 15:03:46.886793,https://www.bing.com/ck/a,,edge,Default,bing.com,search,2026-01-03,15,Saturday
2026-01-03 15:03:47.301507,https://www.bing.com/images/search,wheat - Search Images,edge,Default,bing.com,search,2026-01-03,15,Saturday
2026-01-03 15:03:57.843906,https://www.bing.com/images/search,wheat - Search Images,edge,Default,bing.com,search,2026-01-03,15,Saturday
2026-01-03 15:04:09.972240,https://www.bing.com/images/search,wheat field - Search Images,edge,Default,bing.com,search,2026-01-03,15,Saturday
2026-01-03 15:04:18.320317,https://www.bing.com/images/search,wheat field - Search Images,edge,Default,bing.com,search,2026-01-03,15,Saturday
2026-01-03 15:04:33.410341,https://www.bing.com/images/search,wheat field - Search Images,edge,Default,bing.com,search,2026-01-03,15,Saturday
2026-01-03 15:04:48.656990,https://www.bing.com/images/search,wheat field - Search Images,edge,Default,bing.com,search,2026-01-03,15,Saturday
2026-01-03 15:05:06.320565,https://www.bing.com/ck/a,,edge,Default,bing.com,search,2026-01-03,15,Saturday
2026-01-03 15:05:06.365199,https://www.bing.com/search,wheat - Search,edge,Default,bing.com,search,2026-01-03,15,Saturday
2026-01-03 15:05:06.800484,https://www.bing.com/images/search,wheat - Search Images,edge,Default,bing.com,search,2026-01-03,15,Saturday
2026-01-03 15:05:14.585853,https://www.bing.com/images/search,wheat - Search Images,edge,Default,bing.com,search,2026-01-03,15,Saturday
2026-01-03 15:05:26.527548,https://www.bing.com/images/search,wheat - Search Images,edge,Default,bing.com,search,2026-01-03,15,Saturday
2026-01-03 17:35:00.998894,https://www.bing.com/search,affliction - Search,edge,Default,bing.com,search,2026-01-03,17,Saturday
2026-01-03 17:35:33.886597,https://www.bing.com/search,affiliation meaning - Search,edge,Default,bing.com,search,2026-01-03,17,Saturday
2026-01-04 02:56:57.613667,https://www.google.com/search,vijayalakshmi travels - Google Search,edge,Default,google.com,search,2026-01-04,2,Sunday
2026-01-04 03:22:47.705775,https://www.google.com/search,bus stop near chennai airport - Google Search,edge,Default,google.com,search,2026-01-04,3,Sunday
2026-01-04 03:22:52.402434,https://www.google.com/search,bus stop near chennai airport - Google Search,edge,Default,google.com,search,2026-01-04,3,Sunday
2026-01-04 03:29:08.627246,https://www.google.com/search,vijayalakshmi travels - Google Search,edge,Default,google.com,search,2026-01-04,3,Sunday
2026-01-04 03:29:12.323807,https://www.svltravels.co/m/#/wait,Sri Vijayalakshmi Travels,edge,Default,svltravels.co,other,2026-01-04,3,Sunday
2026-01-04 03:29:21.176820,https://www.svltravels.co/m/#/tabs/home,Sri Vijayalakshmi Travels,edge,Default,svltravels.co,other,2026-01-04,3,Sunday
2026-01-04 03:29:22.351708,https://www.svltravels.co/m/#/available-routes,Sri Vijayalakshmi Travels,edge,Default,svltravels.co,other,2026-01-04,3,Sunday
2026-01-04 03:29:30.858491,https://www.svltravels.co/m/#/seat-layout,Sri Vijayalakshmi Travels,edge,Default,svltravels.co,other,2026-01-04,3,Sunday
2026-01-04 06:59:31.014969,https://www.svltravels.co/m/#/stage-details,Sri Vijayalakshmi Travels,edge,Default,svltravels.co,other,2026-01-04,6,Sunday
2026-01-04 06:59:38.851988,https://www.google.com/search,bathroom cleaning services - Google Search,edge,Default,google.com,search,2026-01-04,6,Sunday
2026-01-04 06:59:41.967939,https://www.google.com/search,bathroom cleaning services - Google Search,edge,Default,google.com,search,2026-01-04,6,Sunday
2026-01-04 06:59:42.174624,https://www.google.com/search,bathroom cleaning services salem - Google Search,edge,Default,google.com,search,2026-01-04,6,Sunday
2026-01-04 07:00:35.664713,https://www.google.com/search,bathroom cleaning services salem - Google Search,edge,Default,google.com,search,2026-01-04,7,Sunday
2026-01-04 07:02:06.863091,https://www.google.com/search,bathroom cleaning services salem - Google Search,edge,Default,google.com,search,2026-01-04,7,Sunday
2026-01-04 07:02:15.863313,https://www.google.com/search,bathroom cleaning services salem - Google Search,edge,Default,google.com,search,2026-01-04,7,Sunday
2026-01-04 07:03:30.902937,https://www.google.com/search,bathroom cleaning services salem - Google Search,edge,Default,google.com,search,2026-01-04,7,Sunday
2026-01-04 07:03:31.521851,https://www.google.com/search,bathroom cleaning services salem - Google Search,edge,Default,google.com,search,2026-01-04,7,Sunday
2026-01-04 07:03:35.753698,https://www.google.com/search,bathroom cleaning services salem - Google Search,edge,Default,google.com,search,2026-01-04,7,Sunday
2026-01-04 07:05:03.197442,https://www.google.com/search,bathroom cleaning services salem - Google Search,edge,Default,google.com,search,2026-01-04,7,Sunday
2026-01-04 07:05:08.445920,https://www.google.com/search,bathroom cleaning services salem - Google Search,edge,Default,google.com,search,2026-01-04,7,Sunday
2026-01-04 11:57:52.480216,https://docs.google.com/forms/d/e/1FAIpQLSfoH8QGS8NP9npJKWyerMDksrjilMZFLSr8EZitRXib4NgvAw/viewform,Live Evaluation Slot Booking Form,edge,Default,google.com,search,2026-01-04,11,Sunday
2026-01-04 13:57:12.767838,https://workspace.google.com/intl/en-US/gmail/,Gmail: Private and secure email at no cost | Google Workspace,edge,Default,google.com,search,2026-01-04,13,Sunday
2026-01-04 13:57:24.344553,https://accounts.google.com/v3/signin/identifier,Gmail,edge,Default,google.com,search,2026-01-04,13,Sunday
2026-01-04 13:57:41.720719,https://accounts.google.com/v3/signin/challenge/pwd,Hi subasangkari,edge,Default,google.com,search,2026-01-04,13,Sunday
2026-01-04 13:57:53.876901,https://gds.google.com/web/landing,Google Account,edge,Default,google.com,search,2026-01-04,13,Sunday
2026-01-04 13:57:54.300407,https://gds.google.com/web/recoveryoptions,Account Recovery Options,edge,Default,google.com,search,2026-01-04,13,Sunday
2026-01-04 13:58:23.489145,https://gds.google.com/web/recoveryoptions,Account Recovery Options,edge,Default,google.com,search,2026-01-04,13,Sunday
2026-01-04 13:58:23.513212,https://gds.google.com/web/stalehomeaddress,Google Account,edge,Default,google.com,search,2026-01-04,13,Sunday
2026-01-04 13:58:39.389312,https://gds.google.com/web/stalehomeaddress,Google Account,edge,Default,google.com,search,2026-01-04,13,Sunday
2026-01-04 14:01:55.519004,https://apps.apple.com/in/app/zen-class-by-guvi/id6529546004,‎Zen Class by Guvi App - App Store,edge,Default,apple.com,other,2026-01-04,14,Sunday
2026-01-04 14:02:04.382725,https://play.google.com/store/apps/details,Zen Class by Guvi - Apps on Google Play,edge,Default,google.com,search,2026-01-04,14,Sunday
2026-01-04 14:02:31.410428,https://www.google.com/search,guvi - Google Search,edge,Default,google.com,search,2026-01-04,14,Sunday
2026-01-04 14:03:57.980157,https://mail.google.com/mail/u/0/#inbox/QgrcJHrnzwpjSsKgHTZsFmkrCFbfQpnPncL,(no subject) - ssubasangkari@gmail.com - Gmail,edge,Default,google.com,search,2026-01-04,14,Sunday
2026-01-04 14:04:43.335505,https://www.guvi.in/,HCL GUVI | Learn to code in your native language,edge,Default,guvi.in,learning,2026-01-04,14,Sunday
2026-01-04 14:09:03.026566,https://www.bing.com/search,Check if you have admin privileges windows - Search,edge,Default,bing.com,search,2026-01-04,14,Sunday
2026-01-04 14:09:27.606442,https://www.bing.com/search,Change your user account picture easily windows - Search,edge,Default,bing.com,search,2026-01-04,14,Sunday
2026-01-04 14:10:29.036634,https://www.google.com/search,how to change the admin name in laptop - Google Search,edge,Default,google.com,search,2026-01-04,14,Sunday
2026-01-04 14:21:26.098638,https://mail.google.com/mail/u/0/#inbox,"Inbox (2,070) - ssubasangkari@gmail.com - Gmail",edge,Default,google.com,search,2026-01-04,14,Sunday
2026-01-04 14:21:27.709099,https://mail.google.com/mail/u/0/#inbox/FMfcgzQfBGbSCCtKFjkldVpsMhQXTWQW,Your single-use code - ssubasangkari@gmail.com - Gmail,edge,Default,google.com,search,2026-01-04,14,Sunday
2026-01-04 14:27:34.954251,https://www.google.com/search,how to change email address of administrator windows 10 - Google Search,edge,Default,google.com,search,2026-01-04,14,Sunday
2026-01-04 14:27:47.295789,https://www.google.com/search,how to change administrator email on my laptop - Google Search,edge,Default,google.com,search,2026-01-04,14,Sunday
2026-01-04 14:29:17.806911,https://www.microsoft.com/microsoft-365/excel,Free Online Spreadsheet Software: Excel | Microsoft 365,edge,Default,microsoft.com,other,2026-01-04,14,Sunday
2026-01-04 14:29:17.806911,https://www.microsoft.com/en-in/microsoft-365/excel,Free Online Spreadsheet Software: Excel | Microsoft 365,edge,Default,microsoft.com,other,2026-01-04,14,Sunday
2026-01-04 14:29:22.941148,https://www.bing.com/ck/a,,edge,Default,bing.com,search,2026-01-04,14,Sunday
2026-01-04 14:29:22.963184,https://www.bing.com/search,sign in to microsoft account windows 10 site:microsoft.com - Search,edge,Default,bing.com,search,2026-01-04,14,Sunday
2026-01-04 14:29:25.376153,https://go.microsoft.com/fwlink/,Continue,edge,Default,microsoft.com,other,2026-01-04,14,Sunday
2026-01-04 14:29:25.376153,https://login.live.com/,Continue,edge,Default,live.com,other,2026-01-04,14,Sunday
2026-01-04 14:29:25.376153,https://account.live.com/,Continue,edge,Default,live.com,other,2026-01-04,14,Sunday
2026-01-04 14:29:25.376153,https://login.live.com/login.srf,Continue,edge,Default,live.com,other,2026-01-04,14,Sunday
2026-01-04 14:29:27.968783,https://login.live.com/oauth20_authorize.srf,Continue,edge,Default,live.com,other,2026-01-04,14,Sunday
2026-01-04 14:29:27.968783,https://account.microsoft.com/auth/complete-signin-oauth,Continue,edge,Default,microsoft.com,other,2026-01-04,14,Sunday
2026-01-04 14:29:27.968783,https://account.microsoft.com/auth/complete-client-signin-oauth-silent,Continue,edge,Default,microsoft.com,other,2026-01-04,14,Sunday
2026-01-04 14:29:27.968783,https://login.microsoftonline.com/consumers/oauth2/v2.0/authorize,Continue,edge,Default,microsoftonline.com,other,2026-01-04,14,Sunday
2026-01-04 14:29:30.914308,https://account.microsoft.com/auth/complete-sso-with-redirect,Continue,edge,Default,microsoft.com,other,2026-01-04,14,Sunday
2026-01-04 14:29:30.914308,https://login.live.com/login.srf,Continue,edge,Default,live.com,other,2026-01-04,14,Sunday
2026-01-04 14:29:32.341884,https://account.microsoft.com/,Microsoft account | Home,edge,Default,microsoft.com,other,2026-01-04,14,Sunday
2026-01-04 14:35:10.067190,https://www.bing.com/search,Christmas - Search,edge,Default,bing.com,search,2026-01-04,14,Sunday
2026-01-04 14:35:17.389349,https://www.bing.com/,Christmas - Search,edge,Default,bing.com,search,2026-01-04,14,Sunday
2026-01-04 14:35:17.395294,https://www.bing.com/search,Christmas - Search,edge,Default,bing.com,search,2026-01-04,14,Sunday
2026-01-04 14:35:45.171229,https://www.bing.com/ck/a,,edge,Default,bing.com,search,2026-01-04,14,Sunday
2026-01-04 14:35:45.194980,https://www.bing.com/search,how to change my microsoft account on laptop - Search,edge,Default,bing.com,search,2026-01-04,14,Sunday
2026-01-04 14:35:45.564038,https://www.bing.com/videos/riverview/relatedvideo,Bing Videos,edge,Default,bing.com,search,2026-01-04,14,Sunday
2026-01-04 14:36:52.568866,https://www.bing.com/,Switch from local to Microsoft account windows - Search,edge,Default,bing.com,search,2026-01-04,14,Sunday
2026-01-04 14:36:52.582301,https://www.bing.com/search,Switch from local to Microsoft account windows - Search,edge,Default,bing.com,search,2026-01-04,14,Sunday
2026-01-04 14:38:00.831727,https://www.google.com/search,mysql workbench - Google Search,edge,Default,google.com,search,2026-01-04,14,Sunday
2026-01-04 14:39:56.905828,https://profile.oracle.com/myprofile/account/create-account.jspx,Oracle | Create Account,edge,Default,oracle.com,other,2026-01-04,14,Sunday
2026-01-04 14:39:56.940948,https://profile.oracle.com/myprofile/account/create-account.jspx,Oracle | Create Account,edge,Default,oracle.com,other,2026-01-04,14,Sunday
2026-01-04 14:39:59.070740,https://profile.oracle.com/myprofile/account/confirmation.jspx,Oracle | Account Confirmation,edge,Default,oracle.com,other,2026-01-04,14,Sunday
2026-01-04 14:39:59.095961,https://profile.oracle.com/myprofile/account/confirmation.jspx,Oracle | Account Confirmation,edge,Default,oracle.com,other,2026-01-04,14,Sunday
2026-01-04 14:40:29.090361,https://profile.oracle.com/myprofile/account/verify.jspx,Oracle | Email Verification,edge,Default,oracle.com,other,2026-01-04,14,Sunday
2026-01-04 14:40:31.158202,https://profile.oracle.com/myprofile/account/verify.jspx,Oracle | Email Verification,edge,Default,oracle.com,other,2026-01-04,14,Sunday
2026-01-04 14:40:47.329165,https://login-ext.identity.oraclecloud.com/fed/v1/user/response/login,,edge,Default,oraclecloud.com,other,2026-01-04,14,Sunday
2026-01-04 14:40:50.314450,https://login-ext.identity.oraclecloud.com/sso/v1/user/login,,edge,Default,oraclecloud.com,other,2026-01-04,14,Sunday
2026-01-04 14:40:50.314450,https://login-ext.identity.oraclecloud.com/fed/v1/user/response/login,,edge,Default,oraclecloud.com,other,2026-01-04,14,Sunday
2026-01-04 14:40:51.457609,https://www.mysql.com/,MySQL,edge,Default,mysql.com,other,2026-01-04,14,Sunday
2026-01-04 14:41:09.214776,https://auth.tidbcloud.com/login,Sign in to TiDB Cloud,edge,Default,tidbcloud.com,other,2026-01-04,14,Sunday
2026-01-04 14:41:18.954482,https://tidbcloud.com/auth_redirect,TiDB Cloud,edge,Default,tidbcloud.com,other,2026-01-04,14,Sunday
2026-01-04 14:41:19.964658,https://tidbcloud.com/,TiDB Cloud,edge,Default,tidbcloud.com,other,2026-01-04,14,Sunday
2026-01-04 14:41:22.315750,https://tidbcloud.com/,TiDB Cloud,edge,Default,tidbcloud.com,other,2026-01-04,14,Sunday
2026-01-04 14:41:23.025521,https://tidbcloud.com/project/clusters,TiDB Cloud,edge,Default,tidbcloud.com,other,2026-01-04,14,Sunday
2026-01-04 14:41:23.076878,https://tidbcloud.com/project/clusters,TiDB Cloud - Clusters,edge,Default,tidbcloud.com,other,2026-01-04,14,Sunday
2026-01-04 15:03:44.414333,https://docs.google.com/forms/d/e/1FAIpQLSfoH8QGS8NP9npJKWyerMDksrjilMZFLSr8EZitRXib4NgvAw/viewform,Live Evaluation Slot Booking Form,edge,Default,google.com,search,2026-01-04,15,Sunday
2026-01-04 15:59:21.035798,https://dev.mysql.com/doc/,MySQL :: MySQL Documentation,edge,Default,mysql.com,other,2026-01-04,15,Sunday
2026-01-04 15:59:36.572878,https://www.google.com/search,iob net banking - Google Search,edge,Default,google.com,search,2026-01-04,15,Sunday
2026-01-04 16:06:15.411415,https://dev.mysql.com/downloads/installer/,MySQL :: Download MySQL Installer,edge,Default,mysql.com,other,2026-01-04,16,Sunday
2026-01-04 16:06:24.898188,https://www.google.com/search,mysql workbench - Google Search,edge,Default,google.com,search,2026-01-04,16,Sunday
2026-01-04 16:09:07.458720,https://www.mysql.com/products/workbench/,MySQL :: MySQL Workbench,edge,Default,mysql.com,other,2026-01-04,16,Sunday
2026-01-04 16:10:42.710002,https://mail.google.com/mail/u/0/,Your Oracle Account - Verify Your Email Address - ssubasangkari@gmail.com - Gmail,edge,Default,google.com,search,2026-01-04,16,Sunday
2026-01-04 16:12:27.710193,https://docs.google.com/document/d/1fobenBvneIxtiWUTeWcFROxLQlC6xQmV7iKKpQs_3OM/edit,Nutrition Paradox: A Global View on Obesity and Malnutrition - Google Docs,edge,Default,google.com,search,2026-01-04,16,Sunday
2026-01-04 16:13:02.194766,https://docs.google.com/document/d/1fobenBvneIxtiWUTeWcFROxLQlC6xQmV7iKKpQs_3OM/edit,Nutrition Paradox: A Global View on Obesity and Malnutrition - Google Docs,edge,Default,google.com,search,2026-01-04,16,Sunday
2026-01-04 16:13:03.994272,https://docs.google.com/document/d/1fobenBvneIxtiWUTeWcFROxLQlC6xQmV7iKKpQs_3OM/edit,Nutrition Paradox: A Global View on Obesity and Malnutrition - Google Docs,edge,Default,google.com,search,2026-01-04,16,Sunday
2026-01-04 16:13:04.378292,https://docs.google.com/document/d/1fobenBvneIxtiWUTeWcFROxLQlC6xQmV7iKKpQs_3OM/edit,Nutrition Paradox: A Global View on Obesity and Malnutrition - Google Docs,edge,Default,google.com,search,2026-01-04,16,Sunday
2026-01-04 16:13:04.972890,https://docs.google.com/document/d/1fobenBvneIxtiWUTeWcFROxLQlC6xQmV7iKKpQs_3OM/edit,Nutrition Paradox: A Global View on Obesity and Malnutrition - Google Docs,edge,Default,google.com,search,2026-01-04,16,Sunday
2026-01-04 16:13:06.615326,https://docs.google.com/document/d/1fobenBvneIxtiWUTeWcFROxLQlC6xQmV7iKKpQs_3OM/edit,Nutrition Paradox: A Global View on Obesity and Malnutrition - Google Docs,edge,Default,google.com,search,2026-01-04,16,Sunday
2026-01-04 16:13:06.709662,https://docs.google.com/document/d/1fobenBvneIxtiWUTeWcFROxLQlC6xQmV7iKKpQs_3OM/edit,Nutrition Paradox: A Global View on Obesity and Malnutrition - Google Docs,edge,Default,google.com,search,2026-01-04,16,Sunday
2026-01-04 16:13:07.242660,https://docs.google.com/document/d/1fobenBvneIxtiWUTeWcFROxLQlC6xQmV7iKKpQs_3OM/edit,Nutrition Paradox: A Global View on Obesity and Malnutrition - Google Docs,edge,Default,google.com,search,2026-01-04,16,Sunday
2026-01-04 16:13:11.626301,https://docs.google.com/document/d/1fobenBvneIxtiWUTeWcFROxLQlC6xQmV7iKKpQs_3OM/edit,Nutrition Paradox: A Global View on Obesity and Malnutrition - Google Docs,edge,Default,google.com,search,2026-01-04,16,Sunday
2026-01-04 16:13:12.109232,https://docs.google.com/document/d/1fobenBvneIxtiWUTeWcFROxLQlC6xQmV7iKKpQs_3OM/edit,Nutrition Paradox: A Global View on Obesity and Malnutrition - Google Docs,edge,Default,google.com,search,2026-01-04,16,Sunday
2026-01-04 16:13:12.498572,https://docs.google.com/document/d/1fobenBvneIxtiWUTeWcFROxLQlC6xQmV7iKKpQs_3OM/edit,Nutrition Paradox: A Global View on Obesity and Malnutrition - Google Docs,edge,Default,google.com,search,2026-01-04,16,Sunday
2026-01-04 16:13:12.648472,https://docs.google.com/document/d/1fobenBvneIxtiWUTeWcFROxLQlC6xQmV7iKKpQs_3OM/edit,Nutrition Paradox: A Global View on Obesity and Malnutrition - Google Docs,edge,Default,google.com,search,2026-01-04,16,Sunday
2026-01-04 16:15:52.433042,https://www.google.com/search,power bi - Google Search,edge,Default,google.com,search,2026-01-04,16,Sunday
2026-01-04 18:13:54.045426,https://colab.research.google.com/drive/1mD7QMKteL6M2KI4bdOBhqQFIW6MYrwwm#scrollTo=1eMyaFFW6flN,Nutrition.ipynb - Colab,edge,Default,google.com,search,2026-01-04,18,Sunday
2026-01-04 18:14:11.731569,https://colab.research.google.com/drive/1mD7QMKteL6M2KI4bdOBhqQFIW6MYrwwm#scrollTo=-zfQQieP7BCl,Nutrition.ipynb - Colab,edge,Default,google.com,search,2026-01-04,18,Sunday
2026-01-04 18:14:25.495631,https://colab.research.google.com/drive/1mD7QMKteL6M2KI4bdOBhqQFIW6MYrwwm#scrollTo=X2nwHJcx7wZA,Nutrition.ipynb - Colab,edge,Default,google.com,search,2026-01-04,18,Sunday
2026-01-04 18:14:33.151336,https://colab.research.google.com/drive/1mD7QMKteL6M2KI4bdOBhqQFIW6MYrwwm#scrollTo=7apzJyPe71e6,Nutrition.ipynb - Colab,edge,Default,google.com,search,2026-01-04,18,Sunday
2026-01-04 18:14:40.546359,https://colab.research.google.com/drive/1mD7QMKteL6M2KI4bdOBhqQFIW6MYrwwm#scrollTo=TcGsz12O76GY,Nutrition.ipynb - Colab,edge,Default,google.com,search,2026-01-04,18,Sunday
2026-01-04 18:14:49.653484,https://colab.research.google.com/drive/1mD7QMKteL6M2KI4bdOBhqQFIW6MYrwwm#scrollTo=9_3v1onm8I-v,Nutrition.ipynb - Colab,edge,Default,google.com,search,2026-01-04,18,Sunday
2026-01-04 18:14:56.542883,https://colab.research.google.com/drive/1mD7QMKteL6M2KI4bdOBhqQFIW6MYrwwm#scrollTo=VpB7WV9p8LzD,Nutrition.ipynb - Colab,edge,Default,google.com,search,2026-01-04,18,Sunday
2026-01-04 18:15:03.861484,https://colab.research.google.com/drive/1mD7QMKteL6M2KI4bdOBhqQFIW6MYrwwm#scrollTo=dQxPA1ja8hGV,Nutrition.ipynb - Colab,edge,Default,google.com,search,2026-01-04,18,Sunday
2026-01-04 18:15:11.742477,https://colab.research.google.com/drive/1mD7QMKteL6M2KI4bdOBhqQFIW6MYrwwm#scrollTo=dc1mv12U8j-H,Nutrition.ipynb - Colab,edge,Default,google.com,search,2026-01-04,18,Sunday
2026-01-04 18:15:18.157846,https://colab.research.google.com/drive/1mD7QMKteL6M2KI4bdOBhqQFIW6MYrwwm#scrollTo=G7IpCLci8mIF,Nutrition.ipynb - Colab,edge,Default,google.com,search,2026-01-04,18,Sunday
2026-01-04 18:15:31.762653,https://colab.research.google.com/drive/1mD7QMKteL6M2KI4bdOBhqQFIW6MYrwwm#scrollTo=1wG_Euex_Z71,Nutrition.ipynb - Colab,edge,Default,google.com,search,2026-01-04,18,Sunday
2026-01-04 18:15:38.263894,https://colab.research.google.com/drive/1mD7QMKteL6M2KI4bdOBhqQFIW6MYrwwm#scrollTo=WUaOTaBgAm-Q,Nutrition.ipynb - Colab,edge,Default,google.com,search,2026-01-04,18,Sunday
2026-01-04 18:15:44.836300,https://colab.research.google.com/drive/1mD7QMKteL6M2KI4bdOBhqQFIW6MYrwwm#scrollTo=9x_FRka4GXdQ,Nutrition.ipynb - Colab,edge,Default,google.com,search,2026-01-04,18,Sunday
2026-01-04 18:15:50.603621,https://colab.research.google.com/drive/1mD7QMKteL6M2KI4bdOBhqQFIW6MYrwwm#scrollTo=4MIAWNZWHxm6,Nutrition.ipynb - Colab,edge,Default,google.com,search,2026-01-04,18,Sunday
2026-01-04 18:15:56.884339,https://colab.research.google.com/drive/1mD7QMKteL6M2KI4bdOBhqQFIW6MYrwwm#scrollTo=tZm0Q2HqJ0zl,Nutrition.ipynb - Colab,edge,Default,google.com,search,2026-01-04,18,Sunday
2026-01-04 18:16:02.793076,https://colab.research.google.com/drive/1mD7QMKteL6M2KI4bdOBhqQFIW6MYrwwm#scrollTo=eD0ohu8yKNi6,Nutrition.ipynb - Colab,edge,Default,google.com,search,2026-01-04,18,Sunday
2026-01-04 18:16:10.665207,https://colab.research.google.com/drive/1mD7QMKteL6M2KI4bdOBhqQFIW6MYrwwm#scrollTo=ZbxCphJ7L8Wd,Nutrition.ipynb - Colab,edge,Default,google.com,search,2026-01-04,18,Sunday
2026-01-04 18:16:19.072469,https://colab.research.google.com/drive/1mD7QMKteL6M2KI4bdOBhqQFIW6MYrwwm#scrollTo=wRwH9EXrMhNR,Nutrition.ipynb - Colab,edge,Default,google.com,search,2026-01-04,18,Sunday
2026-01-04 18:16:22.893840,https://colab.research.google.com/drive/1mD7QMKteL6M2KI4bdOBhqQFIW6MYrwwm#scrollTo=r4OXueGmNBQJ,Nutrition.ipynb - Colab,edge,Default,google.com,search,2026-01-04,18,Sunday
2026-01-04 18:16:29.280137,https://colab.research.google.com/drive/1mD7QMKteL6M2KI4bdOBhqQFIW6MYrwwm#scrollTo=95p54NwTNFj0,Nutrition.ipynb - Colab,edge,Default,google.com,search,2026-01-04,18,Sunday
2026-01-04 18:16:35.392515,https://colab.research.google.com/drive/1mD7QMKteL6M2KI4bdOBhqQFIW6MYrwwm#scrollTo=VETCxijWNJG1,Nutrition.ipynb - Colab,edge,Default,google.com,search,2026-01-04,18,Sunday
2026-01-04 18:16:43.895122,https://colab.research.google.com/drive/1mD7QMKteL6M2KI4bdOBhqQFIW6MYrwwm#scrollTo=WXX6ifcFNM9X,Nutrition.ipynb - Colab,edge,Default,google.com,search,2026-01-04,18,Sunday
2026-01-04 18:16:51.103062,https://colab.research.google.com/drive/1mD7QMKteL6M2KI4bdOBhqQFIW6MYrwwm#scrollTo=t-18a_2RNR51,Nutrition.ipynb - Colab,edge,Default,google.com,search,2026-01-04,18,Sunday
2026-01-04 18:16:57.485691,https://colab.research.google.com/drive/1mD7QMKteL6M2KI4bdOBhqQFIW6MYrwwm#scrollTo=YweSsxn0OCkk,Nutrition.ipynb - Colab,edge,Default,google.com,search,2026-01-04,18,Sunday
2026-01-04 18:17:04.104623,https://colab.research.google.com/drive/1mD7QMKteL6M2KI4bdOBhqQFIW6MYrwwm#scrollTo=ef3wCPnjOY2r,Nutrition.ipynb - Colab,edge,Default,google.com,search,2026-01-04,18,Sunday
2026-01-04 18:17:10.101611,https://colab.research.google.com/drive/1mD7QMKteL6M2KI4bdOBhqQFIW6MYrwwm#scrollTo=jQqmD6FMOhSd,Nutrition.ipynb - Colab,edge,Default,google.com,search,2026-01-04,18,Sunday
2026-01-04 18:17:16.153291,https://colab.research.google.com/drive/1mD7QMKteL6M2KI4bdOBhqQFIW6MYrwwm#scrollTo=JPEPdaRdPcUS,Nutrition.ipynb - Colab,edge,Default,google.com,search,2026-01-04,18,Sunday
2026-01-04 18:17:22.606391,https://colab.research.google.com/drive/1mD7QMKteL6M2KI4bdOBhqQFIW6MYrwwm#scrollTo=GMi9NTjEQFcj,Nutrition.ipynb - Colab,edge,Default,google.com,search,2026-01-04,18,Sunday
2026-01-04 19:01:27.858702,https://www.google.com/search,iob net banking - Google Search,edge,Default,google.com,search,2026-01-04,19,Sunday
2026-01-04 19:04:55.377821,https://www.ch-werner.de/sqliteodbc/,SQLite ODBC Driver,edge,Default,ch-werner.de,other,2026-01-04,19,Sunday
2026-01-05 03:37:34.529035,https://v2.zenclass.in/class/0eb3c4ee-4769-493d-9389-3fc3fe66f0d7,GUVI,edge,Default,zenclass.in,learning,2026-01-05,3,Monday
2026-01-05 03:37:36.999400,https://classify.zenclass.in/integration,Classify,edge,Default,zenclass.in,learning,2026-01-05,3,Monday
2026-01-05 03:38:19.350582,http://www.ch-werner.de/sqliteodbc/,SQLite ODBC Driver,edge,Default,ch-werner.de,other,2026-01-05,3,Monday
2026-01-05 03:38:20.484513,https://colab.research.google.com/drive/1mD7QMKteL6M2KI4bdOBhqQFIW6MYrwwm#scrollTo=DN64PizRQXQY,Nutrition.ipynb - Colab,edge,Default,google.com,search,2026-01-05,3,Monday
2026-01-05 04:49:01.336034,https://docs.google.com/document/d/1fobenBvneIxtiWUTeWcFROxLQlC6xQmV7iKKpQs_3OM/edit,Nutrition Paradox: A Global View on Obesity and Malnutrition - Google Docs,edge,Default,google.com,search,2026-01-05,4,Monday
2026-01-05 04:49:02.497173,https://docs.google.com/document/d/1fobenBvneIxtiWUTeWcFROxLQlC6xQmV7iKKpQs_3OM/edit,Nutrition Paradox: A Global View on Obesity and Malnutrition - Google Docs,edge,Default,google.com,search,2026-01-05,4,Monday
2026-01-05 04:49:03.601894,https://docs.google.com/document/d/1fobenBvneIxtiWUTeWcFROxLQlC6xQmV7iKKpQs_3OM/edit,Nutrition Paradox: A Global View on Obesity and Malnutrition - Google Docs,edge,Default,google.com,search,2026-01-05,4,Monday
2026-01-05 04:49:04.024962,https://docs.google.com/document/d/1fobenBvneIxtiWUTeWcFROxLQlC6xQmV7iKKpQs_3OM/edit,Nutrition Paradox: A Global View on Obesity and Malnutrition - Google Docs,edge,Default,google.com,search,2026-01-05,4,Monday
2026-01-05 04:49:04.236779,https://docs.google.com/document/d/1fobenBvneIxtiWUTeWcFROxLQlC6xQmV7iKKpQs_3OM/edit,Nutrition Paradox: A Global View on Obesity and Malnutrition - Google Docs,edge,Default,google.com,search,2026-01-05,4,Monday
2026-01-05 04:49:04.267426,https://docs.google.com/document/d/1fobenBvneIxtiWUTeWcFROxLQlC6xQmV7iKKpQs_3OM/edit,Nutrition Paradox: A Global View on Obesity and Malnutrition - Google Docs,edge,Default,google.com,search,2026-01-05,4,Monday
2026-01-05 04:49:04.323892,https://docs.google.com/document/d/1fobenBvneIxtiWUTeWcFROxLQlC6xQmV7iKKpQs_3OM/edit,Nutrition Paradox: A Global View on Obesity and Malnutrition - Google Docs,edge,Default,google.com,search,2026-01-05,4,Monday
2026-01-05 04:49:05.277325,https://docs.google.com/document/d/1fobenBvneIxtiWUTeWcFROxLQlC6xQmV7iKKpQs_3OM/edit,Nutrition Paradox: A Global View on Obesity and Malnutrition - Google Docs,edge,Default,google.com,search,2026-01-05,4,Monday
2026-01-05 04:49:06.048012,https://docs.google.com/document/d/1fobenBvneIxtiWUTeWcFROxLQlC6xQmV7iKKpQs_3OM/edit,Nutrition Paradox: A Global View on Obesity and Malnutrition - Google Docs,edge,Default,google.com,search,2026-01-05,4,Monday
2026-01-05 04:49:06.081708,https://docs.google.com/document/d/1fobenBvneIxtiWUTeWcFROxLQlC6xQmV7iKKpQs_3OM/edit,Nutrition Paradox: A Global View on Obesity and Malnutrition - Google Docs,edge,Default,google.com,search,2026-01-05,4,Monday
2026-01-05 04:55:06.978708,https://dev.mysql.com/,MySQL :: Developer Zone,edge,Default,mysql.com,other,2026-01-05,4,Monday
2026-01-05 04:55:12.557505,https://www.mysql.com/downloads/,MySQL :: MySQL Downloads,edge,Default,mysql.com,other,2026-01-05,4,Monday
2026-01-05 04:55:20.585506,https://www.oracle.com/mysql/technologies/mysql-enterprise-edition-downloads.html,MySQL Enterprise Edition Downloads | Oracle,edge,Default,oracle.com,other,2026-01-05,4,Monday
2026-01-05 04:55:29.703853,https://www.oracle.com/mysql/technologies/mysql-enterprise-edition-downloads.html#windows,MySQL Enterprise Edition Downloads | Oracle,edge,Default,oracle.com,other,2026-01-05,4,Monday
2026-01-05 04:55:38.722720,https://login-ext.identity.oraclecloud.com/oauth2/v1/authorize,,edge,Default,oraclecloud.com,other,2026-01-05,4,Monday
2026-01-05 04:55:50.456154,https://login-ext.identity.oraclecloud.com/oauth2/v1/authorize,,edge,Default,oraclecloud.com,other,2026-01-05,4,Monday
2026-01-05 04:55:51.356236,https://signon.oracle.com/signin,Sign in to Oracle,edge,Default,oracle.com,other,2026-01-05,4,Monday
2026-01-05 04:56:30.263854,https://signon.oracle.com/signin,Sign in to Oracle,edge,Default,oracle.com,other,2026-01-05,4,Monday
2026-01-05 04:56:33.821584,https://login-ext.identity.oraclecloud.com/sso/v1/sdk/secure/session,,edge,Default,oraclecloud.com,other,2026-01-05,4,Monday
2026-01-05 04:56:59.507568,https://netbanking.iob.bank.in/ibanking/logout.do,IOB NetBanking,edge,Default,iob.bank.in,other,2026-01-05,4,Monday
2026-01-05 04:57:33.046267,https://www.microsoft.com/en-us/power-platform/products/power-bi/downloads,Download Power BI | Microsoft Power Platform,edge,Default,microsoft.com,other,2026-01-05,4,Monday
2026-01-05 04:58:34.381303,https://www.google.com/search,mysql workbench download - Google Search,edge,Default,google.com,search,2026-01-05,4,Monday
2026-01-05 04:58:41.460454,https://dev.mysql.com/downloads/workbench/,MySQL :: Download MySQL Workbench,edge,Default,mysql.com,other,2026-01-05,4,Monday
2026-01-05 04:59:02.401662,https://dev.mysql.com/downloads/file/,MySQL :: Begin Your Download,edge,Default,mysql.com,other,2026-01-05,4,Monday
2026-01-05 05:05:25.241707,https://classify.zenclass.in/integration,Classify,edge,Default,zenclass.in,learning,2026-01-05,5,Monday
2026-01-05 05:05:25.934798,https://classify.zenclass.in/meet-dashboard-new,Classify,edge,Default,zenclass.in,learning,2026-01-05,5,Monday
2026-01-05 05:10:07.541859,https://www.google.com/search,whatsapp web - Google Search,edge,Default,google.com,search,2026-01-05,5,Monday
2026-01-05 13:37:55.742476,https://www.google.com/search,canva - Google Search,edge,Default,google.com,search,2026-01-05,13,Monday
2026-01-05 13:39:09.209531,https://www.canva.com/,Templates - Canva,edge,Default,canva.com,design,2026-01-05,13,Monday
2026-01-05 13:39:13.584147,https://www.canva.com/design,Canva – Creating,edge,Default,canva.com,design,2026-01-05,13,Monday
2026-01-05 13:39:14.437744,https://www.canva.com/design/DAG9ja_pAko/IKlR-YSpXmlRz2giCRddtw/edit,Untitled design - Website,edge,Default,canva.com,design,2026-01-05,13,Monday
2026-01-05 13:40:28.061403,https://www.google.com/search,chatgpt - Google Search,edge,Default,google.com,search,2026-01-05,13,Monday
2026-01-05 13:40:51.019967,https://chatgpt.com/,ChatGPT,edge,Default,chatgpt.com,learning,2026-01-05,13,Monday
2026-01-05 13:49:14.404668,https://www.google.com/search,remove a background from an image - Google Search,edge,Default,google.com,search,2026-01-05,13,Monday
2026-01-05 13:49:16.978652,https://remove-background.com/,Free image background remover | Remove Background,edge,Default,remove-background.com,other,2026-01-05,13,Monday
2026-01-05 13:49:30.075969,https://remove-background.com/app/editor,Editor,edge,Default,remove-background.com,other,2026-01-05,13,Monday
2026-01-05 13:50:48.930845,https://chatgpt.com/images,ChatGPT,edge,Default,chatgpt.com,learning,2026-01-05,13,Monday
2026-01-05 13:52:45.946963,https://chatgpt.com/c/695bbf7d-d5ec-8324-a32e-21968fcbdcd2#pricing,Logo design for cafe,edge,Default,chatgpt.com,learning,2026-01-05,13,Monday
2026-01-05 13:52:54.694479,https://chatgpt.com/c/695bbf7d-d5ec-8324-a32e-21968fcbdcd2,Logo design for cafe,edge,Default,chatgpt.com,learning,2026-01-05,13,Monday
2026-01-05 13:54:17.579943,https://www.canva.com/design/DAG9jZelLhY/XOu9ZL1k3difC5Doa64KcQ/edit,Untitled design - Website,edge,Default,canva.com,design,2026-01-05,13,Monday
2026-01-05 13:56:20.450651,https://www.canva.com/design,Canva – Creating,edge,Default,canva.com,design,2026-01-05,13,Monday
2026-01-05 15:11:37.478039,https://remove-background.com/upload,Upload your image,edge,Default,remove-background.com,other,2026-01-05,15,Monday
2026-01-05 16:04:17.481538,https://www.google.com/search,millets names in english - Google Search,edge,Default,google.com,search,2026-01-05,16,Monday
2026-01-05 16:04:24.094582,https://www.google.com/search,millets names in english - Google Search,edge,Default,google.com,search,2026-01-05,16,Monday
2026-01-05 16:04:34.169587,https://www.google.com/search,millets names in tamil - Google Search,edge,Default,google.com,search,2026-01-05,16,Monday
2026-01-05 16:04:57.950970,https://wingreensharvest.com/blogs/news/what-is-millets-different-type-of-millets-with-benefits-nutrition,What Is Millets? Type of Millets With Benefits And Nutrition – Wingreens Harvest,edge,Default,wingreensharvest.com,other,2026-01-05,16,Monday
2026-01-05 16:05:18.979220,https://www.google.com/search,millets names in english - Google Search,edge,Default,google.com,search,2026-01-05,16,Monday
2026-01-05 16:05:26.723310,https://www.google.com/search,ragi in english - Google Search,edge,Default,google.com,search,2026-01-05,16,Monday
2026-01-05 16:06:22.646507,https://www.google.com/search,ragi in english - Google Search,edge,Default,google.com,search,2026-01-05,16,Monday
2026-01-05 16:06:33.281042,https://www.google.com/search,ragi millet in english - Google Search,edge,Default,google.com,search,2026-01-05,16,Monday
2026-01-05 16:07:44.935883,https://www.google.com/search,kambu millet in english - Google Search,edge,Default,google.com,search,2026-01-05,16,Monday
2026-01-05 16:09:47.760694,https://www.google.com/search,corn is a millet - Google Search,edge,Default,google.com,search,2026-01-05,16,Monday
2026-01-05 16:10:13.041087,https://www.google.com/search,corn is a millet - Google Search,edge,Default,google.com,search,2026-01-05,16,Monday
2026-01-05 16:10:40.518164,https://www.google.com/search,chana millet - Google Search,edge,Default,google.com,search,2026-01-05,16,Monday
2026-01-05 16:10:50.552051,https://www.google.com/search,chana millet in english - Google Search,edge,Default,google.com,search,2026-01-05,16,Monday
2026-01-05 16:26:24.441551,https://www.google.com/search,chana millet in english - Google Search,edge,Default,google.com,search,2026-01-05,16,Monday
2026-01-05 16:27:08.526055,https://www.google.com/search,chana millet in english - Google Search,edge,Default,google.com,search,2026-01-05,16,Monday
2026-01-05 16:28:05.480064,https://www.google.com/search,chana millet in english - Google Search,edge,Default,google.com,search,2026-01-05,16,Monday
2026-01-05 16:28:53.216982,https://www.google.com/search,canva - Google Search,edge,Default,google.com,search,2026-01-05,16,Monday
2026-01-05 16:29:15.366694,https://www.canva.com/design/DAG9jSsp9yY/HqdGBhfk25vOCBgtcdh2WA/edit,sai dosa cafe - Website,edge,Default,canva.com,design,2026-01-05,16,Monday
2026-01-05 16:29:44.035388,https://www.google.com/search,chana millet in english - Google Search,edge,Default,google.com,search,2026-01-05,16,Monday
2026-01-05 16:29:54.906186,https://www.google.com/search,chatgpt - Google Search,edge,Default,google.com,search,2026-01-05,16,Monday
2026-01-05 16:30:08.492231,https://chatgpt.com/,ChatGPT,edge,Default,chatgpt.com,learning,2026-01-05,16,Monday
2026-01-05 16:30:12.278250,https://chatgpt.com/c/695bd592-009c-8323-af35-219c790fe36d,Healthy Millet Dosa Blog,edge,Default,chatgpt.com,learning,2026-01-05,16,Monday
2026-01-05 16:32:06.170159,https://www.google.com/search,chana millet in english - Google Search,edge,Default,google.com,search,2026-01-05,16,Monday
2026-01-05 16:32:49.529283,https://en.wikipedia.org/wiki/Wheat,Wheat - Wikipedia,edge,Default,wikipedia.org,learning,2026-01-05,16,Monday
2026-01-05 16:34:02.080804,https://www.google.com/search,wheat - Google Search,edge,Default,google.com,search,2026-01-05,16,Monday
2026-01-05 16:34:12.552461,https://www.google.com/search,mung bean - Google Search,edge,Default,google.com,search,2026-01-05,16,Monday
2026-01-05 17:07:09.038183,https://www.google.com/search,Sprouted Millet Protein Dosa - Google Search,edge,Default,google.com,search,2026-01-05,17,Monday
2026-01-05 17:07:18.312919,https://www.google.com/search,can millet be sprouted - Google Search,edge,Default,google.com,search,2026-01-05,17,Monday
2026-01-05 17:07:21.208140,https://www.google.com/search,can millet be sprouted - Google Search,edge,Default,google.com,search,2026-01-05,17,Monday
2026-01-05 17:07:30.512059,https://www.google.com/search,can millet be sprouted - Google Search,edge,Default,google.com,search,2026-01-05,17,Monday
2026-01-05 17:20:30.700407,https://www.google.com/search,types of indian dal - Google Search,edge,Default,google.com,search,2026-01-05,17,Monday
2026-01-05 17:20:39.483838,https://www.google.com/search,types of indian dal - Google Search,edge,Default,google.com,search,2026-01-05,17,Monday
2026-01-05 17:21:22.891774,https://www.google.com/search,Toor Dal (Split Pigeon Peas) - Google Search,edge,Default,google.com,search,2026-01-05,17,Monday
2026-01-05 17:21:25.218150,https://www.google.com/search,Toor Dal (Split Pigeon Peas) - Google Search,edge,Default,google.com,search,2026-01-05,17,Monday
2026-01-05 17:22:13.411022,https://www.google.com/search,Moong Dal (Split Green Gram) ... - Google Search,edge,Default,google.com,search,2026-01-05,17,Monday
2026-01-05 17:22:37.451195,https://www.google.com/search,Urad Dal (Black Gram) ... - Google Search,edge,Default,google.com,search,2026-01-05,17,Monday
2026-01-05 17:24:11.591433,https://www.google.com/search,Masoor Dal (Red Lentils) ... - Google Search,edge,Default,google.com,search,2026-01-05,17,Monday
2026-01-05 17:24:35.254627,https://www.google.com/search,kadali Dal (Red Lentils) ... - Google Search,edge,Default,google.com,search,2026-01-05,17,Monday
2026-01-05 17:25:15.873132,https://myheartbeets.com/different-types-of-indian-dals-legumes-lentils-beans-pulses/,"Indian Cooking 101: Different Types of Indian Dals (Legumes, Lentils, Beans, Pulses) | My Heart Beets",edge,Default,myheartbeets.com,other,2026-01-05,17,Monday
2026-01-05 17:25:52.906072,https://www.google.com/search,black eyed peas - Google Search,edge,Default,google.com,search,2026-01-05,17,Monday
2026-01-05 17:30:17.545152,https://www.google.com/search,kollukumalai - Google Search,edge,Default,google.com,search,2026-01-05,17,Monday
2026-01-05 17:30:29.628466,https://www.google.com/search,kollukumalai - Google Search,edge,Default,google.com,search,2026-01-05,17,Monday
2026-01-06 02:19:33.876593,https://netbanking.iob.bank.in/ibanking/ibLeftMenu.do,IOB NetBanking,edge,Default,iob.bank.in,other,2026-01-06,2,Tuesday
2026-01-06 09:54:16.617500,https://login.external.hp.com/idp/SSO.saml2,Continue with HP OneUID,edge,Default,hp.com,technology,2026-01-06,9,Tuesday
2026-01-06 09:55:33.737441,https://authenticator.pingone.com/pingid/ppm/auth/response,,edge,Default,pingone.com,other,2026-01-06,9,Tuesday
2026-01-06 09:55:37.430758,https://login.external.hp.com/idp/yboV1/resumeSAML20/idp/SSO.ping,HP Network Detector,edge,Default,hp.com,technology,2026-01-06,9,Tuesday
2026-01-06 09:58:39.657422,https://hpitprod.service-now.com/nav_to.do,Incidents | ServiceNow,edge,Default,service-now.com,professional,2026-01-06,9,Tuesday
2026-01-06 10:04:59.760506,https://hpitprod.service-now.com/nav_to.do,Incidents | ServiceNow,edge,Default,service-now.com,professional,2026-01-06,10,Tuesday
2026-01-06 10:08:00.885500,https://hpitprod.service-now.com/nav_to.do,INC-HPI-LV3-VSM-DXC | Group | ServiceNow,edge,Default,service-now.com,professional,2026-01-06,10,Tuesday
2026-01-06 10:08:36.790021,https://hpitprod.service-now.com/nav_to.do,Incidents | ServiceNow,edge,Default,service-now.com,professional,2026-01-06,10,Tuesday
2026-01-06 10:08:40.058793,https://hpitprod.service-now.com/nav_to.do,INC10442854 | Incident | ServiceNow,edge,Default,service-now.com,professional,2026-01-06,10,Tuesday
2026-01-06 10:09:11.680715,https://hpitprod.service-now.com/nav_to.do,Subasangkari S | User | ServiceNow,edge,Default,service-now.com,professional,2026-01-06,10,Tuesday
2026-01-06 10:16:32.228829,https://hpitprod.service-now.com/nav_to.do,Subasangkari S | User | ServiceNow,edge,Default,service-now.com,professional,2026-01-06,10,Tuesday
2026-01-06 10:22:35.864717,https://hpitprod.service-now.com/nav_to.do,INC10480832 | Incident | ServiceNow,edge,Default,service-now.com,professional,2026-01-06,10,Tuesday
2026-01-06 10:36:01.183887,https://hpitprod.service-now.com/nav_to.do,Incidents | ServiceNow,edge,Default,service-now.com,professional,2026-01-06,10,Tuesday
2026-01-06 10:36:38.814594,https://hpitprod.service-now.com/nav_to.do,Incidents | ServiceNow,edge,Default,service-now.com,professional,2026-01-06,10,Tuesday
2026-01-06 10:37:01.039377,https://hpitprod.service-now.com/nav_to.do,INC10507276 | Incident | ServiceNow,edge,Default,service-now.com,professional,2026-01-06,10,Tuesday
2026-01-06 14:13:58.563495,https://login.external.hp.com/idp/SSO.saml2,Submit Form,edge,Default,hp.com,technology,2026-01-06,14,Tuesday
2026-01-06 14:14:02.239807,https://login.external.hp.com/idp/8sYbJ/resumeSAML20/idp/SSO.ping,Submit Form,edge,Default,hp.com,technology,2026-01-06,14,Tuesday
2026-01-06 14:14:14.174706,https://hpitprod.service-now.com/nav_to.do,Incidents | ServiceNow,edge,Default,service-now.com,professional,2026-01-06,14,Tuesday
2026-01-06 17:57:03.893179,https://login.external.hp.com/idp/Uubg2/resumeSAML20/idp/SSO.ping,Submit Form,edge,Default,hp.com,technology,2026-01-06,17,Tuesday
2026-01-07 03:30:15.192699,https://classify.zenclass.in/integration,Classify,edge,Default,zenclass.in,learning,2026-01-07,3,Wednesday
2026-01-07 03:49:21.442575,https://v2.zenclass.in/class/a7c720e6-0f85-4612-ab9f-4660d0698772,GUVI,edge,Default,zenclass.in,learning,2026-01-07,3,Wednesday
2026-01-07 04:08:32.783468,https://classify.zenclass.in/integration,Classify,edge,Default,zenclass.in,learning,2026-01-07,4,Wednesday
2026-01-07 04:08:33.624320,https://classify.zenclass.in/meet-dashboard-new,Classify,edge,Default,zenclass.in,learning,2026-01-07,4,Wednesday
2026-01-07 04:39:46.764412,https://www.msn.com/en-in,"MSN | Personalized News, Top Headlines, Live Updates and more",edge,Default,msn.com,other,2026-01-07,4,Wednesday
2026-01-07 05:43:29.427497,https://mail.google.com/mail/u/0/,ReScheduled! Class 7 - Module 10: Machine Learning with Sklearn (DS-S-WD-T-B105) @9:00AM - ssubasangkari@gmail.com - Gmail,edge,Default,google.com,search,2026-01-07,5,Wednesday
2026-01-07 05:43:32.842911,https://mail.google.com/mail/u/0/,"Updated invitation from an unknown sender: Meet scheduled for Machine Learning with Sklearn (DS-S-WD... @ Thu Jan 8, 2026 9am - 11:30am (IST) (ssubasangkari@gmail.com) - ssubasangkari@gmail.com - Gmail",edge,Default,google.com,search,2026-01-07,5,Wednesday
2026-01-07 06:22:10.990555,https://github.com/login,Sign in to GitHub · GitHub,edge,Default,github.com,learning,2026-01-07,6,Wednesday
2026-01-07 06:22:13.859705,https://accounts.google.com/v3/signin/accountchooser,Sign in - Google Accounts,edge,Default,google.com,search,2026-01-07,6,Wednesday
2026-01-07 06:22:30.940386,https://mail.google.com/mail/u/0/,[GitHub] Please verify your device - ssubasangkari@gmail.com - Gmail,edge,Default,google.com,search,2026-01-07,6,Wednesday
2026-01-07 06:35:01.222626,https://docs.google.com/document/d/1fobenBvneIxtiWUTeWcFROxLQlC6xQmV7iKKpQs_3OM/edit,Nutrition Paradox: A Global View on Obesity and Malnutrition - Google Docs,edge,Default,google.com,search,2026-01-07,6,Wednesday
2026-01-07 06:38:26.429680,https://colab.research.google.com/drive/1mD7QMKteL6M2KI4bdOBhqQFIW6MYrwwm#scrollTo=Wbq1H7IJ3A40,Nutrition.ipynb - Colab,edge,Default,google.com,search,2026-01-07,6,Wednesday
2026-01-07 06:42:55.391766,https://colab.research.google.com/drive/1mD7QMKteL6M2KI4bdOBhqQFIW6MYrwwm#scrollTo=hEThzQa8DGDq,Nutrition.ipynb - Colab,edge,Default,google.com,search,2026-01-07,6,Wednesday
2026-01-07 06:42:57.384823,https://colab.research.google.com/drive/1mD7QMKteL6M2KI4bdOBhqQFIW6MYrwwm#scrollTo=eZOG24DhC5CS,Nutrition.ipynb - Colab,edge,Default,google.com,search,2026-01-07,6,Wednesday
2026-01-07 06:46:03.107400,https://github.com/Subasangkarisaravanan/Data_Science_Projects/,Subasangkarisaravanan/Data_Science_Projects: Projects for Data Science,edge,Default,github.com,learning,2026-01-07,6,Wednesday
2026-01-07 06:51:16.923519,https://docs.google.com/document/d/1fobenBvneIxtiWUTeWcFROxLQlC6xQmV7iKKpQs_3OM/edit,Nutrition Paradox: A Global View on Obesity and Malnutrition - Google Docs,edge,Default,google.com,search,2026-01-07,6,Wednesday
2026-01-07 06:51:17.246950,https://docs.google.com/document/d/1fobenBvneIxtiWUTeWcFROxLQlC6xQmV7iKKpQs_3OM/edit,Nutrition Paradox: A Global View on Obesity and Malnutrition - Google Docs,edge,Default,google.com,search,2026-01-07,6,Wednesday
2026-01-07 06:51:17.283694,https://docs.google.com/document/d/1fobenBvneIxtiWUTeWcFROxLQlC6xQmV7iKKpQs_3OM/edit,Nutrition Paradox: A Global View on Obesity and Malnutrition - Google Docs,edge,Default,google.com,search,2026-01-07,6,Wednesday
2026-01-07 06:51:55.876753,https://chatgpt.com/c/695e0285-adc8-8321-9cda-66ccc10f525e,Obesity and Malnutrition Analysis,edge,Default,chatgpt.com,learning,2026-01-07,6,Wednesday
2026-01-07 07:02:58.299423,https://colab.research.google.com/drive/1mD7QMKteL6M2KI4bdOBhqQFIW6MYrwwm#scrollTo=SVyhkf7YBjLp,Google Colab,edge,Default,google.com,search,2026-01-07,7,Wednesday
2026-01-07 07:03:54.535699,https://colab.research.google.com/drive/1mD7QMKteL6M2KI4bdOBhqQFIW6MYrwwm#scrollTo=ZYBvJxmg2t5s,Nutrition.ipynb - Colab,edge,Default,google.com,search,2026-01-07,7,Wednesday
2026-01-07 07:04:31.034776,https://colab.research.google.com/drive/1mD7QMKteL6M2KI4bdOBhqQFIW6MYrwwm#scrollTo=onMJTUXM3MW8,Nutrition.ipynb - Colab,edge,Default,google.com,search,2026-01-07,7,Wednesday
2026-01-07 07:06:30.806441,https://colab.research.google.com/drive/1mD7QMKteL6M2KI4bdOBhqQFIW6MYrwwm#scrollTo=sSbiU4R93VGP,Nutrition.ipynb - Colab,edge,Default,google.com,search,2026-01-07,7,Wednesday
2026-01-07 07:08:08.830129,https://colab.research.google.com/drive/1mD7QMKteL6M2KI4bdOBhqQFIW6MYrwwm#scrollTo=TRDRR-y6347f,Nutrition.ipynb - Colab,edge,Default,google.com,search,2026-01-07,7,Wednesday
2026-01-07 07:09:21.433439,https://docs.google.com/document/d/1fobenBvneIxtiWUTeWcFROxLQlC6xQmV7iKKpQs_3OM/edit,Nutrition Paradox: A Global View on Obesity and Malnutrition - Google Docs,edge,Default,google.com,search,2026-01-07,7,Wednesday
2026-01-07 07:09:25.498606,https://docs.google.com/document/d/1fobenBvneIxtiWUTeWcFROxLQlC6xQmV7iKKpQs_3OM/edit,Nutrition Paradox: A Global View on Obesity and Malnutrition - Google Docs,edge,Default,google.com,search,2026-01-07,7,Wednesday
2026-01-07 07:09:26.188113,https://docs.google.com/document/d/1fobenBvneIxtiWUTeWcFROxLQlC6xQmV7iKKpQs_3OM/edit,Nutrition Paradox: A Global View on Obesity and Malnutrition - Google Docs,edge,Default,google.com,search,2026-01-07,7,Wednesday
2026-01-07 07:09:27.787063,https://docs.google.com/document/d/1fobenBvneIxtiWUTeWcFROxLQlC6xQmV7iKKpQs_3OM/edit,Nutrition Paradox: A Global View on Obesity and Malnutrition - Google Docs,edge,Default,google.com,search,2026-01-07,7,Wednesday
2026-01-07 07:11:43.225484,https://chatgpt.com/c/695e0728-d3d0-8323-87ad-be0902529286,SQL Query Validation,edge,Default,chatgpt.com,learning,2026-01-07,7,Wednesday
2026-01-07 07:14:30.834799,https://colab.research.google.com/drive/1mD7QMKteL6M2KI4bdOBhqQFIW6MYrwwm#scrollTo=yJj38xzRxITE,Nutrition.ipynb - Colab,edge,Default,google.com,search,2026-01-07,7,Wednesday
2026-01-07 07:15:25.082054,https://colab.research.google.com/drive/1mD7QMKteL6M2KI4bdOBhqQFIW6MYrwwm#scrollTo=iy2tV1mRlokM,Nutrition.ipynb - Colab,edge,Default,google.com,search,2026-01-07,7,Wednesday
2026-01-07 07:16:10.045988,https://colab.research.google.com/drive/1mD7QMKteL6M2KI4bdOBhqQFIW6MYrwwm#scrollTo=0tmswuWGlwVM,Nutrition.ipynb - Colab,edge,Default,google.com,search,2026-01-07,7,Wednesday
2026-01-07 07:56:18.157932,https://docs.google.com/document/d/1fobenBvneIxtiWUTeWcFROxLQlC6xQmV7iKKpQs_3OM/edit,Nutrition Paradox: A Global View on Obesity and Malnutrition - Google Docs,edge,Default,google.com,search,2026-01-07,7,Wednesday
2026-01-07 07:58:07.433400,https://colab.research.google.com/drive/1mD7QMKteL6M2KI4bdOBhqQFIW6MYrwwm#scrollTo=EyI5Z5Pn3-nn,Nutrition.ipynb - Colab,edge,Default,google.com,search,2026-01-07,7,Wednesday
2026-01-07 08:16:09.621895,https://colab.research.google.com/drive/1mD7QMKteL6M2KI4bdOBhqQFIW6MYrwwm#scrollTo=OBJD0-Hr4fUK,Nutrition.ipynb - Colab,edge,Default,google.com,search,2026-01-07,8,Wednesday
2026-01-07 08:17:40.668133,https://colab.research.google.com/drive/1mD7QMKteL6M2KI4bdOBhqQFIW6MYrwwm#scrollTo=4iEEpKN54l6E,Nutrition.ipynb - Colab,edge,Default,google.com,search,2026-01-07,8,Wednesday
2026-01-07 08:35:23.524209,https://chatgpt.com/c/695e1ac6-0354-8320-ad71-188eea8a0049,Obesity vs Malnutrition Query,edge,Default,chatgpt.com,learning,2026-01-07,8,Wednesday
2026-01-07 08:36:18.979664,https://colab.research.google.com/drive/1mD7QMKteL6M2KI4bdOBhqQFIW6MYrwwm#scrollTo=iEGxPUbl5XoZ,Nutrition.ipynb - Colab,edge,Default,google.com,search,2026-01-07,8,Wednesday
2026-01-07 08:38:46.998761,https://colab.research.google.com/drive/1mD7QMKteL6M2KI4bdOBhqQFIW6MYrwwm#scrollTo=2nckTTqX5eOC,Nutrition.ipynb - Colab,edge,Default,google.com,search,2026-01-07,8,Wednesday
2026-01-07 08:39:29.999507,https://colab.research.google.com/drive/1mD7QMKteL6M2KI4bdOBhqQFIW6MYrwwm#scrollTo=msTw3K705o-h,Nutrition.ipynb - Colab,edge,Default,google.com,search,2026-01-07,8,Wednesday
2026-01-07 08:40:38.387674,https://docs.google.com/document/d/1fobenBvneIxtiWUTeWcFROxLQlC6xQmV7iKKpQs_3OM/edit,Nutrition Paradox: A Global View on Obesity and Malnutrition - Google Docs,edge,Default,google.com,search,2026-01-07,8,Wednesday
2026-01-07 08:40:58.554714,https://colab.research.google.com/drive/1mD7QMKteL6M2KI4bdOBhqQFIW6MYrwwm#scrollTo=4fHyPeLf5xgC,Nutrition.ipynb - Colab,edge,Default,google.com,search,2026-01-07,8,Wednesday
2026-01-07 08:51:25.503335,https://chatgpt.com/c/695e0008-a690-8324-99ec-a71bbdb780ae,EDA with Python,edge,Default,chatgpt.com,learning,2026-01-07,8,Wednesday
2026-01-07 09:01:07.537481,https://git-scm.com/install/,Git - Install,edge,Default,git-scm.com,other,2026-01-07,9,Wednesday
2026-01-07 09:01:12.440679,https://git-scm.com/install/windows,Git - Install for Windows,edge,Default,git-scm.com,other,2026-01-07,9,Wednesday
2026-01-07 09:10:54.228817,https://github.com/Subasangkarisaravanan/Data_Science_Projects/new/main/Harvard_Artifact_Collection,New File at Harvard_Artifact_Collection · Subasangkarisaravanan/Data_Science_Projects,edge,Default,github.com,learning,2026-01-07,9,Wednesday
2026-01-07 09:15:55.176207,https://drive.google.com/drive/,Google Drive,edge,Default,google.com,search,2026-01-07,9,Wednesday
2026-01-07 09:15:56.095650,https://drive.google.com/drive/,Google Drive,edge,Default,google.com,search,2026-01-07,9,Wednesday
2026-01-07 09:15:57.092772,https://drive.google.com/drive/blank,Locating… - Google Drive,edge,Default,google.com,search,2026-01-07,9,Wednesday
2026-01-07 09:15:59.207248,https://drive.google.com/drive/folders/1L-fwxUGSDZBpuwx1P8mKstC_C_aeWPJt,Google Colab,edge,Default,google.com,search,2026-01-07,9,Wednesday
2026-01-07 09:16:26.648989,https://colab.research.google.com/drive/1F4t9UybH7GwDMg9UC8pTmdyV8XSwEJap,Google Colab,edge,Default,google.com,search,2026-01-07,9,Wednesday
2026-01-07 09:19:56.841934,https://github.com/Subasangkarisaravanan/Data_Science_Projects/upload/main/Harvard_Artifact_Collection,Upload files · Subasangkarisaravanan/Data_Science_Projects,edge,Default,github.com,learning,2026-01-07,9,Wednesday
2026-01-07 09:20:57.474089,https://github.com/Subasangkarisaravanan/Data_Science_Projects/blob/main/Harvard_Artifact_Collection/harvard_artifacts_app.py,Data_Science_Projects/Harvard_Artifact_Collection/harvard_artifacts_app.py at main · Subasangkarisaravanan/Data_Science_Projects,edge,Default,github.com,learning,2026-01-07,9,Wednesday
2026-01-07 09:21:08.269979,https://github.com/Subasangkarisaravanan/Data_Science_Projects/delete/main/Harvard_Artifact_Collection/harvard_artifacts_app.py,Deleting Data_Science_Projects/harvard_artifacts_app.py at main · Subasangkarisaravanan/Data_Science_Projects,edge,Default,github.com,learning,2026-01-07,9,Wednesday
2026-01-07 09:21:25.584751,https://github.com/Subasangkarisaravanan/Data_Science_Projects/blob/main/Harvard_Artifacts.ipynb,Data_Science_Projects/Harvard_Artifacts.ipynb at main · Subasangkarisaravanan/Data_Science_Projects,edge,Default,github.com,learning,2026-01-07,9,Wednesday
2026-01-07 09:21:30.613862,https://github.com/Subasangkarisaravanan/Data_Science_Projects/delete/main/Harvard_Artifacts.ipynb,Deleting Data_Science_Projects/Harvard_Artifacts.ipynb at main · Subasangkarisaravanan/Data_Science_Projects,edge,Default,github.com,learning,2026-01-07,9,Wednesday
2026-01-07 09:21:44.625596,https://github.com/Subasangkarisaravanan/Data_Science_Projects/blob/main/Harvard_Artifacts.py,Data_Science_Projects/Harvard_Artifacts.py at main · Subasangkarisaravanan/Data_Science_Projects,edge,Default,github.com,learning,2026-01-07,9,Wednesday
2026-01-07 09:21:48.838271,https://github.com/Subasangkarisaravanan/Data_Science_Projects/delete/main/Harvard_Artifacts.py,Deleting Data_Science_Projects/Harvard_Artifacts.py at main · Subasangkarisaravanan/Data_Science_Projects,edge,Default,github.com,learning,2026-01-07,9,Wednesday
2026-01-07 09:21:57.936952,https://github.com/Subasangkarisaravanan/Data_Science_Projects/blob/main/Nutrition.ipynb,Data_Science_Projects/Nutrition.ipynb at main · Subasangkarisaravanan/Data_Science_Projects,edge,Default,github.com,learning,2026-01-07,9,Wednesday
2026-01-07 09:22:13.785642,https://github.com/Subasangkarisaravanan/Data_Science_Projects/delete/main/Nutrition.ipynb,Deleting Data_Science_Projects/Nutrition.ipynb at main · Subasangkarisaravanan/Data_Science_Projects,edge,Default,github.com,learning,2026-01-07,9,Wednesday
2026-01-07 09:22:27.782260,https://github.com/Subasangkarisaravanan/Data_Science_Projects/blob/main/data_fetch.py,Data_Science_Projects/data_fetch.py at main · Subasangkarisaravanan/Data_Science_Projects,edge,Default,github.com,learning,2026-01-07,9,Wednesday
2026-01-07 09:22:32.295509,https://github.com/Subasangkarisaravanan/Data_Science_Projects/delete/main/data_fetch.py,Deleting Data_Science_Projects/data_fetch.py at main · Subasangkarisaravanan/Data_Science_Projects,edge,Default,github.com,learning,2026-01-07,9,Wednesday
2026-01-07 09:22:41.310275,https://github.com/Subasangkarisaravanan/Data_Science_Projects/blob/main/db.sql,Data_Science_Projects/db.sql at main · Subasangkarisaravanan/Data_Science_Projects,edge,Default,github.com,learning,2026-01-07,9,Wednesday
2026-01-07 09:22:47.307370,https://github.com/Subasangkarisaravanan/Data_Science_Projects/delete/main/db.sql,Deleting Data_Science_Projects/db.sql at main · Subasangkarisaravanan/Data_Science_Projects,edge,Default,github.com,learning,2026-01-07,9,Wednesday
2026-01-07 09:22:56.041844,https://github.com/Subasangkarisaravanan/Data_Science_Projects/blob/main/harvard_artifacts.db,Data_Science_Projects/harvard_artifacts.db at main · Subasangkarisaravanan/Data_Science_Projects,edge,Default,github.com,learning,2026-01-07,9,Wednesday
2026-01-07 09:23:00.926961,https://github.com/Subasangkarisaravanan/Data_Science_Projects/delete/main/harvard_artifacts.db,Deleting Data_Science_Projects/harvard_artifacts.db at main · Subasangkarisaravanan/Data_Science_Projects,edge,Default,github.com,learning,2026-01-07,9,Wednesday
2026-01-07 09:23:43.723939,https://github.com/Subasangkarisaravanan/Data_Science_Projects/blob/main/Nutrition/nutrition.db,Data_Science_Projects/Nutrition/nutrition.db at main · Subasangkarisaravanan/Data_Science_Projects,edge,Default,github.com,learning,2026-01-07,9,Wednesday
2026-01-07 16:48:01.639878,https://www.microsoft.com/edge/welcome,Welcome to Microsoft Edge,edge,Default,microsoft.com,other,2026-01-07,16,Wednesday
2026-01-07 16:48:01.639878,https://www.microsoft.com/en-us/edge/welcome,Welcome to Microsoft Edge,edge,Default,microsoft.com,other,2026-01-07,16,Wednesday
2026-01-07 16:48:05.752282,https://www.microsoft.com/en-us/edge/welcome,Welcome to Microsoft Edge,edge,Default,microsoft.com,other,2026-01-07,16,Wednesday
2026-01-08 03:30:16.568126,https://classify.zenclass.in/integration,Classify,edge,Default,zenclass.in,learning,2026-01-08,3,Thursday
2026-01-08 03:37:25.769239,https://docs.google.com/document/d/1fobenBvneIxtiWUTeWcFROxLQlC6xQmV7iKKpQs_3OM/edit,Nutrition Paradox: A Global View on Obesity and Malnutrition - Google Docs,edge,Default,google.com,search,2026-01-08,3,Thursday
2026-01-08 03:40:55.798153,https://chatgpt.com/c/695e8ed9-8408-8320-af06-a1f936d8c001,WHO Data Analysis Guide,edge,Default,chatgpt.com,learning,2026-01-08,3,Thursday
2026-01-08 03:42:01.098759,https://chatgpt.com/c/695f268a-44e4-8323-af04-a2436e8ed09b,EDA Python Script,edge,Default,chatgpt.com,learning,2026-01-08,3,Thursday
2026-01-08 03:53:48.252693,https://classify.zenclass.in/integration,Classify,edge,Default,zenclass.in,learning,2026-01-08,3,Thursday
2026-01-08 03:53:48.932355,https://classify.zenclass.in/meet-dashboard-new,Classify,edge,Default,zenclass.in,learning,2026-01-08,3,Thursday
2026-01-08 04:59:21.739886,https://chatgpt.com/c/695f393f-4b0c-832e-94b3-41989abe949b,WHO Data Pipeline,edge,Default,chatgpt.com,learning,2026-01-08,4,Thursday
2026-01-08 05:05:56.635450,https://chatgpt.com/c/695f3b29-cb7c-8327-9ff9-aedc4d7cd171,Streamlit app command,edge,Default,chatgpt.com,learning,2026-01-08,5,Thursday
2026-01-08 05:21:48.208673,https://chatgpt.com/c/695f3ed3-1bf4-832c-9145-fd4c0767ddb5,Power BI Python Integration,edge,Default,chatgpt.com,learning,2026-01-08,5,Thursday
2026-01-08 05:26:49.812946,https://colab.research.google.com/drive/1mD7QMKteL6M2KI4bdOBhqQFIW6MYrwwm#scrollTo=efNybu1c-xbP,Google Colab,edge,Default,google.com,search,2026-01-08,5,Thursday
2026-01-08 05:28:05.165393,https://github.com/Subasangkarisaravanan/Data_Science_Projects/edit/main/README.md,Editing Data_Science_Projects/README.md at main · Subasangkarisaravanan/Data_Science_Projects,edge,Default,github.com,learning,2026-01-08,5,Thursday
2026-01-08 05:28:33.858673,https://github.com/Subasangkarisaravanan/Data_Science_Projects/edit/main/Harvard_Artifact_Collection/readme,Editing Data_Science_Projects/Harvard_Artifact_Collection/readme at main · Subasangkarisaravanan/Data_Science_Projects,edge,Default,github.com,learning,2026-01-08,5,Thursday
2026-01-08 05:28:45.743160,https://v2.zenclass.in/class/e3d66d94-e891-44c1-9eeb-e6c0594cc3c4,GUVI,edge,Default,zenclass.in,learning,2026-01-08,5,Thursday
2026-01-08 05:29:10.011751,https://docs.google.com/document/d/1NeZV-bGiF8lCgh6ZuvPRfri492K1J9_yKHFM7NmP3Vk/edit,Harvard’s Artifacts Collection - Google Docs,edge,Default,google.com,search,2026-01-08,5,Thursday
2026-01-08 05:29:28.371386,https://github.com/Subasangkarisaravanan/Data_Science_Projects/blob/main/Harvard_Artifact_Collection/readme,Data_Science_Projects/Harvard_Artifact_Collection/readme at main · Subasangkarisaravanan/Data_Science_Projects,edge,Default,github.com,learning,2026-01-08,5,Thursday
2026-01-08 05:29:30.711525,https://github.com/Subasangkarisaravanan/Data_Science_Projects/blob/main/README.md,Data_Science_Projects/README.md at main · Subasangkarisaravanan/Data_Science_Projects,edge,Default,github.com,learning,2026-01-08,5,Thursday
2026-01-08 05:36:25.462742,https://github.com/Subasangkarisaravanan/Data_Science_Projects/blob/main/Nutrition/Nutrition.ipynb,Data_Science_Projects/Nutrition/Nutrition.ipynb at main · Subasangkarisaravanan/Data_Science_Projects,edge,Default,github.com,learning,2026-01-08,5,Thursday
2026-01-08 05:39:26.669899,https://chatgpt.com/c/695f42fb-7bd8-832b-bbb2-3d60b133f7e9,WHO Data Processing,edge,Default,chatgpt.com,learning,2026-01-08,5,Thursday
2026-01-08 05:39:51.173280,https://colab.research.google.com/drive/1mD7QMKteL6M2KI4bdOBhqQFIW6MYrwwm#scrollTo=NU_6jXdomYBu,Nutrition.ipynb - Colab,edge,Default,google.com,search,2026-01-08,5,Thursday
2026-01-08 05:40:01.350990,https://colab.research.google.com/drive/1mD7QMKteL6M2KI4bdOBhqQFIW6MYrwwm#scrollTo=QOL1OmFJHnhs,Nutrition.ipynb - Colab,edge,Default,google.com,search,2026-01-08,5,Thursday
2026-01-08 05:50:51.441163,https://github.com/Subasangkarisaravanan/Data_Science_Projects/blob/main/Nutrition/get_data.py,Data_Science_Projects/Nutrition/get_data.py at main · Subasangkarisaravanan/Data_Science_Projects,edge,Default,github.com,learning,2026-01-08,5,Thursday
2026-01-08 05:51:00.404916,https://github.com/Subasangkarisaravanan/Data_Science_Projects/delete/main/Nutrition/get_data.py,Deleting Data_Science_Projects/get_data.py at main · Subasangkarisaravanan/Data_Science_Projects,edge,Default,github.com,learning,2026-01-08,5,Thursday
2026-01-08 05:55:17.682334,https://chatgpt.com/c/695f469f-eb04-832e-8e34-25d919013774,Code explanation steps,edge,Default,chatgpt.com,learning,2026-01-08,5,Thursday
2026-01-08 07:46:56.242332,https://docs.google.com/document/d/1fobenBvneIxtiWUTeWcFROxLQlC6xQmV7iKKpQs_3OM/edit,Nutrition Paradox: A Global View on Obesity and Malnutrition - Google Docs,edge,Default,google.com,search,2026-01-08,7,Thursday
2026-01-08 07:46:57.060796,https://docs.google.com/document/d/1fobenBvneIxtiWUTeWcFROxLQlC6xQmV7iKKpQs_3OM/edit,Nutrition Paradox: A Global View on Obesity and Malnutrition - Google Docs,edge,Default,google.com,search,2026-01-08,7,Thursday
2026-01-08 09:47:14.487261,https://chatgpt.com/c/695f7cda-36e4-8327-9153-b12a73bcbf4a,Regions Requiring Intervention,edge,Default,chatgpt.com,learning,2026-01-08,9,Thursday
2026-01-08 10:01:51.490924,https://chatgpt.com/c/695f7cb4-cdc4-8325-8355-387f51858c81,Regions Requiring Intervention,edge,Default,chatgpt.com,learning,2026-01-08,10,Thursday
2026-01-08 10:02:24.693200,https://chatgpt.com/c/695f7dd9-e590-832e-9151-403680fe96fc,Save One Visual Power BI,edge,Default,chatgpt.com,learning,2026-01-08,10,Thursday
2026-01-08 10:09:17.824191,https://chatgpt.com/c/695f575a-091c-8328-84b7-25ac4fdb622d,Data Analysis Summary,edge,Default,chatgpt.com,learning,2026-01-08,10,Thursday
2026-01-08 10:39:41.656933,https://docs.google.com/document/d/1bJ9eSDZQkF85qSuAfdVLwXfRbjjWCaZf2Rc8wEyv08I/edit,DS/AIML Project Live-Evaluation Session Link (Evening) - Google Docs,edge,Default,google.com,search,2026-01-08,10,Thursday
2026-01-08 12:26:13.686335,https://mail.google.com/mail/u/0/,Class 25 - Machine Learning with Sklearn (DS-S-WD-T-B105) @9:00AM has been Scheduled - ssubasangkari@gmail.com - Gmail,edge,Default,google.com,search,2026-01-08,12,Thursday
2026-01-08 12:26:32.863217,https://mail.google.com/mail/u/0/,(no subject) - ssubasangkari@gmail.com - Gmail,edge,Default,google.com,search,2026-01-08,12,Thursday
2026-01-08 12:26:58.857069,https://meet.google.com/wsh-hyse-ejv,Meet - wsh-hyse-ejv,edge,Default,google.com,search,2026-01-08,12,Thursday
2026-01-08 12:51:21.101841,https://meet.google.com/wsh-hyse-ejv,Meet - wsh-hyse-ejv,edge,Default,google.com,search,2026-01-08,12,Thursday
2026-01-08 12:51:21.885611,https://meet.google.com/wrb-dwid-pbq,Meet,edge,Default,google.com,search,2026-01-08,12,Thursday
2026-01-08 12:51:23.980142,https://meet.google.com/wrb-dwid-pbq,Meet - wrb-dwid-pbq,edge,Default,google.com,search,2026-01-08,12,Thursday
2026-01-08 13:13:50.616070,https://docs.google.com/document/d/1bJ9eSDZQkF85qSuAfdVLwXfRbjjWCaZf2Rc8wEyv08I/edit,DS/AIML Project Live-Evaluation Session Link (Evening) - Google Docs,edge,Default,google.com,search,2026-01-08,13,Thursday
2026-01-08 13:13:58.481302,https://mail.google.com/mail/u/0/,DS_AIML_Capstone Project-Live_Evaluation Invite!!!!! - ssubasangkari@gmail.com - Gmail,edge,Default,google.com,search,2026-01-08,13,Thursday
2026-01-08 14:22:33.357884,https://www.google.com/search,canva - Google Search,edge,Default,google.com,search,2026-01-08,14,Thursday
2026-01-08 14:23:47.633161,https://clayco.in/products/matcha-enzyme-scrub-with-aha-bha-70g,Matcha Enzyme Scrub with AHA & BHA | 70g,edge,Default,clayco.in,other,2026-01-08,14,Thursday
2026-01-08 16:50:43.160732,https://docs.google.com/document/d/1MyG-uyc-esCGDOKcfvbWOXbA49IA27wlkmY_Clcei8I/edit,Project Orientation Session : EcoType: Forest Cover Classification(Tamil) - Google Docs,edge,Default,google.com,search,2026-01-08,16,Thursday
2026-01-08 16:50:43.629028,https://docs.google.com/document/d/1MyG-uyc-esCGDOKcfvbWOXbA49IA27wlkmY_Clcei8I/edit,Project Orientation Session : EcoType: Forest Cover Classification(Tamil) - Google Docs,edge,Default,google.com,search,2026-01-08,16,Thursday
2026-01-08 16:50:50.576597,https://drive.google.com/file/d/1-DdgR7zW3t39UvNclJT5bx69qWBRf5Yd/view,"Project Orientation Session Link - EcoType: Forest Cover Classification (DS-S-WD-T-B105), 12:00PM t - 2026/01/06 11:47 GMT+05:30 - Recording - Google Drive",edge,Default,google.com,search,2026-01-08,16,Thursday
2026-01-08 16:50:51.606790,https://drive.google.com/file/d/1-DdgR7zW3t39UvNclJT5bx69qWBRf5Yd/view,"Project Orientation Session Link - EcoType: Forest Cover Classification (DS-S-WD-T-B105), 12:00PM t - 2026/01/06 11:47 GMT+05:30 - Recording - Google Drive",edge,Default,google.com,search,2026-01-08,16,Thursday
2026-01-08 16:54:41.869947,https://github.com/Subasangkarisaravanan/Data_Science_Projects/blob/main/Nutrition,Data_Science_Projects/Nutrition at main · Subasangkarisaravanan/Data_Science_Projects · GitHub,edge,Default,github.com,learning,2026-01-08,16,Thursday
2026-01-08 16:55:38.700894,https://github.com/Subasangkarisaravanan/Data_Science_Projects/upload/main/Nutrition/EDA%20Outputs,Upload files · Subasangkarisaravanan/Data_Science_Projects,edge,Default,github.com,learning,2026-01-08,16,Thursday
2026-01-08 16:56:23.414208,https://github.com/Subasangkarisaravanan/Data_Science_Projects/tree/main/Nutrition/EDA%20Outputs,Data_Science_Projects/Nutrition/EDA Outputs at main · Subasangkarisaravanan/Data_Science_Projects,edge,Default,github.com,learning,2026-01-08,16,Thursday
2026-01-08 16:57:08.797103,https://github.com/Subasangkarisaravanan/Data_Science_Projects/new/main/Nutrition,New File at Nutrition · Subasangkarisaravanan/Data_Science_Projects,edge,Default,github.com,learning,2026-01-08,16,Thursday
2026-01-08 16:59:07.370319,https://github.com/Subasangkarisaravanan/Data_Science_Projects/new/main/Nutrition/SQL%20outputs,New File at Nutrition/SQL outputs · Subasangkarisaravanan/Data_Science_Projects,edge,Default,github.com,learning,2026-01-08,16,Thursday
2026-01-08 16:59:11.389629,https://github.com/Subasangkarisaravanan/Data_Science_Projects/tree/main/Nutrition/SQL%20outputs,Data_Science_Projects/Nutrition/SQL outputs at main · Subasangkarisaravanan/Data_Science_Projects,edge,Default,github.com,learning,2026-01-08,16,Thursday
2026-01-08 16:59:15.738244,https://github.com/Subasangkarisaravanan/Data_Science_Projects/upload/main/Nutrition/SQL%20outputs,Upload files · Subasangkarisaravanan/Data_Science_Projects,edge,Default,github.com,learning,2026-01-08,16,Thursday
2026-01-08 17:00:08.728302,https://github.com/Subasangkarisaravanan/Data_Science_Projects/upload/main/Nutrition,Upload files · Subasangkarisaravanan/Data_Science_Projects,edge,Default,github.com,learning,2026-01-08,17,Thursday
2026-01-08 17:05:57.613753,https://mail.google.com/mail/u/0/,Class 24 - Machine Learning with Sklearn (DS-S-WD-T-B105) @9:00AM has been Scheduled - ssubasangkari@gmail.com - Gmail,edge,Default,google.com,search,2026-01-08,17,Thursday
2026-01-08 17:06:04.027012,https://mail.google.com/mail/u/0/,ReScheduled! Class 25 - Machine Learning with Sklearn (DS-S-WD-T-B105) @9:00AM - ssubasangkari@gmail.com - Gmail,edge,Default,google.com,search,2026-01-08,17,Thursday
2026-01-08 17:06:09.349174,https://mail.google.com/mail/u/0/,"UPDATED DEADLINE FOR ASSIGNED PROJECT [EcoType: Forest Cover Classification], DS-S-WD-T-B105 - ssubasangkari@gmail.com - Gmail",edge,Default,google.com,search,2026-01-08,17,Thursday
2026-01-08 17:07:52.539154,https://mail.google.com/mail/u/0/,"Share the Learning, Get Rewarded 💰 Earn Amazon Vouchers by Referring Your Friends - ssubasangkari@gmail.com - Gmail",edge,Default,google.com,search,2026-01-08,17,Thursday
2026-01-08 17:08:00.743611,https://mail.google.com/mail/u/0/,New Project Created - DS_EcoType: Forest Cover Classification - ssubasangkari@gmail.com - Gmail,edge,Default,google.com,search,2026-01-08,17,Thursday
2026-01-08 17:08:08.970434,https://mail.google.com/mail/u/0/,Additional Class 7 - Module 10: Machine Learning with Sklearn (DS-S-WD-T-B105) @9:00AM has been Scheduled - ssubasangkari@gmail.com - Gmail,edge,Default,google.com,search,2026-01-08,17,Thursday
2026-01-08 17:09:20.660459,https://v2.zenclass.in/class/play-recording/279cff69-0dcb-4427-8c8a-37190e97924d,GUVI,edge,Default,zenclass.in,learning,2026-01-08,17,Thursday
2026-01-08 17:17:12.276753,https://chatgpt.com/c/695fe691-2c1c-8324-9212-2eab830fe285,EcoType Project Blueprint,edge,Default,chatgpt.com,learning,2026-01-08,17,Thursday
2026-01-09 17:18:01.585117,https://www.google.com/search,chatgpt - Google Search,edge,Default,google.com,search,2026-01-09,17,Friday
2026-01-09 17:18:51.185544,https://chatgpt.com/c/69613866-44b4-8323-8768-78fd0d18f782,Canva Design Tips,edge,Default,chatgpt.com,learning,2026-01-09,17,Friday
2026-01-09 17:20:00.923397,https://www.google.com/search,canva - Google Search,edge,Default,google.com,search,2026-01-09,17,Friday
2026-01-09 17:20:08.880970,https://www.google.com/search,chatgpt - Google Search,edge,Default,google.com,search,2026-01-09,17,Friday
2026-01-09 17:21:45.105941,https://chatgpt.com/c/69613928-7954-8321-b7ce-9fce5819b83d,Canva job keywords,edge,Default,chatgpt.com,learning,2026-01-09,17,Friday
2026-01-09 17:23:33.784319,https://www.google.com/search,freelance jobs - Google Search,edge,Default,google.com,search,2026-01-09,17,Friday
2026-01-09 17:23:34.997598,https://www.google.com/search,freelance jobs - Google Search,edge,Default,google.com,search,2026-01-09,17,Friday
2026-01-09 17:23:35.082571,https://www.google.com/search,freelance jobs - Google Search,edge,Default,google.com,search,2026-01-09,17,Friday
2026-01-09 17:24:37.976204,https://support.google.com/chrome,Google Chrome Help,edge,Default,google.com,search,2026-01-09,17,Friday
2026-01-09 17:24:39.301722,https://support.google.com/chrome,Google Chrome Help,edge,Default,google.com,search,2026-01-09,17,Friday
2026-01-09 17:26:30.982599,https://www.freelancer.in/job/,(15) Freelancer,edge,Default,freelancer.in,other,2026-01-09,17,Friday
2026-01-09 17:27:08.069235,https://www.freelancer.in/jobs/canva/,(15) Freelancer,edge,Default,freelancer.in,other,2026-01-09,17,Friday
2026-01-09 17:27:54.138024,https://www.freelancer.in/jobs/canva/,Canva Jobs and Contests || Freelancer.com,edge,Default,freelancer.in,other,2026-01-09,17,Friday
2026-01-09 17:39:58.613556,https://tndalu.emsecure.in/5YearsLaw2025,The Tamil Nadu Dr.Ambedkar Law University - Admissions 2025,edge,Default,emsecure.in,other,2026-01-09,17,Friday
2026-01-09 17:40:28.057718,https://www.google.com/search,dr ambedkar law university - Google Search,edge,Default,google.com,search,2026-01-09,17,Friday
2026-01-09 17:46:06.485870,https://www.freelancer.in/u/Sowbarnikasowba,(5) Sowbarnikasowba Profile | Freelancer,edge,Default,freelancer.in,other,2026-01-09,17,Friday
2026-01-09 17:46:53.017957,https://www.freelancer.in/exam/exams/index.php,(5) Freelancer,edge,Default,freelancer.in,other,2026-01-09,17,Friday
2026-01-09 17:47:41.745643,https://www.freelancer.in/verification/phone,(5) Verification | Freelancer,edge,Default,freelancer.in,other,2026-01-09,17,Friday
2026-01-09 17:48:26.800644,https://www.freelancer.in/users/kyc/verification-center-home,(5) Verification Center | Freelancer,edge,Default,freelancer.in,other,2026-01-09,17,Friday
2026-01-09 19:34:11.285409,https://www.google.com/search,last bus for tharamangalam from salem - Google Search,edge,Default,google.com,search,2026-01-09,19,Friday
2026-01-09 19:34:53.358730,https://login.external.hp.com/idp/J7MmE/resumeSAML20/idp/SSO.ping,HP Network Detector,edge,Default,hp.com,technology,2026-01-09,19,Friday
2026-01-09 19:34:56.348464,https://hpitprod.service-now.com/external_logout_complete.do,ServiceNow,edge,Default,service-now.com,professional,2026-01-09,19,Friday
2026-01-09 19:35:05.162146,https://login.external.hp.com/idp/SSO.saml2,Submit Form,edge,Default,hp.com,technology,2026-01-09,19,Friday
2026-01-09 19:35:08.711587,https://login.external.hp.com/idp/2VHlt/resumeSAML20/idp/SSO.ping,Submit Form,edge,Default,hp.com,technology,2026-01-09,19,Friday
2026-01-10 11:31:27.115928,https://login.microsoftonline.com/common/oauth2/v2.0/authorize,Sign in to your account,edge,Default,microsoftonline.com,other,2026-01-10,11,Saturday
2026-01-10 11:31:27.115928,https://www.office.com/login,Sign in to your account,edge,Default,office.com,other,2026-01-10,11,Saturday
2026-01-10 11:31:28.968190,https://login.live.com/oauth20_authorize.srf,Continue,edge,Default,live.com,other,2026-01-10,11,Saturday
2026-01-10 11:31:30.489096,https://login.live.com/oauth20_authorize.srf,Continue,edge,Default,live.com,other,2026-01-10,11,Saturday
2026-01-10 11:31:30.489096,https://login.microsoftonline.com/consumers/oauth2/v2.0/authorize,Continue,edge,Default,microsoftonline.com,other,2026-01-10,11,Saturday
2026-01-10 11:31:30.489096,https://www.office.com/,Continue,edge,Default,office.com,other,2026-01-10,11,Saturday
2026-01-10 11:31:31.471496,https://m365.cloud.microsoft/,Continue,edge,Default,cloud.microsoft,other,2026-01-10,11,Saturday
2026-01-10 11:31:32.253514,https://m365.cloud.microsoft/,m365.cloud.microsoft/?fromcode=cmmiadtp424&refOrigin=Bing&origindomain=Office&auth=1&client-request-id=c8f958aa-5dae-421b-a707-de60c9acc806,edge,Default,cloud.microsoft,other,2026-01-10,11,Saturday
2026-01-10 11:31:32.627858,https://m365.cloud.microsoft/search/,Search | M365 Copilot,edge,Default,cloud.microsoft,other,2026-01-10,11,Saturday
2026-01-10 11:32:11.201390,https://m365.cloud.microsoft/create/,Create | M365 Copilot,edge,Default,cloud.microsoft,other,2026-01-10,11,Saturday
2026-01-10 11:32:13.857505,https://powerpoint.cloud.microsoft/,PowerPoint,edge,Default,cloud.microsoft,other,2026-01-10,11,Saturday
2026-01-10 11:32:14.284189,https://powerpoint.cloud.microsoft/,PowerPoint for the Web - Microsoft 365,edge,Default,cloud.microsoft,other,2026-01-10,11,Saturday
2026-01-10 11:32:15.822170,https://powerpoint.cloud.microsoft/auth.html#code=M.C543_BAY.2.U.eb3ba005-6efe-c697-eaaf-e0eefa72ad45&client_info=eyJ2ZXIiOiIxLjAiLCJzdWIiOiJBQUFBQUFBQUFBQUFBQUFBQUFBQUFCTmdtcmR1NHdaWjBNQVJfRlpZWEtjIiwibmFtZSI6Im5ha3NoYXRyYSBzcmVlIHNhcmF2YW5hbiIsInByZWZlcnJlZF91c2VybmFtZSI6Im5ha3NoYXRyYXNyZWVzYXJhdmFuYW5AZ21haWwuY29tIiwib2lkIjoiMDAwMDAwMDAtMDAwMC0wMDAwLWY4ZDItODg2NzJmODY1MWYzIiwidGlkIjoiOTE4ODA0MGQtNmM2Ny00YzViLWIxMTItMzZhMzA0YjY2ZGFkIiwiaG9tZV9vaWQiOiIwMDAwMDAwMC0wMDAwLTAwMDAtZjhkMi04ODY3MmY4NjUxZjMiLCJ1aWQiOiIwMDAwMDAwMC0wMDAwLTAwMDAtZjhkMi04ODY3MmY4NjUxZjMiLCJ1dGlkIjoiOTE4ODA0MGQtNmM2Ny00YzViLWIxMTItMzZhMzA0YjY2ZGFkIn0&state=eyJpZCI6IjAxOWJhN2FkLWE3NWUtN2Q4Ny04ODA0LTg0YTYyOWYyMTA3YSIsIm1ldGEiOnsiaW50ZXJhY3Rpb25UeXBlIjoic2lsZW50In19,,edge,Default,cloud.microsoft,other,2026-01-10,11,Saturday
2026-01-10 11:32:15.822170,https://login.live.com/oauth20_authorize.srf,,edge,Default,live.com,other,2026-01-10,11,Saturday
2026-01-10 11:32:20.467418,https://onedrive.live.com/browser,PowerPoint for the Web - Microsoft 365,edge,Default,live.com,other,2026-01-10,11,Saturday
2026-01-10 11:32:25.592852,https://m365.cloud.microsoft/apps/,Apps | M365 Copilot,edge,Default,cloud.microsoft,other,2026-01-10,11,Saturday
2026-01-10 11:33:34.173971,https://www.bing.com/ck/a,,edge,Default,bing.com,search,2026-01-10,11,Saturday
2026-01-10 11:33:34.201763,https://www.bing.com/search,microsoft - Search,edge,Default,bing.com,search,2026-01-10,11,Saturday
2026-01-10 11:33:34.722231,https://www.microsoft.com/en-in/download,"Download Drivers & Updates for Microsoft, Windows and more - Microsoft Download Center",edge,Default,microsoft.com,other,2026-01-10,11,Saturday
2026-01-10 11:33:39.288343,https://amcdn.msftauth.net/me/callgraph#code=M.C543_SN1.2.U.4d3a89c9-ce6a-d2d5-02bd-0aa7a2f3a002&state=c2f6282a-08e7-4105-8857-8fd0576c8c1e,,edge,Default,msftauth.net,other,2026-01-10,11,Saturday
2026-01-10 11:33:39.288343,https://login.live.com/oauth20_authorize.srf,,edge,Default,live.com,other,2026-01-10,11,Saturday
2026-01-10 11:33:49.058023,https://www.microsoft.com/en-in/microsoft-365/buy/compare-all-microsoft-365-products,Compare Microsoft 365 Plans & Pricing (Formerly Office 365) - Microsoft Store,edge,Default,microsoft.com,other,2026-01-10,11,Saturday
2026-01-10 11:33:53.283353,https://amcdn.msftauth.net/me/callgraph#code=M.C543_SN1.2.U.3823b1a8-1e17-9b18-44e0-4742ee246cd1&state=064bbef4-09a7-4a07-a8a5-cfa2769a4010,,edge,Default,msftauth.net,other,2026-01-10,11,Saturday
2026-01-10 11:33:53.283353,https://login.live.com/oauth20_authorize.srf,,edge,Default,live.com,other,2026-01-10,11,Saturday
2026-01-10 12:37:37.323690,https://www.google.com/search,puc - Google Search,edge,Default,google.com,search,2026-01-10,12,Saturday
2026-01-10 12:37:46.071285,https://login.external.hp.com/idp/SSO.saml2,Continue with HP OneUID,edge,Default,hp.com,technology,2026-01-10,12,Saturday
2026-01-10 12:38:12.603479,https://authenticator.pingone.com/pingid/ppm/auth/response,,edge,Default,pingone.com,other,2026-01-10,12,Saturday
2026-01-10 12:38:15.404853,https://login.external.hp.com/idp/MKYqx/resumeSAML20/idp/SSO.ping,HP Network Detector,edge,Default,hp.com,technology,2026-01-10,12,Saturday
2026-01-10 12:38:40.373973,https://hpitprod.service-now.com/nav_to.do,INC10480832 | Incident | ServiceNow,edge,Default,service-now.com,professional,2026-01-10,12,Saturday
2026-01-10 13:02:04.677065,https://www.google.com/search,pitha pai meaning in tamil - Google Search,edge,Default,google.com,search,2026-01-10,13,Saturday
2026-01-10 15:39:32.007344,https://github.com/markub3327/LiquidCrystal_I2C,markub3327/LiquidCrystal_I2C: LiquidCrystal Arduino library for the DFRobot I2C LCD displays,edge,Default,github.com,learning,2026-01-10,15,Saturday
2026-01-11 14:05:58.447894,https://login.external.hp.com/idp/SSO.saml2,Continue with HP OneUID,edge,Default,hp.com,technology,2026-01-11,14,Sunday
2026-01-11 16:38:42.776366,https://www.google.com/search,sap - Google Search,edge,Default,google.com,search,2026-01-11,16,Sunday
2026-01-11 16:38:43.724354,https://www.google.com/search,sap - Google Search,edge,Default,google.com,search,2026-01-11,16,Sunday
2026-01-11 16:38:45.636236,https://www.google.com/search,sap - Google Search,edge,Default,google.com,search,2026-01-11,16,Sunday
2026-01-11 16:38:46.092368,https://www.google.com/search,sap course - Google Search,edge,Default,google.com,search,2026-01-11,16,Sunday
2026-01-11 16:40:01.847166,https://learning.sap.com/learning-journeys/transforming-for-success-solution-transformation-with-sap-cloud-alm,Transforming for Success: Solution Transformation with SAP Cloud,edge,Default,sap.com,other,2026-01-11,16,Sunday
2026-01-11 16:40:14.940753,https://learning.sap.com/certifications/sap-certified-associate-solution-transformation-consultant-with-sap-cloud-alm,SAP Certified Associate - Solution Transformation Consultant with,edge,Default,sap.com,other,2026-01-11,16,Sunday
2026-01-11 16:40:15.852761,https://learning.sap.com/learning-journeys/transforming-for-success-with-sap-cloud-alm,Transforming for Success with SAP Cloud ALM,edge,Default,sap.com,other,2026-01-11,16,Sunday
2026-01-11 16:40:16.917001,https://learning.sap.com/,Learn SAP skills | SAP Learning,edge,Default,sap.com,other,2026-01-11,16,Sunday
2026-01-11 16:40:31.192505,https://learning.sap.com/students,Student Zone by SAP Learning,edge,Default,sap.com,other,2026-01-11,16,Sunday
2026-01-11 16:40:40.124275,https://learning.sap.com/free-student-edition,Student edition for SAP Learning,edge,Default,sap.com,other,2026-01-11,16,Sunday
2026-01-11 16:40:47.716763,https://sap-learning-prod.authentication.eu10.hana.ondemand.com/saml/login/alias/sap-learning-prod.aws-live-eu10,,edge,Default,ondemand.com,other,2026-01-11,16,Sunday
2026-01-11 16:40:50.442333,https://accounts.sap.com/saml2/idp/sso,SAP Learning: Sign In,edge,Default,sap.com,other,2026-01-11,16,Sunday
2026-01-11 16:40:57.508457,https://accounts.sap.com/ui/public/showRegisterForm,SAP Learning: Registration,edge,Default,sap.com,other,2026-01-11,16,Sunday
2026-01-11 16:41:27.893050,https://accounts.sap.com/ui/public/performRegistration,SAP Learning: Registration,edge,Default,sap.com,other,2026-01-11,16,Sunday
2026-01-11 16:41:54.185551,https://accounts.sap.com/saml2/idp/sso,SAP Learning: Account Successfully Activated,edge,Default,sap.com,other,2026-01-11,16,Sunday
2026-01-11 18:21:51.514279,https://learning.sap.com/live-sessions/overview-of-sap-business-data-cloud,Introduction to SAP Business Data Cloud,edge,Default,sap.com,other,2026-01-11,18,Sunday
2026-01-11 18:22:30.911611,https://learning.sap.com/products/business-data-cloud,SAP Business Data Cloud at SAP Learning,edge,Default,sap.com,other,2026-01-11,18,Sunday
2026-01-11 18:22:33.043877,https://learning.sap.com/,Learn SAP skills | SAP Learning,edge,Default,sap.com,other,2026-01-11,18,Sunday
2026-01-12 03:30:16.805545,https://classify.zenclass.in/integration,Classify,edge,Default,zenclass.in,learning,2026-01-12,3,Monday
2026-01-12 03:30:18.583351,https://classify.zenclass.in/meet-dashboard-new,Classify,edge,Default,zenclass.in,learning,2026-01-12,3,Monday
2026-01-12 04:48:22.857969,https://login.external.hp.com/idp/SSO.saml2,Continue with HP OneUID,edge,Default,hp.com,technology,2026-01-12,4,Monday
2026-01-12 04:48:51.790554,https://authenticator.pingone.com/pingid/ppm/auth/response,,edge,Default,pingone.com,other,2026-01-12,4,Monday
2026-01-12 04:48:54.414969,https://login.external.hp.com/idp/UxCHB/resumeSAML20/idp/SSO.ping,Submit Form,edge,Default,hp.com,technology,2026-01-12,4,Monday
2026-01-12 11:33:53.350349,https://www.redbus.in/travels/kpn-travels,"KPN - Online Bus Ticket Booking, Bus Reservation, Time Table, Fares - redBus.in",edge,Default,redbus.in,other,2026-01-12,11,Monday
2026-01-12 11:34:38.835659,http://kpntravels.in/,Parked Domain name on Hostinger DNS system,edge,Default,kpntravels.in,other,2026-01-12,11,Monday
2026-01-12 11:34:47.964056,https://www.google.com/search,kpn bus service - Google Search,edge,Default,google.com,search,2026-01-12,11,Monday
2026-01-12 11:34:52.561727,https://www.goibibo.com/bus/kpn-buses-from-salem-to-chennai-online-booking-102/,"K.P.N Salem to Chennai Bus Tickets Booking - Timings, Schedule, Fares & Prices | Goibibo",edge,Default,goibibo.com,other,2026-01-12,11,Monday
2026-01-12 11:35:12.171746,https://www.goibibo.com/bus/search,Bus Booking - Online Bus Ticket Booking of all Bus types at best prices,edge,Default,goibibo.com,other,2026-01-12,11,Monday
2026-01-12 11:35:20.804089,https://www.goibibo.com/bus/search,Bus Booking - Online Bus Ticket Booking of all Bus types at best prices,edge,Default,goibibo.com,other,2026-01-12,11,Monday
2026-01-12 11:35:20.840147,https://www.goibibo.com/bus/search,Bus Booking - Online Bus Ticket Booking of all Bus types at best prices,edge,Default,goibibo.com,other,2026-01-12,11,Monday
2026-01-12 11:35:20.864626,https://www.goibibo.com/bus/search,Bus Booking - Online Bus Ticket Booking of all Bus types at best prices,edge,Default,goibibo.com,other,2026-01-12,11,Monday
2026-01-12 11:35:20.911997,https://www.goibibo.com/bus/search,Bus Booking - Online Bus Ticket Booking of all Bus types at best prices,edge,Default,goibibo.com,other,2026-01-12,11,Monday
2026-01-12 12:35:59.376395,https://login.external.hp.com/idp/SSO.saml2,Continue with HP OneUID,edge,Default,hp.com,technology,2026-01-12,12,Monday
2026-01-12 12:36:17.275895,https://login.external.hp.com/idp/Vqj4D/resumeSAML20/idp/SSO.ping,HP Network Detector,edge,Default,hp.com,technology,2026-01-12,12,Monday
2026-01-12 13:47:02.139775,https://www.google.com/search,canva - Google Search,edge,Default,google.com,search,2026-01-12,13,Monday
2026-01-12 13:47:23.083826,https://www.canva.com/design/DAG9kjBiSiI/C7GPgnoRiC3UDcvpNF9l-A/edit,SAI DOSA CAFE - Presentation,edge,Default,canva.com,design,2026-01-12,13,Monday
2026-01-12 13:51:50.484093,https://www.google.com/search,chatgpt - Google Search,edge,Default,google.com,search,2026-01-12,13,Monday
2026-01-12 13:51:53.691792,https://chatgpt.com/,ChatGPT,edge,Default,chatgpt.com,learning,2026-01-12,13,Monday
2026-01-12 13:52:13.745510,https://chatgpt.com/gg/6964fc8cd000819a9f1176690224d332,New group chat,edge,Default,chatgpt.com,learning,2026-01-12,13,Monday
2026-01-12 13:57:23.284055,https://chatgpt.com/apps,ChatGPT,edge,Default,chatgpt.com,learning,2026-01-12,13,Monday
2026-01-12 16:43:59.904636,https://chatgpt.com/c/6964fdda-eb2c-832f-bf07-605a4d1e166c,Dosa Cafe Business Setup,edge,Default,chatgpt.com,learning,2026-01-12,16,Monday
2026-01-13 03:30:11.987009,https://classify.zenclass.in/integration,Classify,edge,Default,zenclass.in,learning,2026-01-13,3,Tuesday
2026-01-13 03:30:13.223424,https://classify.zenclass.in/meet-dashboard-new,Classify,edge,Default,zenclass.in,learning,2026-01-13,3,Tuesday
2026-01-13 06:23:03.664151,https://login.external.hp.com/idp/mfaNV/resumeSAML20/idp/SSO.ping,HP Network Detector,edge,Default,hp.com,technology,2026-01-13,6,Tuesday
2026-01-13 17:16:28.358884,https://login.external.hp.com/idp/SSO.saml2,Continue with HP OneUID,edge,Default,hp.com,technology,2026-01-13,17,Tuesday
2026-01-13 17:16:38.332254,https://www.google.com/search,irctc - Google Search,edge,Default,google.com,search,2026-01-13,17,Tuesday
2026-01-13 17:17:05.275160,https://authenticator.pingone.com/pingid/ppm/auth/response,,edge,Default,pingone.com,other,2026-01-13,17,Tuesday
2026-01-13 17:17:07.453429,https://login.external.hp.com/idp/y6diq/resumeSAML20/idp/SSO.ping,HP Network Detector,edge,Default,hp.com,technology,2026-01-13,17,Tuesday
2026-01-13 17:18:03.353086,https://hpitprod.service-now.com/nav_to.do,INC10442854 | Incident | ServiceNow,edge,Default,service-now.com,professional,2026-01-13,17,Tuesday
2026-01-13 17:18:04.606373,https://login.external.hp.com/idp/SSO.saml2,Continue with HP OneUID,edge,Default,hp.com,technology,2026-01-13,17,Tuesday
2026-01-13 17:18:09.883521,https://www.google.com/search,train running status - Google Search,edge,Default,google.com,search,2026-01-13,17,Tuesday
2026-01-13 17:18:13.010532,https://www.google.com/amp/s/www.confirmtkt.com/train-running-status,Train Running Status | Where is My Train | Live Train Status,edge,Default,google.com,search,2026-01-13,17,Tuesday
2026-01-13 17:19:45.223245,https://www.confirmtkt.com/train-running-status-input,Train running status | Live train status | Spot your train,edge,Default,confirmtkt.com,other,2026-01-13,17,Tuesday
2026-01-13 18:17:13.518958,https://www.confirmtkt.com/amp-redirection.html,Download ConfirmTkt App,edge,Default,confirmtkt.com,other,2026-01-13,18,Tuesday
2026-01-13 18:17:43.754997,https://www.google.com/search,jana nayagan - Google Search,edge,Default,google.com,search,2026-01-13,18,Tuesday
2026-01-13 18:17:44.623209,https://www.google.com/search,jana nayagan - Google Search,edge,Default,google.com,search,2026-01-13,18,Tuesday
2026-01-13 18:29:11.559176,https://en.wikipedia.org/wiki/Jana_Nayagan,Jana Nayagan - Wikipedia,edge,Default,wikipedia.org,learning,2026-01-13,18,Tuesday
2026-01-13 18:29:15.834466,https://www.confirmtkt.com/train-running-status/12623,12623 Train Running Status | Spot Your Train 12623 | Live Train Status 12623,edge,Default,confirmtkt.com,other,2026-01-13,18,Tuesday
2026-01-13 18:29:18.083372,https://www.confirmtkt.com/amp-redirection.html,Download ConfirmTkt App,edge,Default,confirmtkt.com,other,2026-01-13,18,Tuesday
2026-01-14 03:32:20.845257,https://classify.zenclass.in/integration,Classify,edge,Default,zenclass.in,learning,2026-01-14,3,Wednesday
2026-01-14 03:46:40.817909,https://www.google.com/search,canva - Google Search,edge,Default,google.com,search,2026-01-14,3,Wednesday
2026-01-14 03:52:57.662919,https://www.google.com/search,swami vivekananda - Google Search,edge,Default,google.com,search,2026-01-14,3,Wednesday
2026-01-14 03:56:32.679496,https://www.canva.com/design/DAG-W1-IpUY/rjot7zD-rlgv9sGf5iShCg/edit,Add a subheading - Mobile Video,edge,Default,canva.com,design,2026-01-14,3,Wednesday
2026-01-14 03:59:22.376055,https://v2.zenclass.in/class/b064fb97-8a41-4746-903f-33b17c64ba7c,GUVI,edge,Default,zenclass.in,learning,2026-01-14,3,Wednesday
2026-01-14 03:59:29.076610,https://classify.zenclass.in/integration,Classify,edge,Default,zenclass.in,learning,2026-01-14,3,Wednesday
2026-01-14 03:59:30.128572,https://classify.zenclass.in/meet-dashboard-new,Classify,edge,Default,zenclass.in,learning,2026-01-14,3,Wednesday
2026-01-14 04:02:17.651852,https://www.kaggle.com/learn/pandas,Learn Pandas | Kaggle,edge,Default,kaggle.com,learning,2026-01-14,4,Wednesday
2026-01-14 04:02:37.312521,https://www.kaggle.com/learn/pandas/discussion,Learn Pandas | Kaggle,edge,Default,kaggle.com,learning,2026-01-14,4,Wednesday
2026-01-14 04:02:37.867778,https://www.kaggle.com/learn/pandas/discussion,Learn Pandas | Kaggle,edge,Default,kaggle.com,learning,2026-01-14,4,Wednesday
2026-01-14 04:02:40.676530,https://www.kaggle.com/code/residentmario/creating-reading-and-writing,"Creating, Reading and Writing",edge,Default,kaggle.com,learning,2026-01-14,4,Wednesday
2026-01-14 04:04:24.638542,https://www.coursera.org/learn/machine-learning,Supervised Machine Learning: Regression and Classification | Coursera,edge,Default,coursera.org,other,2026-01-14,4,Wednesday
2026-01-14 04:05:10.676538,https://www.coursera.org/payments/checkout,Secure Checkout | Coursera,edge,Default,coursera.org,other,2026-01-14,4,Wednesday
2026-01-14 04:05:33.995901,https://chatgpt.com/c/696714e9-c7f8-8320-af32-d88b5ebf6c08,Learning Python and ML,edge,Default,chatgpt.com,learning,2026-01-14,4,Wednesday
2026-01-14 04:42:56.694494,https://docs.google.com/document/d/1HkI8iCkY9TDVwL8gU4PwpdcAPz05vo5rp_GbbN3rAAs/edit,EcoType: Forest Cover Classification - Google Docs,edge,Default,google.com,search,2026-01-14,4,Wednesday
2026-01-14 04:54:20.982938,https://chatgpt.com/c/6967217b-c970-8323-a535-d432740d2b8b,Codebase Audit and Fix,edge,Default,chatgpt.com,learning,2026-01-14,4,Wednesday
2026-01-14 05:16:45.756907,https://www.kaggle.com/code/residentmario/creating-reading-and-writing/data,"Creating, Reading and Writing",edge,Default,kaggle.com,learning,2026-01-14,5,Wednesday
2026-01-14 05:17:03.003197,https://www.kaggle.com/code/residentmario/creating-reading-and-writing/tutorial,"Creating, Reading and Writing",edge,Default,kaggle.com,learning,2026-01-14,5,Wednesday
2026-01-14 05:17:12.943848,https://www.kaggle.com/code/residentmario/indexing-selecting-assigning,"Indexing, Selecting & Assigning",edge,Default,kaggle.com,learning,2026-01-14,5,Wednesday
2026-01-14 05:18:40.020478,https://www.kaggle.com/account/login,Login or Register | Kaggle,edge,Default,kaggle.com,learning,2026-01-14,5,Wednesday
2026-01-14 05:18:42.459650,https://accounts.google.com/v3/signin/accountchooser,Sign in - Google Accounts,edge,Default,google.com,search,2026-01-14,5,Wednesday
2026-01-14 05:18:46.653836,https://accounts.google.com/signin/oauth/id,Sign in - Google Accounts,edge,Default,google.com,search,2026-01-14,5,Wednesday
2026-01-14 05:18:50.035509,https://www.kaggle.com/account/login,Login or Register | Kaggle,edge,Default,kaggle.com,learning,2026-01-14,5,Wednesday
2026-01-14 05:19:07.538686,https://www.kaggle.com/code/residentmario/renaming-and-combining,Renaming and Combining,edge,Default,kaggle.com,learning,2026-01-14,5,Wednesday
2026-01-14 05:19:21.244365,https://www.kaggle.com/models/google/gemma,Google | Gemma | Kaggle,edge,Default,kaggle.com,learning,2026-01-14,5,Wednesday
2026-01-14 05:19:28.677329,https://www.kaggle.com/models/google/gemma/code,Google | Gemma | Kaggle,edge,Default,kaggle.com,learning,2026-01-14,5,Wednesday
2026-01-14 05:19:34.637350,https://www.kaggle.com/datasets,Find Open Datasets and Machine Learning Projects | Kaggle,edge,Default,kaggle.com,learning,2026-01-14,5,Wednesday
2026-01-14 05:19:52.317522,https://www.kaggle.com/models,Find Pre-trained Models | Kaggle,edge,Default,kaggle.com,learning,2026-01-14,5,Wednesday
2026-01-14 05:20:03.641264,https://www.kaggle.com/code,Kaggle Notebooks,edge,Default,kaggle.com,learning,2026-01-14,5,Wednesday
2026-01-14 05:20:14.890682,https://www.kaggle.com/code,Kaggle Notebooks,edge,Default,kaggle.com,learning,2026-01-14,5,Wednesday
2026-01-14 05:20:21.546333,https://www.kaggle.com/discussions,Machine Learning & Data Science Forum Discussions | Kaggle,edge,Default,kaggle.com,learning,2026-01-14,5,Wednesday
2026-01-14 05:20:21.611729,https://www.kaggle.com/discussions,Machine Learning & Data Science Forum Discussions | Kaggle,edge,Default,kaggle.com,learning,2026-01-14,5,Wednesday
2026-01-14 05:20:23.044114,https://www.kaggle.com/learn,"Learn Python, Data Viz, Pandas & More | Tutorials | Kaggle",edge,Default,kaggle.com,learning,2026-01-14,5,Wednesday
2026-01-14 05:20:36.552765,https://www.kaggle.com/learn/intro-to-machine-learning,Learn Intro to Machine Learning | Kaggle,edge,Default,kaggle.com,learning,2026-01-14,5,Wednesday
2026-01-14 05:20:41.029049,https://www.kaggle.com/code/dansbecker/how-models-work,How Models Work,edge,Default,kaggle.com,learning,2026-01-14,5,Wednesday
2026-01-14 05:22:45.899443,https://www.kaggle.com/code/dansbecker/basic-data-exploration,Basic Data Exploration,edge,Default,kaggle.com,learning,2026-01-14,5,Wednesday
2026-01-14 05:23:32.617971,https://www.kaggle.com/code/subasangkari/exercise-explore-your-data/edit,Exercise: Explore Your Data | Kaggle,edge,Default,kaggle.com,learning,2026-01-14,5,Wednesday
2026-01-14 05:23:43.870331,https://www.kaggle.com/code/subasangkari/exercise-explore-your-data/edit,Exercise: Explore Your Data | Kaggle,edge,Default,kaggle.com,learning,2026-01-14,5,Wednesday
2026-01-14 12:52:45.747665,https://www.google.com/search,canva - Google Search,edge,Default,google.com,search,2026-01-14,12,Wednesday
2026-01-14 12:53:35.376798,https://www.canva.com/design,Canva – Creating,edge,Default,canva.com,design,2026-01-14,12,Wednesday
2026-01-14 12:53:36.203605,https://www.canva.com/design/DAG-ZFQscXU/KBMtAPa-e-NSwPMIO32GNw/edit,Untitled design - Instagram Post (4:5),edge,Default,canva.com,design,2026-01-14,12,Wednesday
2026-01-14 13:03:13.642461,https://www.google.com/search,valai ilai - Google Search,edge,Default,google.com,search,2026-01-14,13,Wednesday
2026-01-14 13:03:33.652824,https://www.google.com/search,valai ilai virundhu - Google Search,edge,Default,google.com,search,2026-01-14,13,Wednesday
2026-01-14 13:04:13.866820,https://www.google.com/search,valai ilai - Google Search,edge,Default,google.com,search,2026-01-14,13,Wednesday
2026-01-14 13:11:20.791867,https://www.google.com/search,pongal invitation templates - Google Search,edge,Default,google.com,search,2026-01-14,13,Wednesday
2026-01-14 13:11:36.192213,https://www.google.com/search,pongal invitation maker - Google Search,edge,Default,google.com,search,2026-01-14,13,Wednesday
2026-01-14 13:17:35.152523,https://www.google.com/search,pongal invitation maker - Google Search,edge,Default,google.com,search,2026-01-14,13,Wednesday
2026-01-14 13:17:36.706594,https://www.google.com/search,pongal invitation maker - Google Search,edge,Default,google.com,search,2026-01-14,13,Wednesday
2026-01-14 13:20:58.975422,https://www.google.com/search,chatgpt - Google Search,edge,Default,google.com,search,2026-01-14,13,Wednesday
2026-01-14 13:21:01.925348,https://chatgpt.com/,ChatGPT,edge,Default,chatgpt.com,learning,2026-01-14,13,Wednesday
2026-01-14 13:21:40.185990,https://chatgpt.com/c/6967984b-5cb4-8331-9ec2-8bf335ac44e9,Pongal Invitation Tips,edge,Default,chatgpt.com,learning,2026-01-14,13,Wednesday
2026-01-14 14:21:33.613320,https://test.hyrenet.in/full-away-back/integration,HyreNet,edge,Default,hyrenet.in,technology,2026-01-14,14,Wednesday
2026-01-14 14:21:45.355575,https://test.hyrenet.in/full-away-back/details,HyreNet,edge,Default,hyrenet.in,technology,2026-01-14,14,Wednesday
2026-01-14 14:21:51.110772,https://test.hyrenet.in/full-away-back/testDescription/mcq,HyreNet,edge,Default,hyrenet.in,technology,2026-01-14,14,Wednesday
2026-01-14 14:31:26.884446,https://test.hyrenet.in/full-away-back/mcq,HyreNet,edge,Default,hyrenet.in,technology,2026-01-14,14,Wednesday
2026-01-14 14:31:57.518195,https://test.hyrenet.in/cup-lack-have/integration,HyreNet,edge,Default,hyrenet.in,technology,2026-01-14,14,Wednesday
2026-01-14 14:32:08.278296,https://test.hyrenet.in/cup-lack-have/details,HyreNet,edge,Default,hyrenet.in,technology,2026-01-14,14,Wednesday
2026-01-14 14:32:10.764495,https://test.hyrenet.in/cup-lack-have/testDescription/mcq,HyreNet,edge,Default,hyrenet.in,technology,2026-01-14,14,Wednesday
2026-01-14 14:38:12.269536,https://test.hyrenet.in/cup-lack-have/mcq,HyreNet,edge,Default,hyrenet.in,technology,2026-01-14,14,Wednesday
2026-01-14 14:38:59.913651,https://test.hyrenet.in/bow-hit-ride/integration,HyreNet,edge,Default,hyrenet.in,technology,2026-01-14,14,Wednesday
2026-01-14 16:19:29.464384,https://test.hyrenet.in/have-word-bush/integration,HyreNet,edge,Default,hyrenet.in,technology,2026-01-14,16,Wednesday
2026-01-14 16:19:42.425122,https://test.hyrenet.in/have-word-bush/details,HyreNet,edge,Default,hyrenet.in,technology,2026-01-14,16,Wednesday
2026-01-14 16:19:44.823073,https://test.hyrenet.in/have-word-bush/testDescription/mcq,HyreNet,edge,Default,hyrenet.in,technology,2026-01-14,16,Wednesday
2026-01-14 16:23:55.608616,https://test.hyrenet.in/have-word-bush/mcq,HyreNet,edge,Default,hyrenet.in,technology,2026-01-14,16,Wednesday
2026-01-14 16:24:16.794812,https://test.hyrenet.in/art-open-sail/integration,HyreNet,edge,Default,hyrenet.in,technology,2026-01-14,16,Wednesday
2026-01-14 16:24:28.045227,https://test.hyrenet.in/art-open-sail/details,HyreNet,edge,Default,hyrenet.in,technology,2026-01-14,16,Wednesday
2026-01-14 16:24:52.674357,https://test.hyrenet.in/art-open-sail/testDescription/mcq,HyreNet,edge,Default,hyrenet.in,technology,2026-01-14,16,Wednesday
2026-01-14 16:29:29.711637,https://test.hyrenet.in/art-open-sail/mcq,HyreNet,edge,Default,hyrenet.in,technology,2026-01-14,16,Wednesday
2026-01-14 16:31:45.666819,https://www.google.com/search,guvi - Google Search,edge,Default,google.com,search,2026-01-14,16,Wednesday
2026-01-14 16:34:26.211722,https://www.guvi.in/code-kata/farm-area-calculation/,HCL GUVI | Learn to code in your native language,edge,Default,guvi.in,learning,2026-01-14,16,Wednesday
2026-01-14 16:36:05.006724,https://chatgpt.com/c/6967c5f3-5368-8323-b109-248de01f9878,Farm Area Calculation,edge,Default,chatgpt.com,learning,2026-01-14,16,Wednesday
2026-01-14 16:39:42.038678,https://www.guvi.in/code-kata/odd-even-string-split/,HCL GUVI | Learn to code in your native language,edge,Default,guvi.in,learning,2026-01-14,16,Wednesday
2026-01-14 17:16:40.519594,https://www.google.com/search,chatgpt - Google Search,edge,Default,google.com,search,2026-01-14,17,Wednesday
2026-01-14 17:17:52.839533,https://chatgpt.com/c/6967cf7d-bc74-8324-a117-1a3efbe50132,Perfect Square Division,edge,Default,chatgpt.com,learning,2026-01-14,17,Wednesday
2026-01-18 16:23:57.875488,https://login.external.hp.com/idp/SSO.saml2,Continue with HP OneUID,edge,Default,hp.com,technology,2026-01-18,16,Sunday
2026-01-18 16:24:29.114855,https://authenticator.pingone.com/pingid/ppm/auth/response,,edge,Default,pingone.com,other,2026-01-18,16,Sunday
2026-01-18 16:24:31.984470,https://login.external.hp.com/idp/kEgDj/resumeSAML20/idp/SSO.ping,HP Network Detector,edge,Default,hp.com,technology,2026-01-18,16,Sunday
2026-01-18 16:24:33.272441,https://hpitprod.service-now.com/navpage.do,ServiceNow,edge,Default,service-now.com,professional,2026-01-18,16,Sunday
2026-01-18 16:25:07.241480,https://hpitprod.service-now.com/nav_to.do,Incidents | ServiceNow,edge,Default,service-now.com,professional,2026-01-18,16,Sunday
2026-01-19 03:52:25.324519,https://classify.zenclass.in/integration,Classify,edge,Default,zenclass.in,learning,2026-01-19,3,Monday
2026-01-19 03:52:25.767006,https://classify.zenclass.in/meet-dashboard-new,Classify,edge,Default,zenclass.in,learning,2026-01-19,3,Monday
2026-01-19 13:42:09.883728,https://www.google.com/search,gokulam hospital baskaran doctor salem - Google Search,edge,Default,google.com,search,2026-01-19,13,Monday
2026-01-19 13:43:14.858607,https://www.google.com/search,gokulam hospital baskaran doctor salem - Google Search,edge,Default,google.com,search,2026-01-19,13,Monday
2026-01-19 13:43:18.324634,https://www.google.com/search,gokulam hospital baskaran doctor salem - Google Search,edge,Default,google.com,search,2026-01-19,13,Monday
2026-01-19 13:43:21.136603,https://www.google.com/search,gokulam hospital baskaran doctor salem - Google Search,edge,Default,google.com,search,2026-01-19,13,Monday
2026-01-19 14:48:55.441694,https://www.canva.com/design/DAG-YrO6Hog/fw1Ly57fGwvVFk0pTjZmeA/edit,Brown Aesthetic Scrapbook Floral Happy Birthday Mobile Video,edge,Default,canva.com,design,2026-01-19,14,Monday
2026-01-19 14:49:04.963392,https://www.google.com/search,chatgpt - Google Search,edge,Default,google.com,search,2026-01-19,14,Monday
2026-01-19 14:50:01.430743,https://www.canva.com/create/,Create beautiful graphics with Canva,edge,Default,canva.com,design,2026-01-19,14,Monday
2026-01-19 14:50:03.406548,https://www.google.com/search,canva - Google Search,edge,Default,google.com,search,2026-01-19,14,Monday
2026-01-19 14:50:31.502317,https://www.canva.com/design,Canva – Creating,edge,Default,canva.com,design,2026-01-19,14,Monday
2026-01-19 14:55:02.787529,https://chatgpt.com/c/696e4560-b678-8322-a0f6-b3302c34e669,chatgpt.com,edge,Default,chatgpt.com,learning,2026-01-19,14,Monday
2026-01-19 15:30:17.590449,https://www.google.com/search,canva login - Google Search,edge,Default,google.com,search,2026-01-19,15,Monday
2026-01-19 15:33:33.890244,https://www.google.com/search,canva l - Google Search,edge,Default,google.com,search,2026-01-19,15,Monday
2026-01-19 15:33:43.995780,https://www.canva.com/design-school/,Design School - Learn design with Canva,edge,Default,canva.com,design,2026-01-19,15,Monday
2026-01-19 15:34:08.257124,https://www.canva.com/design-school/explore,"Explore certifications, courses & resources - Canva Design School",edge,Default,canva.com,design,2026-01-19,15,Monday
2026-01-19 15:34:40.384363,https://www.canva.com/design-school/explore,"Explore certifications, courses & resources - Canva Design School",edge,Default,canva.com,design,2026-01-19,15,Monday
2026-01-19 15:34:41.854017,https://www.canva.com/design-school/resources/ready-to-teach-lessons,Ready-to-teach lessons - Canva Design School,edge,Default,canva.com,design,2026-01-19,15,Monday
2026-01-19 15:34:52.399881,https://www.canva.com/design-school,Ready-to-teach lessons - Canva Design School,edge,Default,canva.com,design,2026-01-19,15,Monday
2026-01-19 15:35:18.863404,https://www.canva.com/design-school/courses,Courses - Canva Design School,edge,Default,canva.com,design,2026-01-19,15,Monday
2026-01-19 15:35:29.771700,https://www.canva.com/design-school/courses,Courses - Canva Design School,edge,Default,canva.com,design,2026-01-19,15,Monday
2026-01-19 15:35:50.446134,https://www.canva.com/design-school/courses/canva-design-skills-for-students/view/search-and-edit-elements/search-and-edit-elements-activity,Canva design skills for students,edge,Default,canva.com,design,2026-01-19,15,Monday
2026-01-19 15:38:04.074119,https://www.canva.com/design-school/courses/canva-design-skills-for-students/view/search-and-edit-elements/search-and-edit-elements,Canva design skills for students,edge,Default,canva.com,design,2026-01-19,15,Monday
2026-01-19 15:38:06.197213,https://www.canva.com/design-school/courses/canva-design-skills-for-students,Canva design skills for students- Canva Design School,edge,Default,canva.com,design,2026-01-19,15,Monday
2026-01-19 15:38:40.325216,https://www.canva.com/design-school/courses,Canva design skills for students- Canva Design School,edge,Default,canva.com,design,2026-01-19,15,Monday
2026-01-19 15:38:41.151113,https://www.canva.com/design-school/lessons,Courses - Canva Design School,edge,Default,canva.com,design,2026-01-19,15,Monday
2026-01-19 15:38:44.616587,https://www.canva.com/brand,Courses - Canva Design School,edge,Default,canva.com,design,2026-01-19,15,Monday
2026-01-19 15:38:45.275094,https://www.canva.com/brand/kAG9VqeJH6s,Brand Kit - All assets - Canva,edge,Default,canva.com,design,2026-01-19,15,Monday
2026-01-19 15:39:12.160676,https://www.google.com/search,canva - Google Search,edge,Default,google.com,search,2026-01-19,15,Monday
2026-01-19 15:39:27.251454,https://www.google.com/search,canva login free - Google Search,edge,Default,google.com,search,2026-01-19,15,Monday
2026-01-19 15:39:39.973215,https://www.google.com/search,canva login phone number - Google Search,edge,Default,google.com,search,2026-01-19,15,Monday
2026-01-19 15:39:47.220160,https://www.canva.com/en_gb/help/log-in-sign-up-canva-mobile-number-india/,Log in or sign up with your mobile number in India - Canva Help Centre,edge,Default,canva.com,design,2026-01-19,15,Monday
2026-01-19 15:40:00.886132,https://www.canva.com/login/switch-user,Log into your Canva account,edge,Default,canva.com,design,2026-01-19,15,Monday
2026-01-19 17:25:36.599037,https://chatgpt.com/c/696e4612-3248-8324-b0e5-0a0d9d3c7ec4,Phonetic Letters for Kids,edge,Default,chatgpt.com,learning,2026-01-19,17,Monday
2026-01-19 17:26:49.280464,https://chatgpt.com/c/696e6946-b630-8322-9bef-18f6fc4a18da,Pre-Phonics Workbook Kids,edge,Default,chatgpt.com,learning,2026-01-19,17,Monday
2026-01-19 17:49:34.112845,https://chatgpt.com/c/696e6d8a-16c0-8324-9572-3be081bb72bb,Phonics Class for Kids,edge,Default,chatgpt.com,learning,2026-01-19,17,Monday
2026-01-19 18:48:32.297344,https://www.sololearn.com/en/terms_conditions,,edge,Default,sololearn.com,other,2026-01-19,18,Monday
2026-01-19 18:48:33.061957,https://www.google.com/search,sri gokulam hospital salem doctors list - Google Search,edge,Default,google.com,search,2026-01-19,18,Monday
2026-01-19 18:48:35.065335,https://www.sololearn.com/en/privacy_policy,,edge,Default,sololearn.com,other,2026-01-19,18,Monday
2026-01-20 03:30:17.682663,https://classify.zenclass.in/integration,Classify,edge,Default,zenclass.in,learning,2026-01-20,3,Tuesday
2026-01-20 05:15:22.600392,https://classify.zenclass.in/integration,Classify,edge,Default,zenclass.in,learning,2026-01-20,5,Tuesday
2026-01-20 05:15:22.951453,https://classify.zenclass.in/meet-dashboard-new,Classify,edge,Default,zenclass.in,learning,2026-01-20,5,Tuesday
2026-01-20 06:02:36.747065,https://www.google.com/search,whatsapp web - Google Search,edge,Default,google.com,search,2026-01-20,6,Tuesday
2026-01-20 06:09:46.606587,https://v2.zenclass.in/class/720efbd7-80fc-4615-9b91-35b362f5e8d8,GUVI,edge,Default,zenclass.in,learning,2026-01-20,6,Tuesday
2026-01-20 06:49:07.296437,https://chatgpt.com/c/696f2561-061c-8322-887f-d22e37e7b580,Duplicate Check Completed,edge,Default,chatgpt.com,learning,2026-01-20,6,Tuesday
2026-01-20 06:50:09.349010,https://chatgpt.com/c/69671edc-713c-8320-8bdf-f662f5950e4a,EcoType ML Project Plan,edge,Default,chatgpt.com,learning,2026-01-20,6,Tuesday
2026-01-20 06:50:26.781143,https://pay.openai.com/c/pay/cs_live_a1YgPfs7VcVdtFnxBHhuuMiCKcwz3NSudkuzLarPIHrSMeP2wCHOknZbAH#fidnandhYHdWcXxpYCc%2FJ2FgY2RwaXEnKSdpamZkaWAnPydgaycpJ3ZwZ3Zmd2x1cWxqa1BrbHRwYGtgdnZAa2RnaWBhJz9jZGl2YCknZHVsTmB8Jz8ndW5aaWxzYFowNE1Kd1ZyRjNtNGt9QmpMNmlRRGJXb1xTd38xYVA2Y1NKZGd8RmZOVzZ1Z0BPYnBGU0RpdEZ9YX1GUHNqV200XVJyV2RmU2xqc1A2bklOc3Vub20yTHRuUjU1bF1Udm9qNmsnKSdjd2poVmB3c2B3Jz9xd3BgKSdnZGZuYndqcGthRmppancnPycmY2NjY2NjJyknaWR8anBxUXx1YCc%2FJ3Zsa2JpYFpscWBoJyknYGtkZ2lgVWlkZmBtamlhYHd2Jz9xd3BgeCUl,"OpenAI OpCo, LLC",edge,Default,openai.com,other,2026-01-20,6,Tuesday
2026-01-20 06:53:00.196632,https://chatgpt.com/payments/success,ChatGPT,edge,Default,chatgpt.com,learning,2026-01-20,6,Tuesday
2026-01-20 07:23:47.137855,https://docs.google.com/document/d/1HkI8iCkY9TDVwL8gU4PwpdcAPz05vo5rp_GbbN3rAAs/edit,EcoType: Forest Cover Classification - Google Docs,edge,Default,google.com,search,2026-01-20,7,Tuesday
2026-01-20 07:23:47.644308,https://docs.google.com/document/d/1HkI8iCkY9TDVwL8gU4PwpdcAPz05vo5rp_GbbN3rAAs/edit,EcoType: Forest Cover Classification - Google Docs,edge,Default,google.com,search,2026-01-20,7,Tuesday
2026-01-20 07:23:48.080648,https://docs.google.com/document/d/1HkI8iCkY9TDVwL8gU4PwpdcAPz05vo5rp_GbbN3rAAs/edit,EcoType: Forest Cover Classification - Google Docs,edge,Default,google.com,search,2026-01-20,7,Tuesday
2026-01-20 07:23:52.591822,https://docs.google.com/document/d/1HkI8iCkY9TDVwL8gU4PwpdcAPz05vo5rp_GbbN3rAAs/edit,EcoType: Forest Cover Classification - Google Docs,edge,Default,google.com,search,2026-01-20,7,Tuesday
2026-01-20 07:57:34.649537,https://www.google.com/search,visual studio code - Google Search,edge,Default,google.com,search,2026-01-20,7,Tuesday
2026-01-20 07:57:37.748225,https://code.visualstudio.com/,Visual Studio Code - The open source AI code editor,edge,Default,visualstudio.com,other,2026-01-20,7,Tuesday
2026-01-20 07:57:41.306942,https://code.visualstudio.com/Download,"Download Visual Studio Code - Mac, Linux, Windows",edge,Default,visualstudio.com,other,2026-01-20,7,Tuesday
2026-01-20 07:57:43.172296,https://code.visualstudio.com/docs/,Documentation for Visual Studio Code,edge,Default,visualstudio.com,other,2026-01-20,7,Tuesday
2026-01-20 16:04:00.081322,https://github.com/Subasangkarisaravanan/Data_Science_Projects/new/main/EcoType_Forest_Cover/src,New File at EcoType_Forest_Cover/src · Subasangkarisaravanan/Data_Science_Projects,edge,Default,github.com,learning,2026-01-20,16,Tuesday
2026-01-20 16:05:08.081092,https://github.com/Subasangkarisaravanan/Data_Science_Projects/tree/delete/main/EcoType_Forest_Cover/src,Deleting Subasangkarisaravanan/Data_Science_Projects at main,edge,Default,github.com,learning,2026-01-20,16,Tuesday
2026-01-20 16:06:54.506619,https://github.com/Subasangkarisaravanan/Data_Science_Projects/tree/main/EcoType_Forest_Cover/src,Data_Science_Projects/EcoType_Forest_Cover/src at main · Subasangkarisaravanan/Data_Science_Projects,edge,Default,github.com,learning,2026-01-20,16,Tuesday
2026-01-20 16:07:00.444519,https://github.com/Subasangkarisaravanan/Data_Science_Projects/upload/main/EcoType_Forest_Cover/src,Upload files · Subasangkarisaravanan/Data_Science_Projects,edge,Default,github.com,learning,2026-01-20,16,Tuesday
2026-01-20 16:15:00.876421,https://www.google.com/search,how can upload a folder in github - Google Search,edge,Default,google.com,search,2026-01-20,16,Tuesday
2026-01-20 16:21:47.047800,https://www.google.com/search,I have my project folder in local how to push the same in github - Google Search,edge,Default,google.com,search,2026-01-20,16,Tuesday
2026-01-20 16:22:41.759534,https://www.google.com/search,I have my project folder in local how to push the same in github inside a folder in my github repository - Google Search,edge,Default,google.com,search,2026-01-20,16,Tuesday
2026-01-20 16:26:14.288268,https://github.com/Subasangkarisaravanan,Your Repositories,edge,Default,github.com,learning,2026-01-20,16,Tuesday
2026-01-20 16:36:01.441116,https://chatgpt.com/c/69671edc-713c-8320-8bdf-f662f5950e4a,EcoType ML Project Plan,edge,Default,chatgpt.com,learning,2026-01-20,16,Tuesday
2026-01-20 16:38:53.703726,https://github.com/Subasangkarisaravanan/Data_Science_Projects/tree/delete/main/EcoType_Forest_Cover,Deleting Subasangkarisaravanan/Data_Science_Projects at main,edge,Default,github.com,learning,2026-01-20,16,Tuesday
2026-01-20 17:00:51.949804,https://github.com/Subasangkarisaravanan/Data_Science_Projects/tree/main/Nutrition,Data_Science_Projects/Nutrition at main · Subasangkarisaravanan/Data_Science_Projects,edge,Default,github.com,learning,2026-01-20,17,Tuesday
2026-01-20 17:00:55.727741,https://github.com/Subasangkarisaravanan/Data_Science_Projects/tree/delete/main/Nutrition,Deleting Subasangkarisaravanan/Data_Science_Projects at main,edge,Default,github.com,learning,2026-01-20,17,Tuesday
2026-01-20 17:11:37.811204,https://github.com/newren/git-filter-repo,newren/git-filter-repo: Quickly rewrite git repository history (filter-branch replacement),edge,Default,github.com,learning,2026-01-20,17,Tuesday
2026-01-20 17:12:45.875832,https://github.com/newren/git-filter-repo/blob/main/git_filter_repo.py,git-filter-repo/git_filter_repo.py at main · newren/git-filter-repo,edge,Default,github.com,learning,2026-01-20,17,Tuesday
2026-01-20 17:27:53.601713,https://github.com/Subasangkarisaravanan/Data_Science_Projects/tree/main/EcoType_Forest_Cover/models,Data_Science_Projects/EcoType_Forest_Cover/models at main · Subasangkarisaravanan/Data_Science_Projects,edge,Default,github.com,learning,2026-01-20,17,Tuesday
2026-01-20 17:27:57.081571,https://github.com/Subasangkarisaravanan/Data_Science_Projects/upload/main/EcoType_Forest_Cover/models,Upload files · Subasangkarisaravanan/Data_Science_Projects,edge,Default,github.com,learning,2026-01-20,17,Tuesday
2026-01-20 17:38:02.365194,https://github.com/Subasangkarisaravanan/Data_Science_Projects/upload/main/EcoType_Forest_Cover/data,Upload files · Subasangkarisaravanan/Data_Science_Projects,edge,Default,github.com,learning,2026-01-20,17,Tuesday
2026-01-20 17:38:23.095777,https://github.com/Subasangkarisaravanan/Data_Science_Projects/tree/main/EcoType_Forest_Cover/data,Data_Science_Projects/EcoType_Forest_Cover/data at main · Subasangkarisaravanan/Data_Science_Projects,edge,Default,github.com,learning,2026-01-20,17,Tuesday
2026-01-20 17:40:43.235632,https://github.com/Subasangkarisaravanan/Data_Science_Projects/tree/main/Nutition,Data_Science_Projects/Nutition at main · Subasangkarisaravanan/Data_Science_Projects,edge,Default,github.com,learning,2026-01-20,17,Tuesday
2026-01-20 17:40:53.392085,https://github.com/Subasangkarisaravanan/Data_Science_Projects/tree/delete/main/Nutition,Deleting Subasangkarisaravanan/Data_Science_Projects at main,edge,Default,github.com,learning,2026-01-20,17,Tuesday
2026-01-20 17:41:28.383869,https://github.com/Subasangkarisaravanan/Data_Science_Projects/tree/main/Harvards_Artifacts_Collection/harvard_objects_scripts,Data_Science_Projects/Harvards_Artifacts_Collection/harvard_objects_scripts at main · Subasangkarisaravanan/Data_Science_Projects,edge,Default,github.com,learning,2026-01-20,17,Tuesday
2026-01-20 17:42:30.850276,https://github.com/Subasangkarisaravanan/Data_Science_Projects/tree/main/Harvard_Artifact_Collection,Data_Science_Projects/Harvard_Artifact_Collection at main · Subasangkarisaravanan/Data_Science_Projects,edge,Default,github.com,learning,2026-01-20,17,Tuesday
2026-01-20 17:42:34.059633,https://github.com/Subasangkarisaravanan/Data_Science_Projects/tree/delete/main/Harvard_Artifact_Collection,Deleting Subasangkarisaravanan/Data_Science_Projects at main,edge,Default,github.com,learning,2026-01-20,17,Tuesday
2026-01-20 17:42:39.554426,https://github.com/Subasangkarisaravanan/Data_Science_Projects/tree/main/Harvards_Artifacts_Collection,Data_Science_Projects/Harvards_Artifacts_Collection at main · Subasangkarisaravanan/Data_Science_Projects,edge,Default,github.com,learning,2026-01-20,17,Tuesday
2026-01-20 17:42:42.523459,https://github.com/Subasangkarisaravanan/Data_Science_Projects/tree/delete/main/Harvards_Artifacts_Collection,Deleting Subasangkarisaravanan/Data_Science_Projects at main,edge,Default,github.com,learning,2026-01-20,17,Tuesday
2026-01-20 17:44:57.615716,https://github.com/Subasangkarisaravanan,Subasangkarisaravanan,edge,Default,github.com,learning,2026-01-20,17,Tuesday
2026-01-20 17:47:49.760513,https://docs.google.com/document/d/1fobenBvneIxtiWUTeWcFROxLQlC6xQmV7iKKpQs_3OM/edit,Nutrition Paradox: A Global View on Obesity and Malnutrition - Google Docs,edge,Default,google.com,search,2026-01-20,17,Tuesday
2026-01-20 17:47:50.135735,https://docs.google.com/document/d/1fobenBvneIxtiWUTeWcFROxLQlC6xQmV7iKKpQs_3OM/edit,Nutrition Paradox: A Global View on Obesity and Malnutrition - Google Docs,edge,Default,google.com,search,2026-01-20,17,Tuesday
2026-01-20 17:48:15.695066,https://docs.google.com/document/d/1NeZV-bGiF8lCgh6ZuvPRfri492K1J9_yKHFM7NmP3Vk/edit,Harvard’s Artifacts Collection - Google Docs,edge,Default,google.com,search,2026-01-20,17,Tuesday
2026-01-20 17:48:16.033268,https://docs.google.com/document/d/1NeZV-bGiF8lCgh6ZuvPRfri492K1J9_yKHFM7NmP3Vk/edit,Harvard’s Artifacts Collection - Google Docs,edge,Default,google.com,search,2026-01-20,17,Tuesday
2026-01-20 17:49:36.157325,https://chatgpt.com/g/g-p-696fc0293e888191a50252b828c78080/project,ChatGPT - data science,edge,Default,chatgpt.com,learning,2026-01-20,17,Tuesday
2026-01-20 17:51:16.842134,https://chatgpt.com/g/g-p-696fc0293e888191a50252b828c78080-data-science/c/696fc03b-3e44-8322-aa0a-9ec60499b9c9,ChatGPT - data science,edge,Default,chatgpt.com,learning,2026-01-20,17,Tuesday
2026-01-21 03:30:36.311657,https://classify.zenclass.in/integration,Classify,edge,Default,zenclass.in,learning,2026-01-21,3,Wednesday
2026-01-21 03:30:36.501091,https://www.flipkart.com/kuber-industries-61-l-beige-laundry-basket/p/itm725b6c2db219d,KUBER INDUSTRIES 61 L Beige Laundry Basket - Buy KUBER INDUSTRIES 61 L Beige Laundry Basket Online at Best Price in India | Flipkart.com,edge,Default,flipkart.com,shopping,2026-01-21,3,Wednesday
2026-01-21 03:30:37.805346,https://classify.zenclass.in/meet-dashboard-new,Classify,edge,Default,zenclass.in,learning,2026-01-21,3,Wednesday
2026-01-21 06:35:23.250769,https://hpitprod.service-now.com/$m.do#/list/incident,,edge,Default,service-now.com,professional,2026-01-21,6,Wednesday
2026-01-21 06:35:24.236520,https://hpitprod.service-now.com/$m.do#/login,HP NOW - Log In,edge,Default,service-now.com,professional,2026-01-21,6,Wednesday
2026-01-21 06:35:27.598493,https://login.external.hp.com/idp/SSO.saml2,Continue with HP OneUID,edge,Default,hp.com,technology,2026-01-21,6,Wednesday
2026-01-21 06:35:41.184123,https://login.external.hp.com/idp/tCovu/resumeSAML20/idp/SSO.ping,HP Network Detector,edge,Default,hp.com,technology,2026-01-21,6,Wednesday
2026-01-21 06:35:42.791319,https://authenticator.pingone.com/pingid/ppm/auth,,edge,Default,pingone.com,other,2026-01-21,6,Wednesday
2026-01-21 07:39:43.221060,https://www.google.com/search,google colab - Google Search,edge,Default,google.com,search,2026-01-21,7,Wednesday
2026-01-21 07:40:00.832294,https://colab.research.google.com/drive/16bhUM8WVsh9Cu8FUN3FD9lJOiyPV8EkD#updateTitle=true&folderId=1L-fwxUGSDZBpuwx1P8mKstC_C_aeWPJt,Untitled - Colab,edge,Default,google.com,search,2026-01-21,7,Wednesday
2026-01-21 07:41:54.403607,https://drive.google.com/file/d/1UzSSMGF9iqSb8YnSRXMt02v3uf9ZUOf6/view,cover_type (1).csv - Google Drive,edge,Default,google.com,search,2026-01-21,7,Wednesday
2026-01-21 07:42:01.299904,https://drive.google.com/file/d/1UzSSMGF9iqSb8YnSRXMt02v3uf9ZUOf6/view,cover_type (1).csv - Google Drive,edge,Default,google.com,search,2026-01-21,7,Wednesday
2026-01-21 07:45:52.112915,https://chatgpt.com/g/g-p-6970842831b88191b67899f1483d28a9/project,ChatGPT - ecotype,edge,Default,chatgpt.com,learning,2026-01-21,7,Wednesday
2026-01-21 08:02:49.100287,https://colab.research.google.com/drive/16bhUM8WVsh9Cu8FUN3FD9lJOiyPV8EkD#scrollTo=8FpvbLs6k9_r,EcoType.ipynb - Colab,edge,Default,google.com,search,2026-01-21,8,Wednesday
2026-01-21 08:04:30.466076,https://colab.research.google.com/drive/16bhUM8WVsh9Cu8FUN3FD9lJOiyPV8EkD#scrollTo=82Wf7a6clWwv,EcoType.ipynb - Colab,edge,Default,google.com,search,2026-01-21,8,Wednesday
2026-01-21 08:05:00.682902,https://colab.research.google.com/drive/16bhUM8WVsh9Cu8FUN3FD9lJOiyPV8EkD#scrollTo=f5LiXaZoleI1,EcoType.ipynb - Colab,edge,Default,google.com,search,2026-01-21,8,Wednesday
2026-01-21 08:05:07.275017,https://colab.research.google.com/drive/16bhUM8WVsh9Cu8FUN3FD9lJOiyPV8EkD#scrollTo=IZMfw56ClasC,EcoType.ipynb - Colab,edge,Default,google.com,search,2026-01-21,8,Wednesday
2026-01-21 08:05:52.051304,https://colab.research.google.com/drive/16bhUM8WVsh9Cu8FUN3FD9lJOiyPV8EkD#scrollTo=bvCmS1nflqqr,EcoType.ipynb - Colab,edge,Default,google.com,search,2026-01-21,8,Wednesday
2026-01-21 08:07:04.800274,https://colab.research.google.com/drive/16bhUM8WVsh9Cu8FUN3FD9lJOiyPV8EkD#scrollTo=W1YgeXUHl8bH,EcoType.ipynb - Colab,edge,Default,google.com,search,2026-01-21,8,Wednesday
2026-01-21 08:26:49.134255,https://colab.research.google.com/drive/16bhUM8WVsh9Cu8FUN3FD9lJOiyPV8EkD#scrollTo=kz9uXTeIj1dc,EcoType.ipynb - Colab,edge,Default,google.com,search,2026-01-21,8,Wednesday
2026-01-21 08:27:10.146442,https://colab.research.google.com/drive/16bhUM8WVsh9Cu8FUN3FD9lJOiyPV8EkD#scrollTo=relndd4slinj,EcoType.ipynb - Colab,edge,Default,google.com,search,2026-01-21,8,Wednesday
2026-01-21 08:27:18.250360,https://colab.research.google.com/drive/16bhUM8WVsh9Cu8FUN3FD9lJOiyPV8EkD#scrollTo=CFmzKsMCkiJd,EcoType.ipynb - Colab,edge,Default,google.com,search,2026-01-21,8,Wednesday
2026-01-21 08:59:28.235845,https://colab.research.google.com/drive/16bhUM8WVsh9Cu8FUN3FD9lJOiyPV8EkD#scrollTo=edj3C5Xpx73k,EcoType.ipynb - Colab,edge,Default,google.com,search,2026-01-21,8,Wednesday
2026-01-21 09:01:18.227350,https://colab.research.google.com/drive/16bhUM8WVsh9Cu8FUN3FD9lJOiyPV8EkD#scrollTo=1CdhodfjlvuG,EcoType.ipynb - Colab,edge,Default,google.com,search,2026-01-21,9,Wednesday
2026-01-21 09:06:25.067216,https://accounts.google.com/v3/signin/accountchooser,Sign in - Google Accounts,edge,Default,google.com,search,2026-01-21,9,Wednesday
2026-01-21 09:06:28.597188,https://colab.research.google.com/tun/m/authorize-for-drive-credentials,,edge,Default,google.com,search,2026-01-21,9,Wednesday
2026-01-21 09:08:41.196334,https://colab.research.google.com/drive/16bhUM8WVsh9Cu8FUN3FD9lJOiyPV8EkD#scrollTo=GaV5nuzp0C4h,EcoType.ipynb - Colab,edge,Default,google.com,search,2026-01-21,9,Wednesday
2026-01-21 09:08:56.018629,https://colab.research.google.com/drive/16bhUM8WVsh9Cu8FUN3FD9lJOiyPV8EkD#scrollTo=IpQh4mwS0GgL,EcoType.ipynb - Colab,edge,Default,google.com,search,2026-01-21,9,Wednesday
2026-01-21 09:09:09.559228,https://colab.research.google.com/drive/16bhUM8WVsh9Cu8FUN3FD9lJOiyPV8EkD#scrollTo=XQ5pxeX1y3dB,EcoType.ipynb - Colab,edge,Default,google.com,search,2026-01-21,9,Wednesday
2026-01-21 09:10:58.466530,https://colab.research.google.com/drive/16bhUM8WVsh9Cu8FUN3FD9lJOiyPV8EkD#scrollTo=QzfC9_Yzz4FX,EcoType.ipynb - Colab,edge,Default,google.com,search,2026-01-21,9,Wednesday
2026-01-21 09:11:03.057960,https://colab.research.google.com/drive/16bhUM8WVsh9Cu8FUN3FD9lJOiyPV8EkD#scrollTo=XqY-2SmPzdqj,EcoType.ipynb - Colab,edge,Default,google.com,search,2026-01-21,9,Wednesday
2026-01-21 09:11:05.287379,https://colab.research.google.com/drive/16bhUM8WVsh9Cu8FUN3FD9lJOiyPV8EkD#scrollTo=JnJdysj2l2Qi,EcoType.ipynb - Colab,edge,Default,google.com,search,2026-01-21,9,Wednesday
2026-01-21 09:11:29.944882,https://colab.research.google.com/drive/16bhUM8WVsh9Cu8FUN3FD9lJOiyPV8EkD#scrollTo=V8Vhj0-B0sFj,EcoType.ipynb - Colab,edge,Default,google.com,search,2026-01-21,9,Wednesday
2026-01-21 09:11:57.131496,https://colab.research.google.com/drive/16bhUM8WVsh9Cu8FUN3FD9lJOiyPV8EkD#scrollTo=MoBTyk370yt1,EcoType.ipynb - Colab,edge,Default,google.com,search,2026-01-21,9,Wednesday
2026-01-21 09:13:42.326046,https://colab.research.google.com/drive/16bhUM8WVsh9Cu8FUN3FD9lJOiyPV8EkD#scrollTo=EdtTfqUo1MZv,EcoType.ipynb - Colab,edge,Default,google.com,search,2026-01-21,9,Wednesday
2026-01-21 09:13:53.556086,https://colab.research.google.com/drive/16bhUM8WVsh9Cu8FUN3FD9lJOiyPV8EkD#scrollTo=HDejfkCn1PIy,EcoType.ipynb - Colab,edge,Default,google.com,search,2026-01-21,9,Wednesday
2026-01-21 09:14:03.015294,https://colab.research.google.com/drive/16bhUM8WVsh9Cu8FUN3FD9lJOiyPV8EkD#scrollTo=gOae2yc31Rc5,EcoType.ipynb - Colab,edge,Default,google.com,search,2026-01-21,9,Wednesday
2026-01-21 09:14:15.412034,https://colab.research.google.com/drive/16bhUM8WVsh9Cu8FUN3FD9lJOiyPV8EkD#scrollTo=Z32t2l9T1Uek,EcoType.ipynb - Colab,edge,Default,google.com,search,2026-01-21,9,Wednesday
2026-01-21 09:14:25.969788,https://colab.research.google.com/drive/16bhUM8WVsh9Cu8FUN3FD9lJOiyPV8EkD#scrollTo=Xt1Ixsut1XDf,EcoType.ipynb - Colab,edge,Default,google.com,search,2026-01-21,9,Wednesday
2026-01-21 09:14:36.382157,https://colab.research.google.com/drive/16bhUM8WVsh9Cu8FUN3FD9lJOiyPV8EkD#scrollTo=QIys5VXi1Zmd,EcoType.ipynb - Colab,edge,Default,google.com,search,2026-01-21,9,Wednesday
2026-01-21 09:14:57.022338,https://colab.research.google.com/drive/16bhUM8WVsh9Cu8FUN3FD9lJOiyPV8EkD#scrollTo=zUQoYTDB1eox,EcoType.ipynb - Colab,edge,Default,google.com,search,2026-01-21,9,Wednesday
2026-01-21 09:15:21.603241,https://colab.research.google.com/drive/16bhUM8WVsh9Cu8FUN3FD9lJOiyPV8EkD#scrollTo=cLhJFA7Q1kpH,EcoType.ipynb - Colab,edge,Default,google.com,search,2026-01-21,9,Wednesday
2026-01-21 09:16:17.040751,https://colab.research.google.com/drive/16bhUM8WVsh9Cu8FUN3FD9lJOiyPV8EkD#scrollTo=uUexbU6z1hNR,EcoType.ipynb - Colab,edge,Default,google.com,search,2026-01-21,9,Wednesday
2026-01-21 09:20:39.973077,https://colab.research.google.com/drive/16bhUM8WVsh9Cu8FUN3FD9lJOiyPV8EkD#scrollTo=WEt03mbN2yXo,EcoType.ipynb - Colab,edge,Default,google.com,search,2026-01-21,9,Wednesday
2026-01-21 09:20:58.227359,https://colab.research.google.com/drive/16bhUM8WVsh9Cu8FUN3FD9lJOiyPV8EkD#scrollTo=5L6bLcVY220k,EcoType.ipynb - Colab,edge,Default,google.com,search,2026-01-21,9,Wednesday
2026-01-21 09:21:50.176472,https://colab.research.google.com/drive/16bhUM8WVsh9Cu8FUN3FD9lJOiyPV8EkD#scrollTo=N5JiUTQM3Dgd,EcoType.ipynb - Colab,edge,Default,google.com,search,2026-01-21,9,Wednesday
2026-01-21 09:22:07.086861,https://colab.research.google.com/drive/16bhUM8WVsh9Cu8FUN3FD9lJOiyPV8EkD#scrollTo=m9bLCjMc3Hoa,EcoType.ipynb - Colab,edge,Default,google.com,search,2026-01-21,9,Wednesday
2026-01-21 09:22:29.932939,https://colab.research.google.com/drive/16bhUM8WVsh9Cu8FUN3FD9lJOiyPV8EkD#scrollTo=SHzD4RRT3NNa,EcoType.ipynb - Colab,edge,Default,google.com,search,2026-01-21,9,Wednesday
2026-01-21 09:22:49.692040,https://colab.research.google.com/drive/16bhUM8WVsh9Cu8FUN3FD9lJOiyPV8EkD#scrollTo=yDWJlPFE3SCM,EcoType.ipynb - Colab,edge,Default,google.com,search,2026-01-21,9,Wednesday
2026-01-21 09:23:02.207973,https://colab.research.google.com/drive/16bhUM8WVsh9Cu8FUN3FD9lJOiyPV8EkD#scrollTo=4M-YeKjS3VFz,EcoType.ipynb - Colab,edge,Default,google.com,search,2026-01-21,9,Wednesday
2026-01-21 09:23:15.877285,https://colab.research.google.com/drive/16bhUM8WVsh9Cu8FUN3FD9lJOiyPV8EkD#scrollTo=Kam7-Iwu3Ybs,EcoType.ipynb - Colab,edge,Default,google.com,search,2026-01-21,9,Wednesday
2026-01-21 09:23:32.925423,https://colab.research.google.com/drive/16bhUM8WVsh9Cu8FUN3FD9lJOiyPV8EkD#scrollTo=5y1paPqf3clu,EcoType.ipynb - Colab,edge,Default,google.com,search,2026-01-21,9,Wednesday
2026-01-21 09:23:51.234365,https://colab.research.google.com/drive/16bhUM8WVsh9Cu8FUN3FD9lJOiyPV8EkD#scrollTo=gmDzJtva3hDw,EcoType.ipynb - Colab,edge,Default,google.com,search,2026-01-21,9,Wednesday
2026-01-21 09:24:24.762047,https://colab.research.google.com/drive/16bhUM8WVsh9Cu8FUN3FD9lJOiyPV8EkD#scrollTo=z0zGWOJy3pPv,EcoType.ipynb - Colab,edge,Default,google.com,search,2026-01-21,9,Wednesday
2026-01-21 09:25:47.317203,https://colab.research.google.com/drive/16bhUM8WVsh9Cu8FUN3FD9lJOiyPV8EkD#scrollTo=VSdExi7-39Zv,EcoType.ipynb - Colab,edge,Default,google.com,search,2026-01-21,9,Wednesday
2026-01-21 09:26:48.703131,https://colab.research.google.com/drive/16bhUM8WVsh9Cu8FUN3FD9lJOiyPV8EkD#scrollTo=7pIO_Sir4MYg,EcoType.ipynb - Colab,edge,Default,google.com,search,2026-01-21,9,Wednesday
2026-01-21 09:27:04.954758,https://colab.research.google.com/drive/16bhUM8WVsh9Cu8FUN3FD9lJOiyPV8EkD#scrollTo=lXLc7_8C4QWB,EcoType.ipynb - Colab,edge,Default,google.com,search,2026-01-21,9,Wednesday
2026-01-21 09:27:25.119341,https://colab.research.google.com/drive/16bhUM8WVsh9Cu8FUN3FD9lJOiyPV8EkD#scrollTo=8vPlCY1v4VR3,EcoType.ipynb - Colab,edge,Default,google.com,search,2026-01-21,9,Wednesday
2026-01-21 09:27:39.819671,https://colab.research.google.com/drive/16bhUM8WVsh9Cu8FUN3FD9lJOiyPV8EkD#scrollTo=Cty3iHUd3sB3,EcoType.ipynb - Colab,edge,Default,google.com,search,2026-01-21,9,Wednesday
2026-01-21 09:28:24.699001,https://colab.research.google.com/drive/16bhUM8WVsh9Cu8FUN3FD9lJOiyPV8EkD#scrollTo=bENbQjZ_4j0i,EcoType.ipynb - Colab,edge,Default,google.com,search,2026-01-21,9,Wednesday
2026-01-21 09:28:44.538765,https://colab.research.google.com/drive/16bhUM8WVsh9Cu8FUN3FD9lJOiyPV8EkD#scrollTo=XO0SooS54oqg,EcoType.ipynb - Colab,edge,Default,google.com,search,2026-01-21,9,Wednesday
2026-01-21 09:39:57.749325,https://colab.research.google.com/drive/16bhUM8WVsh9Cu8FUN3FD9lJOiyPV8EkD#scrollTo=req1fxVq7NBZ,EcoType.ipynb - Colab,edge,Default,google.com,search,2026-01-21,9,Wednesday
2026-01-21 09:40:15.789772,https://colab.research.google.com/drive/16bhUM8WVsh9Cu8FUN3FD9lJOiyPV8EkD#scrollTo=FiDUT6ks7Rbq,EcoType.ipynb - Colab,edge,Default,google.com,search,2026-01-21,9,Wednesday
2026-01-21 09:47:00.699672,https://colab.research.google.com/drive/16bhUM8WVsh9Cu8FUN3FD9lJOiyPV8EkD#scrollTo=GwfyPybe7o8-,EcoType.ipynb - Colab,edge,Default,google.com,search,2026-01-21,9,Wednesday
2026-01-21 09:47:02.732824,https://colab.research.google.com/drive/16bhUM8WVsh9Cu8FUN3FD9lJOiyPV8EkD#scrollTo=W-0A-a9x7sh_,EcoType.ipynb - Colab,edge,Default,google.com,search,2026-01-21,9,Wednesday
2026-01-21 09:47:06.507210,https://colab.research.google.com/drive/16bhUM8WVsh9Cu8FUN3FD9lJOiyPV8EkD#scrollTo=dLor23GW7wNW,EcoType.ipynb - Colab,edge,Default,google.com,search,2026-01-21,9,Wednesday
2026-01-21 09:47:07.924883,https://colab.research.google.com/drive/16bhUM8WVsh9Cu8FUN3FD9lJOiyPV8EkD#scrollTo=Tsv29uKY7zKG,EcoType.ipynb - Colab,edge,Default,google.com,search,2026-01-21,9,Wednesday
2026-01-21 09:47:08.758572,https://colab.research.google.com/drive/16bhUM8WVsh9Cu8FUN3FD9lJOiyPV8EkD#scrollTo=Ulh9ph-i74Ti,EcoType.ipynb - Colab,edge,Default,google.com,search,2026-01-21,9,Wednesday
2026-01-21 09:47:47.184190,https://colab.research.google.com/drive/16bhUM8WVsh9Cu8FUN3FD9lJOiyPV8EkD#scrollTo=l8cHNqpL7WXN,EcoType.ipynb - Colab,edge,Default,google.com,search,2026-01-21,9,Wednesday
2026-01-21 09:48:05.467032,https://colab.research.google.com/drive/16bhUM8WVsh9Cu8FUN3FD9lJOiyPV8EkD#scrollTo=bTeBYUK17bEE,EcoType.ipynb - Colab,edge,Default,google.com,search,2026-01-21,9,Wednesday
2026-01-21 09:48:07.842480,https://colab.research.google.com/drive/16bhUM8WVsh9Cu8FUN3FD9lJOiyPV8EkD#scrollTo=UJ5DVOkE7gbu,EcoType.ipynb - Colab,edge,Default,google.com,search,2026-01-21,9,Wednesday
2026-01-21 09:48:10.107441,https://colab.research.google.com/drive/16bhUM8WVsh9Cu8FUN3FD9lJOiyPV8EkD#scrollTo=fGM55Bck7mRS,EcoType.ipynb - Colab,edge,Default,google.com,search,2026-01-21,9,Wednesday
2026-01-21 09:48:21.371366,https://colab.research.google.com/drive/16bhUM8WVsh9Cu8FUN3FD9lJOiyPV8EkD#scrollTo=UTQYMFml9H-z,EcoType.ipynb - Colab,edge,Default,google.com,search,2026-01-21,9,Wednesday
2026-01-21 09:48:31.933684,https://colab.research.google.com/drive/16bhUM8WVsh9Cu8FUN3FD9lJOiyPV8EkD#scrollTo=9II1WTvQ9Kjt,EcoType.ipynb - Colab,edge,Default,google.com,search,2026-01-21,9,Wednesday
2026-01-21 09:49:34.342962,https://colab.research.google.com/drive/16bhUM8WVsh9Cu8FUN3FD9lJOiyPV8EkD#scrollTo=eKy6jNw_9Zyl,EcoType.ipynb - Colab,edge,Default,google.com,search,2026-01-21,9,Wednesday
2026-01-21 09:49:46.698096,https://colab.research.google.com/drive/16bhUM8WVsh9Cu8FUN3FD9lJOiyPV8EkD#scrollTo=AcGv64Rn9c0H,EcoType.ipynb - Colab,edge,Default,google.com,search,2026-01-21,9,Wednesday
2026-01-21 09:49:58.166398,https://colab.research.google.com/drive/16bhUM8WVsh9Cu8FUN3FD9lJOiyPV8EkD#scrollTo=yOyY1goG9fmV,EcoType.ipynb - Colab,edge,Default,google.com,search,2026-01-21,9,Wednesday
2026-01-21 09:50:11.456023,https://colab.research.google.com/drive/16bhUM8WVsh9Cu8FUN3FD9lJOiyPV8EkD#scrollTo=FfzQ-X3b9i2w,EcoType.ipynb - Colab,edge,Default,google.com,search,2026-01-21,9,Wednesday
2026-01-21 09:50:21.768571,https://colab.research.google.com/drive/16bhUM8WVsh9Cu8FUN3FD9lJOiyPV8EkD#scrollTo=QkOSAgHL9Nvy,EcoType.ipynb - Colab,edge,Default,google.com,search,2026-01-21,9,Wednesday
2026-01-21 09:50:58.869684,https://colab.research.google.com/drive/16bhUM8WVsh9Cu8FUN3FD9lJOiyPV8EkD#scrollTo=3tC7wjht9pNU,EcoType.ipynb - Colab,edge,Default,google.com,search,2026-01-21,9,Wednesday
2026-01-21 09:51:12.404154,https://colab.research.google.com/drive/16bhUM8WVsh9Cu8FUN3FD9lJOiyPV8EkD#scrollTo=XgH5vP3m9xu8,EcoType.ipynb - Colab,edge,Default,google.com,search,2026-01-21,9,Wednesday
2026-01-21 09:51:31.478347,https://colab.research.google.com/drive/16bhUM8WVsh9Cu8FUN3FD9lJOiyPV8EkD#scrollTo=opho58rV92Y4,EcoType.ipynb - Colab,edge,Default,google.com,search,2026-01-21,9,Wednesday
2026-01-21 09:51:42.782015,https://colab.research.google.com/drive/16bhUM8WVsh9Cu8FUN3FD9lJOiyPV8EkD#scrollTo=dHyizgl_95JY,EcoType.ipynb - Colab,edge,Default,google.com,search,2026-01-21,9,Wednesday
2026-01-21 10:02:35.955468,https://colab.research.google.com/drive/16bhUM8WVsh9Cu8FUN3FD9lJOiyPV8EkD#scrollTo=JaxO9M3pAYny,EcoType.ipynb - Colab,edge,Default,google.com,search,2026-01-21,10,Wednesday
2026-01-21 10:02:50.498200,https://colab.research.google.com/drive/16bhUM8WVsh9Cu8FUN3FD9lJOiyPV8EkD#scrollTo=InIv73mKAcK2,EcoType.ipynb - Colab,edge,Default,google.com,search,2026-01-21,10,Wednesday
2026-01-21 10:03:15.594310,https://colab.research.google.com/drive/16bhUM8WVsh9Cu8FUN3FD9lJOiyPV8EkD#scrollTo=kLKw8I8bAiSk,EcoType.ipynb - Colab,edge,Default,google.com,search,2026-01-21,10,Wednesday
2026-01-21 10:03:32.353647,https://colab.research.google.com/drive/16bhUM8WVsh9Cu8FUN3FD9lJOiyPV8EkD#scrollTo=4xNtix21AmY0,EcoType.ipynb - Colab,edge,Default,google.com,search,2026-01-21,10,Wednesday
2026-01-21 10:03:49.919256,https://colab.research.google.com/drive/16bhUM8WVsh9Cu8FUN3FD9lJOiyPV8EkD#scrollTo=tbrD-zd2AqrP,EcoType.ipynb - Colab,edge,Default,google.com,search,2026-01-21,10,Wednesday
2026-01-21 10:04:52.074982,https://colab.research.google.com/drive/16bhUM8WVsh9Cu8FUN3FD9lJOiyPV8EkD#scrollTo=KbMqYMgjA52D,EcoType.ipynb - Colab,edge,Default,google.com,search,2026-01-21,10,Wednesday
2026-01-21 10:05:46.626073,https://colab.research.google.com/drive/16bhUM8WVsh9Cu8FUN3FD9lJOiyPV8EkD#scrollTo=rFuPcSzzBHKo,EcoType.ipynb - Colab,edge,Default,google.com,search,2026-01-21,10,Wednesday
2026-01-21 10:06:46.898263,https://colab.research.google.com/drive/16bhUM8WVsh9Cu8FUN3FD9lJOiyPV8EkD#scrollTo=6l0D0MBYBV3E,EcoType.ipynb - Colab,edge,Default,google.com,search,2026-01-21,10,Wednesday
2026-01-21 10:07:17.031690,https://colab.research.google.com/drive/16bhUM8WVsh9Cu8FUN3FD9lJOiyPV8EkD#scrollTo=0ojtHZQ3BdPQ,EcoType.ipynb - Colab,edge,Default,google.com,search,2026-01-21,10,Wednesday
2026-01-21 10:07:36.072301,https://colab.research.google.com/drive/16bhUM8WVsh9Cu8FUN3FD9lJOiyPV8EkD#scrollTo=TyfHVhmoBh4S,EcoType.ipynb - Colab,edge,Default,google.com,search,2026-01-21,10,Wednesday
2026-01-21 10:07:59.640328,https://colab.research.google.com/drive/16bhUM8WVsh9Cu8FUN3FD9lJOiyPV8EkD#scrollTo=aEgkdoprBno7,EcoType.ipynb - Colab,edge,Default,google.com,search,2026-01-21,10,Wednesday
2026-01-21 10:26:23.897728,https://colab.research.google.com/drive/16bhUM8WVsh9Cu8FUN3FD9lJOiyPV8EkD#scrollTo=F10N3WQIF1Ow,EcoType.ipynb - Colab,edge,Default,google.com,search,2026-01-21,10,Wednesday
2026-01-21 10:26:40.053231,https://colab.research.google.com/drive/16bhUM8WVsh9Cu8FUN3FD9lJOiyPV8EkD#scrollTo=QMN06JQlF5LX,EcoType.ipynb - Colab,edge,Default,google.com,search,2026-01-21,10,Wednesday
2026-01-21 10:26:55.561068,https://colab.research.google.com/drive/16bhUM8WVsh9Cu8FUN3FD9lJOiyPV8EkD#scrollTo=4kVbhwjLF89w,EcoType.ipynb - Colab,edge,Default,google.com,search,2026-01-21,10,Wednesday
2026-01-21 10:27:17.624389,https://colab.research.google.com/drive/16bhUM8WVsh9Cu8FUN3FD9lJOiyPV8EkD#scrollTo=gfuchhmHGCWl,EcoType.ipynb - Colab,edge,Default,google.com,search,2026-01-21,10,Wednesday
2026-01-21 10:27:39.993602,https://colab.research.google.com/drive/16bhUM8WVsh9Cu8FUN3FD9lJOiyPV8EkD#scrollTo=xHULqMw8GHzp,EcoType.ipynb - Colab,edge,Default,google.com,search,2026-01-21,10,Wednesday
2026-01-21 10:28:03.890315,https://colab.research.google.com/drive/16bhUM8WVsh9Cu8FUN3FD9lJOiyPV8EkD#scrollTo=u0RlO2IkGNpa,EcoType.ipynb - Colab,edge,Default,google.com,search,2026-01-21,10,Wednesday
2026-01-21 10:28:29.164371,https://colab.research.google.com/drive/16bhUM8WVsh9Cu8FUN3FD9lJOiyPV8EkD#scrollTo=I6PzYu_PGT0Q,EcoType.ipynb - Colab,edge,Default,google.com,search,2026-01-21,10,Wednesday
2026-01-21 10:28:43.661640,https://colab.research.google.com/drive/16bhUM8WVsh9Cu8FUN3FD9lJOiyPV8EkD#scrollTo=fxeGuO-sGXWi,EcoType.ipynb - Colab,edge,Default,google.com,search,2026-01-21,10,Wednesday
2026-01-21 10:30:03.812007,https://colab.research.google.com/drive/16bhUM8WVsh9Cu8FUN3FD9lJOiyPV8EkD#scrollTo=0QxwGBrEGq66,EcoType.ipynb - Colab,edge,Default,google.com,search,2026-01-21,10,Wednesday
2026-01-21 10:30:40.099026,https://colab.research.google.com/drive/16bhUM8WVsh9Cu8FUN3FD9lJOiyPV8EkD#scrollTo=AfERRQZUGzyG,EcoType.ipynb - Colab,edge,Default,google.com,search,2026-01-21,10,Wednesday
2026-01-21 10:30:55.981905,https://colab.research.google.com/drive/16bhUM8WVsh9Cu8FUN3FD9lJOiyPV8EkD#scrollTo=TGkTjkMmG3p6,EcoType.ipynb - Colab,edge,Default,google.com,search,2026-01-21,10,Wednesday
2026-01-21 10:31:29.219807,https://colab.research.google.com/drive/16bhUM8WVsh9Cu8FUN3FD9lJOiyPV8EkD#scrollTo=_neet38OG_xJ,EcoType.ipynb - Colab,edge,Default,google.com,search,2026-01-21,10,Wednesday
2026-01-21 10:42:08.836185,https://colab.research.google.com/drive/16bhUM8WVsh9Cu8FUN3FD9lJOiyPV8EkD#scrollTo=0aU2_kGgJb7Z,EcoType.ipynb - Colab,edge,Default,google.com,search,2026-01-21,10,Wednesday
2026-01-21 10:43:26.821395,https://colab.research.google.com/drive/16bhUM8WVsh9Cu8FUN3FD9lJOiyPV8EkD#scrollTo=FcHys6-sJu93,EcoType.ipynb - Colab,edge,Default,google.com,search,2026-01-21,10,Wednesday
2026-01-21 10:43:40.999214,https://colab.research.google.com/drive/16bhUM8WVsh9Cu8FUN3FD9lJOiyPV8EkD#scrollTo=oN8F6cKdJybp,EcoType.ipynb - Colab,edge,Default,google.com,search,2026-01-21,10,Wednesday
2026-01-21 10:43:59.099172,https://colab.research.google.com/drive/16bhUM8WVsh9Cu8FUN3FD9lJOiyPV8EkD#scrollTo=12JV1e7QJ22S,EcoType.ipynb - Colab,edge,Default,google.com,search,2026-01-21,10,Wednesday
2026-01-21 10:44:35.285927,https://colab.research.google.com/drive/16bhUM8WVsh9Cu8FUN3FD9lJOiyPV8EkD#scrollTo=h89mwI_dJ_sG,EcoType.ipynb - Colab,edge,Default,google.com,search,2026-01-21,10,Wednesday
2026-01-21 10:44:59.229549,https://colab.research.google.com/drive/16bhUM8WVsh9Cu8FUN3FD9lJOiyPV8EkD#scrollTo=mJGeyH6HKFh2,EcoType.ipynb - Colab,edge,Default,google.com,search,2026-01-21,10,Wednesday
2026-01-21 10:45:16.743377,https://colab.research.google.com/drive/16bhUM8WVsh9Cu8FUN3FD9lJOiyPV8EkD#scrollTo=Vq5mwlxUKJyt,EcoType.ipynb - Colab,edge,Default,google.com,search,2026-01-21,10,Wednesday
2026-01-21 11:16:17.009838,https://colab.research.google.com/drive/16bhUM8WVsh9Cu8FUN3FD9lJOiyPV8EkD#scrollTo=y3dH_0tBJhqB,EcoType.ipynb - Colab,edge,Default,google.com,search,2026-01-21,11,Wednesday
2026-01-21 11:18:39.480305,https://colab.research.google.com/drive/16bhUM8WVsh9Cu8FUN3FD9lJOiyPV8EkD#scrollTo=f4nOKU-3RywZ,EcoType.ipynb - Colab,edge,Default,google.com,search,2026-01-21,11,Wednesday
2026-01-21 11:18:55.677551,https://colab.research.google.com/drive/16bhUM8WVsh9Cu8FUN3FD9lJOiyPV8EkD#scrollTo=G9DfDvmRR2tC,EcoType.ipynb - Colab,edge,Default,google.com,search,2026-01-21,11,Wednesday
2026-01-21 11:19:13.892346,https://colab.research.google.com/drive/16bhUM8WVsh9Cu8FUN3FD9lJOiyPV8EkD#scrollTo=Bfjindp7R7KD,EcoType.ipynb - Colab,edge,Default,google.com,search,2026-01-21,11,Wednesday
2026-01-21 11:20:45.713615,https://colab.research.google.com/drive/16bhUM8WVsh9Cu8FUN3FD9lJOiyPV8EkD#scrollTo=j5OYDSl2SRkv,EcoType.ipynb - Colab,edge,Default,google.com,search,2026-01-21,11,Wednesday
2026-01-21 11:21:01.570085,https://colab.research.google.com/drive/16bhUM8WVsh9Cu8FUN3FD9lJOiyPV8EkD#scrollTo=80dQwadGSVbZ,EcoType.ipynb - Colab,edge,Default,google.com,search,2026-01-21,11,Wednesday
2026-01-21 11:21:23.944304,https://colab.research.google.com/drive/16bhUM8WVsh9Cu8FUN3FD9lJOiyPV8EkD#scrollTo=mHR0uVqUSa57,EcoType.ipynb - Colab,edge,Default,google.com,search,2026-01-21,11,Wednesday
2026-01-21 11:21:35.659233,https://colab.research.google.com/drive/16bhUM8WVsh9Cu8FUN3FD9lJOiyPV8EkD#scrollTo=ENgdI1YdSdxO,EcoType.ipynb - Colab,edge,Default,google.com,search,2026-01-21,11,Wednesday
2026-01-21 11:21:54.085359,https://colab.research.google.com/drive/16bhUM8WVsh9Cu8FUN3FD9lJOiyPV8EkD#scrollTo=SD3SadDcSiQ9,EcoType.ipynb - Colab,edge,Default,google.com,search,2026-01-21,11,Wednesday
2026-01-21 11:22:45.596455,https://colab.research.google.com/drive/16bhUM8WVsh9Cu8FUN3FD9lJOiyPV8EkD#scrollTo=LmxDuAlrSu2H,EcoType.ipynb - Colab,edge,Default,google.com,search,2026-01-21,11,Wednesday
2026-01-21 11:24:01.735304,https://colab.research.google.com/drive/16bhUM8WVsh9Cu8FUN3FD9lJOiyPV8EkD#scrollTo=-K0Qf1jLTBbb,EcoType.ipynb - Colab,edge,Default,google.com,search,2026-01-21,11,Wednesday
2026-01-21 11:24:17.586349,https://colab.research.google.com/drive/16bhUM8WVsh9Cu8FUN3FD9lJOiyPV8EkD#scrollTo=clAZsewQTFTQ,EcoType.ipynb - Colab,edge,Default,google.com,search,2026-01-21,11,Wednesday
2026-01-21 11:24:52.116156,https://colab.research.google.com/drive/16bhUM8WVsh9Cu8FUN3FD9lJOiyPV8EkD#scrollTo=ayjDhSRITNuQ,EcoType.ipynb - Colab,edge,Default,google.com,search,2026-01-21,11,Wednesday
2026-01-21 11:25:31.943076,https://colab.research.google.com/drive/16bhUM8WVsh9Cu8FUN3FD9lJOiyPV8EkD#scrollTo=yiwmeQe4TXdC,EcoType.ipynb - Colab,edge,Default,google.com,search,2026-01-21,11,Wednesday
2026-01-21 11:26:57.264238,https://colab.research.google.com/drive/16bhUM8WVsh9Cu8FUN3FD9lJOiyPV8EkD#scrollTo=B7z9f79siOI8,EcoType.ipynb - Colab,edge,Default,google.com,search,2026-01-21,11,Wednesday
2026-01-21 11:26:58.692384,https://colab.research.google.com/drive/16bhUM8WVsh9Cu8FUN3FD9lJOiyPV8EkD#scrollTo=TxX2l7sdiZWl,EcoType.ipynb - Colab,edge,Default,google.com,search,2026-01-21,11,Wednesday
2026-01-21 11:27:00.306092,https://colab.research.google.com/drive/16bhUM8WVsh9Cu8FUN3FD9lJOiyPV8EkD#scrollTo=EdBsgRxRi7nO,EcoType.ipynb - Colab,edge,Default,google.com,search,2026-01-21,11,Wednesday
2026-01-21 11:27:04.281220,https://colab.research.google.com/drive/16bhUM8WVsh9Cu8FUN3FD9lJOiyPV8EkD#scrollTo=xj7C8GiKi_01,EcoType.ipynb - Colab,edge,Default,google.com,search,2026-01-21,11,Wednesday
2026-01-21 11:27:07.549329,https://colab.research.google.com/drive/16bhUM8WVsh9Cu8FUN3FD9lJOiyPV8EkD#scrollTo=tuqro_nwjFVq,EcoType.ipynb - Colab,edge,Default,google.com,search,2026-01-21,11,Wednesday
2026-01-21 11:27:10.456332,https://colab.research.google.com/drive/16bhUM8WVsh9Cu8FUN3FD9lJOiyPV8EkD#scrollTo=RVVymHikjJJ4,EcoType.ipynb - Colab,edge,Default,google.com,search,2026-01-21,11,Wednesday
2026-01-21 11:27:13.548182,https://colab.research.google.com/drive/16bhUM8WVsh9Cu8FUN3FD9lJOiyPV8EkD#scrollTo=v5I_i1BEjp8Q,EcoType.ipynb - Colab,edge,Default,google.com,search,2026-01-21,11,Wednesday
2026-01-21 11:27:17.156722,https://colab.research.google.com/drive/16bhUM8WVsh9Cu8FUN3FD9lJOiyPV8EkD#scrollTo=uk32mVc7juny,EcoType.ipynb - Colab,edge,Default,google.com,search,2026-01-21,11,Wednesday
2026-01-21 11:27:24.455396,https://colab.research.google.com/drive/16bhUM8WVsh9Cu8FUN3FD9lJOiyPV8EkD#scrollTo=_DPJTDH0keNZ,EcoType.ipynb - Colab,edge,Default,google.com,search,2026-01-21,11,Wednesday
2026-01-21 11:27:55.025149,https://colab.research.google.com/drive/16bhUM8WVsh9Cu8FUN3FD9lJOiyPV8EkD#scrollTo=b29vqL5Y1b7G,EcoType.ipynb - Colab,edge,Default,google.com,search,2026-01-21,11,Wednesday
2026-01-21 11:42:27.557994,https://dashboard.ngrok.com/login/mfa,ngrok - Online in One Line,edge,Default,ngrok.com,other,2026-01-21,11,Wednesday
2026-01-21 11:43:00.220467,https://mail.google.com/mail/u/0/,Welcome to ngrok! - ssubasangkari@gmail.com - Gmail,edge,Default,google.com,search,2026-01-21,11,Wednesday
2026-01-21 11:43:08.420963,https://mail.google.com/mail/u/0/,Multi-factor authentication device added for ngrok.com - ssubasangkari@gmail.com - Gmail,edge,Default,google.com,search,2026-01-21,11,Wednesday
2026-01-21 11:43:15.792879,https://mail.google.com/mail/u/0/,Keep your app online under traffic spikes - ssubasangkari@gmail.com - Gmail,edge,Default,google.com,search,2026-01-21,11,Wednesday
2026-01-21 11:43:27.799475,https://mail.google.com/mail/u/0/,"Hey subasangkari saravanan, your endpoint is open - ssubasangkari@gmail.com - Gmail",edge,Default,google.com,search,2026-01-21,11,Wednesday
2026-01-21 11:43:35.053335,https://mail.google.com/mail/u/0/,Search results - ssubasangkari@gmail.com - Gmail,edge,Default,google.com,search,2026-01-21,11,Wednesday
2026-01-21 11:43:42.539846,https://github.com/login/oauth/authorize,Authorize application,edge,Default,github.com,learning,2026-01-21,11,Wednesday
2026-01-21 11:44:07.853715,https://dashboard.ngrok.com/login/mfa/recovery,ngrok - Online in One Line,edge,Default,ngrok.com,other,2026-01-21,11,Wednesday
2026-01-21 11:44:18.519945,https://dashboard.ngrok.com/login/mfa,ngrok - Online in One Line,edge,Default,ngrok.com,other,2026-01-21,11,Wednesday
2026-01-21 11:44:25.473016,https://mail.google.com/mail/u/0/,[GitHub] A third-party OAuth application has been added to your account - ssubasangkari@gmail.com - Gmail,edge,Default,google.com,search,2026-01-21,11,Wednesday
2026-01-21 11:44:41.487847,https://ngrok.com/,"ngrok | API Gateway, Kubernetes Ingress, Webhook Gateway",edge,Default,ngrok.com,other,2026-01-21,11,Wednesday
2026-01-21 11:45:26.152408,https://dashboard.ngrok.com/login/sso,ngrok — Single Sign-on,edge,Default,ngrok.com,other,2026-01-21,11,Wednesday
2026-01-21 11:45:51.936308,https://dashboard.ngrok.com/login/mfa,ngrok - Online in One Line,edge,Default,ngrok.com,other,2026-01-21,11,Wednesday
2026-01-21 11:45:58.269355,https://dashboard.ngrok.com/login,ngrok - Online in One Line,edge,Default,ngrok.com,other,2026-01-21,11,Wednesday
2026-01-21 11:46:06.782415,https://dashboard.ngrok.com/login/mfa,ngrok - Online in One Line,edge,Default,ngrok.com,other,2026-01-21,11,Wednesday
2026-01-21 11:46:18.001570,https://dashboard.ngrok.com/signup/oauth/confirm,ngrok - Online in One Line,edge,Default,ngrok.com,other,2026-01-21,11,Wednesday
2026-01-21 11:46:24.370478,https://dashboard.ngrok.com/signup,ngrok - Online in One Line,edge,Default,ngrok.com,other,2026-01-21,11,Wednesday
2026-01-21 11:47:45.403327,https://dashboard.ngrok.com/password/reset,ngrok - Online in One Line,edge,Default,ngrok.com,other,2026-01-21,11,Wednesday
2026-01-21 11:48:20.759049,https://dashboard.ngrok.com/login,ngrok — Log in,edge,Default,ngrok.com,other,2026-01-21,11,Wednesday
2026-01-21 11:48:24.458790,https://dashboard.ngrok.com/login/mfa,ngrok - Online in One Line,edge,Default,ngrok.com,other,2026-01-21,11,Wednesday
2026-01-21 11:48:58.053181,https://dashboard.ngrok.com/,ngrok - Online in One Line,edge,Default,ngrok.com,other,2026-01-21,11,Wednesday
2026-01-21 11:49:09.821291,https://dashboard.ngrok.com/get-started/your-authtoken,Your Authtoken - ngrok,edge,Default,ngrok.com,other,2026-01-21,11,Wednesday
2026-01-21 12:09:52.892892,https://github.com/Subasangkarisaravanan/Data_Science_Projects/new/main/EcoType_Forest_Cover,New File at EcoType_Forest_Cover · Subasangkarisaravanan/Data_Science_Projects,edge,Default,github.com,learning,2026-01-21,12,Wednesday
2026-01-21 12:12:40.421238,https://github.com/Subasangkarisaravanan/Data_Science_Projects/new/main/EcoType_Forest_Cover/eco_type/models,New File at EcoType_Forest_Cover/eco_type/models · Subasangkarisaravanan/Data_Science_Projects,edge,Default,github.com,learning,2026-01-21,12,Wednesday
2026-01-21 12:14:24.994509,https://github.com/Subasangkarisaravanan/Data_Science_Projects/tree/main/EcoType_Forest_Cover/eco_type/models,Data_Science_Projects/EcoType_Forest_Cover/eco_type/models at main · Subasangkarisaravanan/Data_Science_Projects,edge,Default,github.com,learning,2026-01-21,12,Wednesday
2026-01-21 12:14:30.281279,https://github.com/Subasangkarisaravanan/Data_Science_Projects/upload/main/EcoType_Forest_Cover/eco_type/models,Upload files · Subasangkarisaravanan/Data_Science_Projects,edge,Default,github.com,learning,2026-01-21,12,Wednesday
2026-01-21 12:15:01.064951,https://github.com/Subasangkarisaravanan/Data_Science_Projects/new/main/EcoType_Forest_Cover/eco_type,New File at EcoType_Forest_Cover/eco_type · Subasangkarisaravanan/Data_Science_Projects,edge,Default,github.com,learning,2026-01-21,12,Wednesday
2026-01-21 12:17:01.138334,https://github.com/Subasangkarisaravanan/Data_Science_Projects/new/main/EcoType_Forest_Cover/eco_type/data,New File at EcoType_Forest_Cover/eco_type/data · Subasangkarisaravanan/Data_Science_Projects,edge,Default,github.com,learning,2026-01-21,12,Wednesday
2026-01-21 12:17:28.312619,https://github.com/Subasangkarisaravanan/Data_Science_Projects/tree/main/EcoType_Forest_Cover/eco_type/data,Data_Science_Projects/EcoType_Forest_Cover/eco_type/data at main · Subasangkarisaravanan/Data_Science_Projects,edge,Default,github.com,learning,2026-01-21,12,Wednesday
2026-01-21 12:17:32.292449,https://github.com/Subasangkarisaravanan/Data_Science_Projects/upload/main/EcoType_Forest_Cover/eco_type/data,Upload files · Subasangkarisaravanan/Data_Science_Projects,edge,Default,github.com,learning,2026-01-21,12,Wednesday
2026-01-21 12:18:10.372266,https://dashboard.ngrok.com/get-started/setup/windows,Setup - ngrok,edge,Default,ngrok.com,other,2026-01-21,12,Wednesday
2026-01-21 12:18:15.468926,https://www.google.com/search,how to open .pkl file in python - Google Search,edge,Default,google.com,search,2026-01-21,12,Wednesday
2026-01-21 14:52:45.386487,https://www.guvi.in/app-store/,"Learn Anytime, Anywhere with the HCL GUVI App",edge,Default,guvi.in,learning,2026-01-21,14,Wednesday
2026-01-21 14:56:38.073627,https://www.google.com/search,guvi courses - Google Search,edge,Default,google.com,search,2026-01-21,14,Wednesday
2026-01-21 14:56:40.341641,https://www.google.com/search,guvi courses - Google Search,edge,Default,google.com,search,2026-01-21,14,Wednesday
2026-01-21 14:56:50.637962,https://www.guvi.in/courses/,HCL GUVI | courses,edge,Default,guvi.in,learning,2026-01-21,14,Wednesday
2026-01-21 17:45:05.936225,https://chatgpt.com/g/g-p-6970842831b88191b67899f1483d28a9-ecotype/c/6971106f-14c0-8322-8cc2-a6e18bcece49,ChatGPT - ecotype,edge,Default,chatgpt.com,learning,2026-01-21,17,Wednesday
2026-01-21 18:02:48.235295,https://colab.research.google.com/drive/16bhUM8WVsh9Cu8FUN3FD9lJOiyPV8EkD#scrollTo=SkHW6Ty4WQvA,EcoType.ipynb - Colab,edge,Default,google.com,search,2026-01-21,18,Wednesday
2026-01-21 18:04:00.572394,https://colab.research.google.com/drive/16bhUM8WVsh9Cu8FUN3FD9lJOiyPV8EkD#scrollTo=X5DTQYiafwsM,EcoType.ipynb - Colab,edge,Default,google.com,search,2026-01-21,18,Wednesday
2026-01-21 18:04:44.638067,https://colab.research.google.com/drive/16bhUM8WVsh9Cu8FUN3FD9lJOiyPV8EkD#scrollTo=X0mafQLXiDEo,EcoType.ipynb - Colab,edge,Default,google.com,search,2026-01-21,18,Wednesday
2026-01-21 18:49:39.911944,https://github.com/Subasangkarisaravanan/Data_Science_Projects/blob/main/EcoType_Forest_Cover/EcoType.ipynb,Data_Science_Projects/EcoType_Forest_Cover/EcoType.ipynb at main · Subasangkarisaravanan/Data_Science_Projects,edge,Default,github.com,learning,2026-01-21,18,Wednesday
2026-01-21 18:51:46.337299,https://github.com/Subasangkarisaravanan/ATM-GitHub-demo/blob/main/EcoType_Forest_Cover/eco_type/EcoType.ipynb,ATM-GitHub-demo/EcoType_Forest_Cover/eco_type/EcoType.ipynb at main · Subasangkarisaravanan/ATM-GitHub-demo,edge,Default,github.com,learning,2026-01-21,18,Wednesday
2026-01-21 18:52:01.765017,https://github.com/Subasangkarisaravanan/ATM-GitHub-demo/tree/main/EcoType_Forest_Cover,ATM-GitHub-demo/EcoType_Forest_Cover at main · Subasangkarisaravanan/ATM-GitHub-demo,edge,Default,github.com,learning,2026-01-21,18,Wednesday
2026-01-21 18:52:05.103412,https://github.com/Subasangkarisaravanan/ATM-GitHub-demo/tree/main/EcoType_Forest_Cover/eco_type,ATM-GitHub-demo/EcoType_Forest_Cover/eco_type at main · Subasangkarisaravanan/ATM-GitHub-demo,edge,Default,github.com,learning,2026-01-21,18,Wednesday
2026-01-21 18:52:33.898939,https://github.com/Subasangkarisaravanan/Data_Science_Projects/blob/main/EcoType_Forest_Cover/eco_type/EcoType.ipynb,Data_Science_Projects/EcoType_Forest_Cover/eco_type/EcoType.ipynb at main · Subasangkarisaravanan/Data_Science_Projects,edge,Default,github.com,learning,2026-01-21,18,Wednesday
2026-01-21 18:55:03.863658,https://github.com/Subasangkarisaravanan/Data_Science_Projects/upload/main/EcoType_Forest_Cover/eco_type,Upload files · Subasangkarisaravanan/Data_Science_Projects,edge,Default,github.com,learning,2026-01-21,18,Wednesday
2026-01-21 19:07:21.676535,https://github.com/Subasangkarisaravanan/Data_Science_Projects/upload/main/EcoType_Forest_Cover,Upload files · Subasangkarisaravanan/Data_Science_Projects,edge,Default,github.com,learning,2026-01-21,19,Wednesday
2026-01-21 19:07:31.324005,https://github.com/Subasangkarisaravanan/Data_Science_Projects/tree/main/EcoType_Forest_Cover,Subasangkarisaravanan/Data_Science_Projects: Projects for Data Science,edge,Default,github.com,learning,2026-01-21,19,Wednesday
2026-01-21 19:07:35.892678,https://github.com/Subasangkarisaravanan/Data_Science_Projects/tree/main/EcoType_Forest_Cover/eco_type,Data_Science_Projects/EcoType_Forest_Cover/eco_type at main · Subasangkarisaravanan/Data_Science_Projects,edge,Default,github.com,learning,2026-01-21,19,Wednesday
2026-01-22 03:30:17.871528,https://classify.zenclass.in/integration,Classify,edge,Default,zenclass.in,learning,2026-01-22,3,Thursday
2026-01-22 04:40:10.865702,https://v2.zenclass.in/class/3719c81b-d41e-48a3-8bcd-23314b805b9d,GUVI,edge,Default,zenclass.in,learning,2026-01-22,4,Thursday
2026-01-22 04:40:14.003927,https://classify.zenclass.in/integration,Classify,edge,Default,zenclass.in,learning,2026-01-22,4,Thursday
2026-01-22 04:40:14.879032,https://classify.zenclass.in/meet-dashboard-new,Classify,edge,Default,zenclass.in,learning,2026-01-22,4,Thursday
2026-01-22 05:07:12.454343,https://www.google.com/search,guvi courses - Google Search,edge,Default,google.com,search,2026-01-22,5,Thursday
2026-01-22 05:21:21.940562,https://classifyprod.s3.ap-south-1.amazonaws.com/documentShared/8ca8c913-f88d-41d6-a76f-7546d1c70f4f/105.pdf,Microsoft Whiteboard,edge,Default,amazonaws.com,other,2026-01-22,5,Thursday
2026-01-22 05:21:25.477068,https://www.intel.com/content/www/us/en/developer/topic-technology/artificial-intelligence/training/overview.html,AI Courses & Certifications,edge,Default,intel.com,other,2026-01-22,5,Thursday
2026-01-22 06:00:21.753166,https://www.intel.com/content/www/us/en/developer/topic-technology/artificial-intelligence/training/machine-learning.html,Machine Learning Development,edge,Default,intel.com,other,2026-01-22,6,Thursday
2026-01-22 09:59:00.200376,https://www.intel.com/content/www/us/en/developer/tools/oneapi/scikit-learn.html,Intel® Extension for Scikit-learn*,edge,Default,intel.com,other,2026-01-22,9,Thursday
2026-01-22 10:00:33.256454,https://www.guvi.in/code-kata/cuboid-surface-area-and-volume/,HCL GUVI | Learn to code in your native language,edge,Default,guvi.in,learning,2026-01-22,10,Thursday
2026-01-22 10:02:42.149646,https://chatgpt.com/c/6971f5bf-a05c-8323-91af-c03827b5fe88,Cuboid Surface Area Volume,edge,Default,chatgpt.com,learning,2026-01-22,10,Thursday
2026-01-22 10:06:54.653605,https://www.guvi.in/code-kata/reverse-a-number/,HCL GUVI | Learn to code in your native language,edge,Default,guvi.in,learning,2026-01-22,10,Thursday
2026-01-22 10:07:08.324508,https://www.guvi.in/code-kata/almost-sorted-array/,HCL GUVI | Learn to code in your native language,edge,Default,guvi.in,learning,2026-01-22,10,Thursday
2026-01-22 10:09:34.769622,https://www.guvi.in/code-kata/modulo-multiplication/,HCL GUVI | Learn to code in your native language,edge,Default,guvi.in,learning,2026-01-22,10,Thursday
2026-01-22 10:12:33.783757,https://www.guvi.in/code-kata/product-of-digits/,HCL GUVI | Learn to code in your native language,edge,Default,guvi.in,learning,2026-01-22,10,Thursday
2026-01-22 10:16:15.542184,https://www.guvi.in/code-kata/arithmetic-series-sum/,HCL GUVI | Learn to code in your native language,edge,Default,guvi.in,learning,2026-01-22,10,Thursday
2026-01-22 10:24:29.411428,https://www.guvi.in/code-kata/find-minimum-among-ten-numbers/,HCL GUVI | Learn to code in your native language,edge,Default,guvi.in,learning,2026-01-22,10,Thursday
2026-01-22 10:26:41.163685,https://www.guvi.in/code-kata/number-existence-check/,HCL GUVI | Learn to code in your native language,edge,Default,guvi.in,learning,2026-01-22,10,Thursday
2026-01-22 10:26:46.404915,https://www.guvi.in/code-kata/count-element-occurrences/,HCL GUVI | Learn to code in your native language,edge,Default,guvi.in,learning,2026-01-22,10,Thursday
2026-01-22 10:33:17.639195,https://www.guvi.in/code-kata/counting-digits-of-a-number/,HCL GUVI | Learn to code in your native language,edge,Default,guvi.in,learning,2026-01-22,10,Thursday
2026-01-22 10:35:52.199870,https://www.guvi.in/code-kata/print-string-without-semicolon/,HCL GUVI | Learn to code in your native language,edge,Default,guvi.in,learning,2026-01-22,10,Thursday
2026-01-22 10:35:58.230678,https://www.guvi.in/code-kata/nearest-greater-multiple-of-10/,HCL GUVI | Learn to code in your native language,edge,Default,guvi.in,learning,2026-01-22,10,Thursday
2026-01-22 10:45:17.751350,https://www.guvi.in/zen-class/,Zen Class - Career Programs from GUVI,edge,Default,guvi.in,learning,2026-01-22,10,Thursday
2026-01-22 10:45:35.165152,https://www.google.com/search,guvi courses - Google Search,edge,Default,google.com,search,2026-01-22,10,Thursday
2026-01-22 10:46:26.745321,https://www.guvi.in/code-kata/even-odd-difference/,HCL GUVI | Learn to code in your native language,edge,Default,guvi.in,learning,2026-01-22,10,Thursday
2026-01-22 10:46:46.579273,https://www.guvi.in/code-kata/sum-of-first-k-natural-numbers/,HCL GUVI | Learn to code in your native language,edge,Default,guvi.in,learning,2026-01-22,10,Thursday
2026-01-22 10:50:05.298207,https://www.guvi.in/code-kata/string-length-without-functions/,HCL GUVI | Learn to code in your native language,edge,Default,guvi.in,learning,2026-01-22,10,Thursday
2026-01-22 10:50:51.700912,https://www.guvi.in/code-kata/string-length-without-functions/,HCL GUVI | Learn to code in your native language,edge,Default,guvi.in,learning,2026-01-22,10,Thursday
2026-01-22 10:51:47.946535,https://www.guvi.in/code-kata/common-elements-in-sorted-arrays/,HCL GUVI | Learn to code in your native language,edge,Default,guvi.in,learning,2026-01-22,10,Thursday
2026-01-22 10:54:45.108396,https://www.guvi.in/code-kata/prime-count-in-a-range/,HCL GUVI | Learn to code in your native language,edge,Default,guvi.in,learning,2026-01-22,10,Thursday
2026-01-22 10:54:46.520989,https://www.guvi.in/code-kata/prime-count-in-a-range/,HCL GUVI | Learn to code in your native language,edge,Default,guvi.in,learning,2026-01-22,10,Thursday
2026-01-22 10:58:02.209419,https://www.guvi.in/code-kata/gcd-of-two-numbers/,HCL GUVI | Learn to code in your native language,edge,Default,guvi.in,learning,2026-01-22,10,Thursday
2026-01-22 10:58:19.230709,https://www.guvi.in/code-kata/second-smallest-element/,HCL GUVI | Learn to code in your native language,edge,Default,guvi.in,learning,2026-01-22,10,Thursday
2026-01-22 11:00:52.637173,https://www.guvi.in/code-kata/kth-smallest-element/,HCL GUVI | Learn to code in your native language,edge,Default,guvi.in,learning,2026-01-22,11,Thursday
2026-01-22 11:03:38.838043,https://www.guvi.in/code-kata/string-length-without-functions/,HCL GUVI | Learn to code in your native language,edge,Default,guvi.in,learning,2026-01-22,11,Thursday
2026-01-22 11:03:49.413614,https://www.guvi.in/code-kata/case-sensitive-string-equality/,HCL GUVI | Learn to code in your native language,edge,Default,guvi.in,learning,2026-01-22,11,Thursday
2026-01-22 11:03:52.642179,https://www.guvi.in/code-kata/first-occurrence-of-character/,HCL GUVI | Learn to code in your native language,edge,Default,guvi.in,learning,2026-01-22,11,Thursday
2026-01-22 11:03:55.043197,https://www.guvi.in/code-kata/character-count-in-string/,HCL GUVI | Learn to code in your native language,edge,Default,guvi.in,learning,2026-01-22,11,Thursday
2026-01-22 11:03:57.124227,https://www.guvi.in/code-kata/count-string-occurrences/,HCL GUVI | Learn to code in your native language,edge,Default,guvi.in,learning,2026-01-22,11,Thursday
2026-01-22 11:05:21.996448,https://www.guvi.in/code-kata/print-till-next-zero/,HCL GUVI | Learn to code in your native language,edge,Default,guvi.in,learning,2026-01-22,11,Thursday
2026-01-22 11:17:34.233237,https://www.guvi.in/code-kata/common-characters-in-strings/,HCL GUVI | Learn to code in your native language,edge,Default,guvi.in,learning,2026-01-22,11,Thursday
2026-01-22 11:17:38.788999,https://www.guvi.in/code-kata/pair-sum-check/,HCL GUVI | Learn to code in your native language,edge,Default,guvi.in,learning,2026-01-22,11,Thursday
2026-01-22 11:20:56.316846,https://www.guvi.in/code-kata/minimum-odd-quotient-factor/,HCL GUVI | Learn to code in your native language,edge,Default,guvi.in,learning,2026-01-22,11,Thursday
2026-01-22 11:21:49.967598,https://www.guvi.in/code-kata/common-elements-in-sorted-arrays/,HCL GUVI | Learn to code in your native language,edge,Default,guvi.in,learning,2026-01-22,11,Thursday
2026-01-22 11:21:55.699523,https://www.guvi.in/code-kata/sorted-elements-less-than-k/,HCL GUVI | Learn to code in your native language,edge,Default,guvi.in,learning,2026-01-22,11,Thursday
2026-01-22 11:29:45.721561,https://www.guvi.in/code-kata/descending-elements-below-n/,HCL GUVI | Learn to code in your native language,edge,Default,guvi.in,learning,2026-01-22,11,Thursday
2026-01-22 11:30:45.741892,https://www.guvi.in/code-kata/numbers-repeated-k-times/,HCL GUVI | Learn to code in your native language,edge,Default,guvi.in,learning,2026-01-22,11,Thursday
2026-01-22 11:31:34.063883,https://www.guvi.in/code-kata/factorial-of-a-number-2/,HCL GUVI | Learn to code in your native language,edge,Default,guvi.in,learning,2026-01-22,11,Thursday
2026-01-22 11:32:33.582884,https://www.guvi.in/code-kata/longest-repeating-sequence/,HCL GUVI | Learn to code in your native language,edge,Default,guvi.in,learning,2026-01-22,11,Thursday
2026-01-22 11:40:31.073630,https://www.guvi.in/code-kata/delete-last-k-array-elements/,HCL GUVI | Learn to code in your native language,edge,Default,guvi.in,learning,2026-01-22,11,Thursday
2026-01-22 11:41:20.388503,https://www.guvi.in/code-kata/remove-characters-from-string/,HCL GUVI | Learn to code in your native language,edge,Default,guvi.in,learning,2026-01-22,11,Thursday
2026-01-22 11:42:04.960540,https://www.guvi.in/code-kata/max-of-consecutive-pairs/,HCL GUVI | Learn to code in your native language,edge,Default,guvi.in,learning,2026-01-22,11,Thursday
2026-01-22 11:42:53.028155,https://www.guvi.in/code-kata/rotated-array-rotation-count/,HCL GUVI | Learn to code in your native language,edge,Default,guvi.in,learning,2026-01-22,11,Thursday
2026-01-22 11:43:48.467438,https://www.guvi.in/code-kata/find-position-of-number-in-array/,HCL GUVI | Learn to code in your native language,edge,Default,guvi.in,learning,2026-01-22,11,Thursday
2026-01-22 11:55:24.006533,https://www.guvi.in/code-kata/counting-distinct-pairs/,HCL GUVI | Learn to code in your native language,edge,Default,guvi.in,learning,2026-01-22,11,Thursday
2026-01-22 12:01:31.414674,https://www.guvi.in/code-kata/find-different-number-in-series/,HCL GUVI | Learn to code in your native language,edge,Default,guvi.in,learning,2026-01-22,12,Thursday
2026-01-22 12:02:24.280258,https://www.guvi.in/code-kata/max-length-increasing-subarray/,HCL GUVI | Learn to code in your native language,edge,Default,guvi.in,learning,2026-01-22,12,Thursday
2026-01-22 12:03:15.804597,https://www.guvi.in/code-kata/merge-and-sort-two-arrays/,HCL GUVI | Learn to code in your native language,edge,Default,guvi.in,learning,2026-01-22,12,Thursday
2026-01-22 12:04:57.944925,https://www.guvi.in/code-kata/max-difference-in-array/,HCL GUVI | Learn to code in your native language,edge,Default,guvi.in,learning,2026-01-22,12,Thursday
2026-01-22 12:06:04.816818,https://www.guvi.in/code-kata/minimum-difference-in-array/,HCL GUVI | Learn to code in your native language,edge,Default,guvi.in,learning,2026-01-22,12,Thursday
2026-01-22 12:09:26.337472,https://www.guvi.in/code-kata/minimum-distance-between-elements/,HCL GUVI | Learn to code in your native language,edge,Default,guvi.in,learning,2026-01-22,12,Thursday
2026-01-22 16:20:09.952444,https://www.msn.com/en-in,"MSN | Personalized News, Top Headlines, Live Updates and more",edge,Default,msn.com,other,2026-01-22,16,Thursday
2026-01-22 16:20:11.692256,https://www.msn.com/en-in,"MSN | Personalized News, Top Headlines, Live Updates and more",edge,Default,msn.com,other,2026-01-22,16,Thursday
2026-01-22 16:20:12.246071,https://www.microsoft.com/en-us/edge/update/144/cm,What's new in Microsoft Edge,edge,Default,microsoft.com,other,2026-01-22,16,Thursday
2026-01-22 16:20:12.246071,https://go.microsoft.com/fwlink/,What's new in Microsoft Edge,edge,Default,microsoft.com,other,2026-01-22,16,Thursday
2026-01-22 16:20:12.246071,https://www.microsoft.com/edge/update/144/cm,What's new in Microsoft Edge,edge,Default,microsoft.com,other,2026-01-22,16,Thursday
2026-01-22 17:29:33.226740,https://www.msn.com/en-in,"MSN | Personalized News, Top Headlines, Live Updates and more",edge,Default,msn.com,other,2026-01-22,17,Thursday
2026-01-22 17:29:51.119978,https://www.google.com/search,canva - Google Search,edge,Default,google.com,search,2026-01-22,17,Thursday
2026-01-22 17:30:15.091082,https://www.canva.com/en_in/help/contact-us/,Contact Canva Support - Canva Help Centre,edge,Default,canva.com,design,2026-01-22,17,Thursday
2026-01-22 17:30:22.672028,https://www.google.com/search,canva login phone number - Google Search,edge,Default,google.com,search,2026-01-22,17,Thursday
2026-01-22 17:30:42.249372,https://www.canva.com/s/designs,Search resume - Canva,edge,Default,canva.com,design,2026-01-22,17,Thursday
2026-01-22 17:37:11.979977,https://www.google.com/search,tnprivatejobs.tn.gov.in login - Google Search,edge,Default,google.com,search,2026-01-22,17,Thursday
2026-01-22 17:49:27.931828,https://www.msn.com/en-in,"MSN | Personalized News, Top Headlines, Live Updates and more",edge,Default,msn.com,other,2026-01-22,17,Thursday
2026-01-22 17:52:48.298798,https://www.google.com/search,rrb group d apply - Google Search,edge,Default,google.com,search,2026-01-22,17,Thursday
2026-01-23 09:34:05.906561,https://www.bing.com/aclk,,edge,Default,bing.com,search,2026-01-23,9,Friday
2026-01-23 09:34:05.974233,https://www.bing.com/search,chatgpt - Search,edge,Default,bing.com,search,2026-01-23,9,Friday
2026-01-23 09:34:06.408078,https://chatgpt.com/,ChatGPT,edge,Default,chatgpt.com,learning,2026-01-23,9,Friday
2026-01-24 09:14:42.103056,https://www.google.com/search,whatsapp web - Google Search,edge,Default,google.com,search,2026-01-24,9,Saturday
2026-01-24 09:16:43.906537,https://www.amazon.in/Dell-Latitude-5340-Touchscreen-Convertible/dp/B0C8J5D4Z4,"Dell Latitude 5340 13.3"" Touchscreen Convertible 2 in 1 Notebook - Full HD - 1920 x 1080 - Intel Core i7 13th Gen i7-1365U Deca-core (10 Core) - 16 GB Total RAM - 16 GB On-Board Memory - 256 GB SSD : Amazon.in: Electronics",edge,Default,amazon.in,shopping,2026-01-24,9,Saturday
2026-01-24 09:54:23.041931,https://www.dell.com/en-in/shop/laptop-notebook-computers/scr/laptops/appref=latitude-product-line,Dell Latitude Laptop Computers & 2-in-1 PCs | Dell India,edge,Default,dell.com,other,2026-01-24,9,Saturday
2026-01-24 09:54:41.042145,https://www.dell.com/en-in/shop/laptop-notebook-computers/latitude-5340-laptop-or-2-in-1/spd/latitude-13-5340-2-in-1-laptop,Dell Latitude 13 inch 2 in 1 laptop with Intel 13th Gen | Dell India,edge,Default,dell.com,other,2026-01-24,9,Saturday
2026-01-24 09:54:45.671109,https://www.dell.com/en-in/shop/laptop-notebook-computers/latitude-5340-laptop-or-2-in-1/spd/latitude-13-5340-2-in-1-laptop#features_section,Dell Latitude 13 inch 2 in 1 laptop with Intel 13th Gen | Dell India,edge,Default,dell.com,other,2026-01-24,9,Saturday
2026-01-24 10:16:16.683879,https://www.google.com/search,dell latitude 5340 datasheet pdf - Google Search,edge,Default,google.com,search,2026-01-24,10,Saturday
2026-01-24 10:16:26.344260,https://www.google.com/search,L5340 2in1 Core i7-1365U/32gb/512ssd/W11pro/FHD/NO BLK/13”/ - Google Search,edge,Default,google.com,search,2026-01-24,10,Saturday
2026-01-24 10:16:35.098328,https://www.google.com/search,dell latitude 5340 datasheet pdf - Google Search,edge,Default,google.com,search,2026-01-24,10,Saturday
2026-01-24 10:16:40.930226,https://www.dell.com/support/manuals/en-in/latitude-13-5340-2-in-1-laptop/latitude-5340-owners-manual/specifications-of-latitude-5340latitude-5340-2-in-1,Dell Latitude 5340/Latitude 5340 2-in-1 Owner's Manual | Dell India,edge,Default,dell.com,other,2026-01-24,10,Saturday
2026-01-24 10:16:47.934735,https://tecomtrade.hr/media/product/2024/02/05/latitude-5x40-spec-sheet-1_8.pdf,latitude-5x40-spec-sheet-1_8.pdf,edge,Default,tecomtrade.hr,other,2026-01-24,10,Saturday
2026-01-25 06:19:22.071645,https://www.google.com/search,personality development classes - Google Search,edge,Default,google.com,search,2026-01-25,6,Sunday
2026-01-25 06:19:25.413500,https://www.google.com/search,personality development classes - Google Search,edge,Default,google.com,search,2026-01-25,6,Sunday
2026-01-25 06:19:40.415535,https://www.google.com/search,"personality development classes near Salem, Tamil Nadu - Google Search",edge,Default,google.com,search,2026-01-25,6,Sunday
2026-01-25 06:20:12.752557,https://www.aalayamacademy.com/,Aalyam Academy,edge,Default,aalayamacademy.com,other,2026-01-25,6,Sunday
2026-01-25 06:20:49.631027,https://www.google.com/search,"personality development classes near Salem, Tamil Nadu - Google Search",edge,Default,google.com,search,2026-01-25,6,Sunday
2026-01-25 06:22:17.136083,https://www.britishschooloflanguages.com/personality-development/salem,Best Personality Development Courses in Salem,edge,Default,britishschooloflanguages.com,other,2026-01-25,6,Sunday
2026-01-25 06:22:26.506618,https://www.google.com/search,"personality development classes near Salem, Tamil Nadu - Google Search",edge,Default,google.com,search,2026-01-25,6,Sunday
2026-01-25 06:22:55.386388,https://www.google.com/search,"personality development classes near Salem, Tamil Nadu - Google Search",edge,Default,google.com,search,2026-01-25,6,Sunday
2026-01-25 06:23:02.267293,https://www.google.com/search,"personality development classes near Salem, Tamil Nadu - Google Search",edge,Default,google.com,search,2026-01-25,6,Sunday
2026-01-25 06:24:22.380311,https://www.justdial.com/,Find Businesses Near You on Local Search Engine - Justdial,edge,Default,justdial.com,other,2026-01-25,6,Sunday
2026-01-25 06:24:25.258558,https://www.justdial.com/,Find Businesses Near You on Local Search Engine - Justdial,edge,Default,justdial.com,other,2026-01-25,6,Sunday
2026-01-25 06:24:26.075102,https://www.justdial.com/Salem/Personality-Development/nct-10359679,Top Personality Development in Salem - Best Protocol Training near me - Justdial,edge,Default,justdial.com,other,2026-01-25,6,Sunday
2026-01-25 06:25:14.609295,"https://www.udemy.com/courses/personal-development/#:~:text=Get%20The%2060%20PMP%20PDUs,Bestseller",Online Personal Development Courses,edge,Default,udemy.com,other,2026-01-25,6,Sunday
2026-01-25 06:25:15.112394,https://www.udemy.com/courses/personal-development/,Online Personal Development Courses,edge,Default,udemy.com,other,2026-01-25,6,Sunday
2026-01-25 06:25:25.098880,https://www.google.com/search,"personality development classes near salem, tamil nadu - Google Search",edge,Default,google.com,search,2026-01-25,6,Sunday
2026-01-25 06:28:54.473743,https://www.jairaminfo.in/,"JAIRAM ARTS AND SCIENCE COLLEGE, SALEM",edge,Default,jairaminfo.in,other,2026-01-25,6,Sunday
2026-01-25 09:49:12.315945,https://www.google.com/search,"personality development classes near salem, tamil nadu - Google Search",edge,Default,google.com,search,2026-01-25,9,Sunday
2026-01-25 09:55:36.034283,https://www.google.com/search,ncs. gov. in - Google Search,edge,Default,google.com,search,2026-01-25,9,Sunday
2026-01-25 09:55:37.226411,https://www.google.com/search,ncs. gov. in - Google Search,edge,Default,google.com,search,2026-01-25,9,Sunday
2026-01-25 10:01:07.614137,https://betacloud.ncs.gov.in/login/employer,NcsNewWebsite,edge,Default,ncs.gov.in,other,2026-01-25,10,Sunday
2026-01-25 10:04:21.235441,https://betacloud.ncs.gov.in/login/onboarding,NcsNewWebsite,edge,Default,ncs.gov.in,other,2026-01-25,10,Sunday
2026-01-25 10:18:31.006416,https://www.google.com/search,canva - Google Search,edge,Default,google.com,search,2026-01-25,10,Sunday
2026-01-25 10:18:34.346086,https://www.canva.in/,Canva: Visual Suite for Everyone,edge,Default,canva.in,other,2026-01-25,10,Sunday
2026-01-25 10:18:45.183634,https://www.google.com/search,chatgpt - Google Search,edge,Default,google.com,search,2026-01-25,10,Sunday
2026-01-25 10:18:56.064449,https://www.canva.com/s/designs,Search - Canva,edge,Default,canva.com,design,2026-01-25,10,Sunday
2026-01-25 10:22:01.445569,https://www.google.com/search,whatsapp web - Google Search,edge,Default,google.com,search,2026-01-25,10,Sunday
2026-01-25 10:22:58.460864,https://www.google.com/search,whatsapp web - Google Search,edge,Default,google.com,search,2026-01-25,10,Sunday
2026-01-25 10:26:57.188447,https://www.google.com/search,whatsapp web - Google Search,edge,Default,google.com,search,2026-01-25,10,Sunday
2026-01-25 10:27:03.646445,https://www.google.com/search,whatsapp web login - Google Search,edge,Default,google.com,search,2026-01-25,10,Sunday
2026-01-25 10:28:41.233920,https://www.google.com/search,whatsapp web - Google Search,edge,Default,google.com,search,2026-01-25,10,Sunday
2026-01-25 10:29:52.573532,https://www.canva.com/design/DAG96MLYVT8/QTBwV7pt2Epwpyou-TyErQ/edit,White & Peach Modern Professional Resume - A4,edge,Default,canva.com,design,2026-01-25,10,Sunday
2026-01-25 10:31:56.108986,https://www.msn.com/en-in/entertainment/news/border-2-box-office-collections-day-1-sunny-deol-starrer-earns-rs-30-crore-ranks-among-highest-opening-day-collections/ar-AA1UR6vb,'Border 2' box office collections day 1: Sunny Deol starrer earns Rs 30 crore; ranks among highest opening day collections,edge,Default,msn.com,other,2026-01-25,10,Sunday
2026-01-25 10:32:10.707275,file:///C:/Users/Siva/Desktop/eco_type/colab/sowba%20resume.pdf,White & Peach Modern Professional Resume,edge,Default,.,other,2026-01-25,10,Sunday
2026-01-25 10:41:51.809389,https://chatgpt.com/c/6975f36e-4e6c-8323-9ee9-277465eeeb96,Canva description request,edge,Default,chatgpt.com,learning,2026-01-25,10,Sunday
2026-01-25 10:45:02.273695,https://www.google.com/search,chatgpt - Google Search,edge,Default,google.com,search,2026-01-25,10,Sunday
2026-01-25 10:45:12.875519,https://www.google.com/search,ncs. gov. in - Google Search,edge,Default,google.com,search,2026-01-25,10,Sunday
2026-01-25 10:45:13.790759,https://www.google.com/search,ncs. gov. in - Google Search,edge,Default,google.com,search,2026-01-25,10,Sunday
2026-01-25 10:47:58.672365,https://services.india.gov.in/service/listing,Jobs | National Government Services Portal,edge,Default,india.gov.in,other,2026-01-25,10,Sunday
2026-01-25 10:48:18.784478,https://services.india.gov.in/service/listing,Jobs | National Government Services Portal,edge,Default,india.gov.in,other,2026-01-25,10,Sunday
2026-01-25 10:48:20.688610,https://services.india.gov.in/service/listing,Career Information | National Government Services Portal,edge,Default,india.gov.in,other,2026-01-25,10,Sunday
2026-01-25 10:48:42.511382,https://www.google.com/search,youtube - Google Search,edge,Default,google.com,search,2026-01-25,10,Sunday
2026-01-25 10:49:18.928278,https://www.youtube.com/,(8) YouTube,edge,Default,youtube.com,entertainment,2026-01-25,10,Sunday
2026-01-25 10:49:18.947245,https://www.youtube.com/results,how to apply tcs jobs for freshers - YouTube,edge,Default,youtube.com,entertainment,2026-01-25,10,Sunday
2026-01-25 10:49:25.577896,https://www.youtube.com/results,how to apply tcs jobs in tamil - YouTube,edge,Default,youtube.com,entertainment,2026-01-25,10,Sunday
2026-01-25 10:50:16.946671,https://www.youtube.com/results,how to apply job in ncs portal in tamil - YouTube,edge,Default,youtube.com,entertainment,2026-01-25,10,Sunday
2026-01-25 10:50:22.301580,https://www.youtube.com/watch,How to Get Job Calls Faster? Government Portal You Must Know! | NCS Explained in Tamil | MohanaRani - YouTube,edge,Default,youtube.com,entertainment,2026-01-25,10,Sunday
2026-01-25 10:53:32.718366,https://www.google.com/search,ncs. gov. in - Google Search,edge,Default,google.com,search,2026-01-25,10,Sunday
2026-01-25 10:53:33.652139,https://www.google.com/search,ncs. gov. in - Google Search,edge,Default,google.com,search,2026-01-25,10,Sunday
2026-01-25 10:53:53.747234,https://www.google.com/search,ncs. gov. in - Google Search,edge,Default,google.com,search,2026-01-25,10,Sunday
2026-01-25 10:54:01.270124,https://services.india.gov.in/service/detail/apply-for-jobs-on-national-career-service-portal-1,Apply for jobs on National Career Service Portal | National Government Services Portal,edge,Default,india.gov.in,other,2026-01-25,10,Sunday
2026-01-25 10:54:06.177967,https://www.google.com/search,ncs. gov. in - Google Search,edge,Default,google.com,search,2026-01-25,10,Sunday
2026-01-25 10:54:16.617698,https://www.google.com/search,ncs gov in work from home registration online - Google Search,edge,Default,google.com,search,2026-01-25,10,Sunday
2026-01-25 10:54:24.680207,https://www.google.com/search,ncs. gov. in - Google Search,edge,Default,google.com,search,2026-01-25,10,Sunday
2026-01-25 10:54:25.424075,https://www.google.com/search,ncs. gov. in - Google Search,edge,Default,google.com,search,2026-01-25,10,Sunday
2026-01-25 10:58:06.819211,https://www.ncs.gov.in/User_Manuals/Jobseeker%20Handbook.pdf,Jobseeker Handbook.pdf,edge,Default,ncs.gov.in,other,2026-01-25,10,Sunday
2026-01-25 11:05:54.398801,https://www.google.com/search,whatsapp web - Google Search,edge,Default,google.com,search,2026-01-25,11,Sunday
2026-01-27 03:47:43.752587,https://www.google.com/search,guvi courses - Google Search,edge,Default,google.com,search,2026-01-27,3,Tuesday
2026-01-27 03:48:23.568662,https://www.guvi.in/code-kata/max-element-using-bitwise-and/,HCL GUVI | Learn to code in your native language,edge,Default,guvi.in,learning,2026-01-27,3,Tuesday
2026-01-27 03:49:02.189036,https://chatgpt.com/c/697835a3-dc1c-8321-80b0-f3d34ebb9018,Bitwise AND Python Program,edge,Default,chatgpt.com,learning,2026-01-27,3,Tuesday
2026-01-27 03:53:16.591029,https://www.guvi.in/code-kata/reverse-a-string-2/,HCL GUVI | Learn to code in your native language,edge,Default,guvi.in,learning,2026-01-27,3,Tuesday
2026-01-27 03:54:02.923051,https://www.guvi.in/code-kata/unique-characters-in-a-string/,HCL GUVI | Learn to code in your native language,edge,Default,guvi.in,learning,2026-01-27,3,Tuesday
2026-01-27 03:55:07.350223,https://www.guvi.in/code-kata/reverse-words-except-ends/,HCL GUVI | Learn to code in your native language,edge,Default,guvi.in,learning,2026-01-27,3,Tuesday
2026-01-27 03:56:11.916325,https://www.guvi.in/code-kata/roman-numeral-to-integer-conversion/,HCL GUVI | Learn to code in your native language,edge,Default,guvi.in,learning,2026-01-27,3,Tuesday
2026-01-27 03:57:05.377005,https://www.guvi.in/code-kata/isomorphic-strings/,HCL GUVI | Learn to code in your native language,edge,Default,guvi.in,learning,2026-01-27,3,Tuesday
2026-01-27 03:59:58.295965,https://www.guvi.in/code-kata/swap-odd-even-string-characters/,HCL GUVI | Learn to code in your native language,edge,Default,guvi.in,learning,2026-01-27,3,Tuesday
2026-01-27 04:00:51.310053,https://www.guvi.in/code-kata/camelcase-conversion/,HCL GUVI | Learn to code in your native language,edge,Default,guvi.in,learning,2026-01-27,4,Tuesday
2026-01-27 04:01:26.688808,https://www.guvi.in/code-kata/prime-count-in-a-range/,HCL GUVI | Learn to code in your native language,edge,Default,guvi.in,learning,2026-01-27,4,Tuesday
2026-01-27 04:02:13.982035,https://www.guvi.in/code-kata/one-character-difference/,HCL GUVI | Learn to code in your native language,edge,Default,guvi.in,learning,2026-01-27,4,Tuesday
2026-01-27 04:02:59.995502,https://www.guvi.in/code-kata/holiday-check/,HCL GUVI | Learn to code in your native language,edge,Default,guvi.in,learning,2026-01-27,4,Tuesday
2026-01-27 04:03:35.988349,https://www.guvi.in/code-kata/cyclic-right-shift-array/,HCL GUVI | Learn to code in your native language,edge,Default,guvi.in,learning,2026-01-27,4,Tuesday
2026-01-27 04:04:39.306917,https://www.guvi.in/code-kata/sum-of-squares-of-digits/,HCL GUVI | Learn to code in your native language,edge,Default,guvi.in,learning,2026-01-27,4,Tuesday
2026-01-27 04:05:44.843201,https://www.guvi.in/code-kata/reverse-string-after-removing-vowels/,HCL GUVI | Learn to code in your native language,edge,Default,guvi.in,learning,2026-01-27,4,Tuesday
2026-01-27 04:06:26.632892,https://www.guvi.in/code-kata/max-repeated-character-count/,HCL GUVI | Learn to code in your native language,edge,Default,guvi.in,learning,2026-01-27,4,Tuesday
2026-01-27 04:07:02.888868,https://www.guvi.in/code-kata/find-the-unique-number-2/,HCL GUVI | Learn to code in your native language,edge,Default,guvi.in,learning,2026-01-27,4,Tuesday
2026-01-27 04:08:33.678785,https://www.guvi.in/code-kata/smallest-lcm-of-two-numbers/,HCL GUVI | Learn to code in your native language,edge,Default,guvi.in,learning,2026-01-27,4,Tuesday
2026-01-27 04:09:21.226999,https://www.guvi.in/code-kata/anagram-count-for-kabali/,HCL GUVI | Learn to code in your native language,edge,Default,guvi.in,learning,2026-01-27,4,Tuesday
2026-01-27 04:10:02.951392,https://www.guvi.in/code-kata/sorted-prime-factors/,HCL GUVI | Learn to code in your native language,edge,Default,guvi.in,learning,2026-01-27,4,Tuesday
2026-01-27 04:10:42.499576,https://www.guvi.in/code-kata/encode-string-by-adding-3/,HCL GUVI | Learn to code in your native language,edge,Default,guvi.in,learning,2026-01-27,4,Tuesday
2026-01-27 04:11:30.650397,https://www.guvi.in/code-kata/collinearity-of-three-points/,HCL GUVI | Learn to code in your native language,edge,Default,guvi.in,learning,2026-01-27,4,Tuesday
2026-01-27 04:12:07.779574,https://www.guvi.in/code-kata/greatest-common-divisor-2/,HCL GUVI | Learn to code in your native language,edge,Default,guvi.in,learning,2026-01-27,4,Tuesday
2026-01-27 04:12:44.870866,https://www.guvi.in/code-kata/max-after-each-insertion/,HCL GUVI | Learn to code in your native language,edge,Default,guvi.in,learning,2026-01-27,4,Tuesday
2026-01-27 04:13:25.898083,https://www.guvi.in/code-kata/string-numeric-validation/,HCL GUVI | Learn to code in your native language,edge,Default,guvi.in,learning,2026-01-27,4,Tuesday
2026-01-27 04:14:01.128535,https://www.guvi.in/code-kata/sort-strings-by-length-and-lexicographically/,HCL GUVI | Learn to code in your native language,edge,Default,guvi.in,learning,2026-01-27,4,Tuesday
2026-01-27 04:14:39.284049,https://www.guvi.in/code-kata/remove-extra-spaces/,HCL GUVI | Learn to code in your native language,edge,Default,guvi.in,learning,2026-01-27,4,Tuesday
2026-01-27 04:15:25.177108,https://www.guvi.in/code-kata/string-case-conversion/,HCL GUVI | Learn to code in your native language,edge,Default,guvi.in,learning,2026-01-27,4,Tuesday
2026-01-27 04:15:59.874949,https://www.guvi.in/code-kata/space-removal-from-string/,HCL GUVI | Learn to code in your native language,edge,Default,guvi.in,learning,2026-01-27,4,Tuesday
2026-01-27 04:16:34.565641,https://www.guvi.in/code-kata/counting-perfect-squares-in-a-range/,HCL GUVI | Learn to code in your native language,edge,Default,guvi.in,learning,2026-01-27,4,Tuesday
2026-01-27 04:17:13.055856,https://www.guvi.in/code-kata/string-difference-check/,HCL GUVI | Learn to code in your native language,edge,Default,guvi.in,learning,2026-01-27,4,Tuesday
2026-01-27 04:17:46.372725,https://www.guvi.in/code-kata/parentheses-balancing/,HCL GUVI | Learn to code in your native language,edge,Default,guvi.in,learning,2026-01-27,4,Tuesday
2026-01-27 04:18:22.957236,https://www.guvi.in/code-kata/sorted-array-search/,HCL GUVI | Learn to code in your native language,edge,Default,guvi.in,learning,2026-01-27,4,Tuesday
2026-01-27 04:20:03.359933,https://www.guvi.in/code-kata/counting-islands-in-a-matrix-2/,HCL GUVI | Learn to code in your native language,edge,Default,guvi.in,learning,2026-01-27,4,Tuesday
2026-01-27 04:20:44.953618,https://www.guvi.in/code-kata/count-occurrences-of-k-in-n/,HCL GUVI | Learn to code in your native language,edge,Default,guvi.in,learning,2026-01-27,4,Tuesday
2026-01-27 04:21:21.720673,https://www.guvi.in/code-kata/print-1st-and-3rd-character/,HCL GUVI | Learn to code in your native language,edge,Default,guvi.in,learning,2026-01-27,4,Tuesday
2026-01-27 04:21:59.287132,https://www.guvi.in/code-kata/least-repeated-characters/,HCL GUVI | Learn to code in your native language,edge,Default,guvi.in,learning,2026-01-27,4,Tuesday
2026-01-27 04:24:35.395053,https://www.guvi.in/code-kata/minimum-snow-drifts/,HCL GUVI | Learn to code in your native language,edge,Default,guvi.in,learning,2026-01-27,4,Tuesday
2026-01-27 04:25:51.716827,https://www.guvi.in/code-kata/even-factors-of-a-number/,HCL GUVI | Learn to code in your native language,edge,Default,guvi.in,learning,2026-01-27,4,Tuesday
2026-01-27 04:26:30.711593,https://www.guvi.in/code-kata/prime-pairs-for-a-number/,HCL GUVI | Learn to code in your native language,edge,Default,guvi.in,learning,2026-01-27,4,Tuesday
2026-01-27 04:28:30.601601,https://www.guvi.in/code-kata/power-of-two-check-2/,HCL GUVI | Learn to code in your native language,edge,Default,guvi.in,learning,2026-01-27,4,Tuesday
2026-01-27 04:29:52.676527,https://www.guvi.in/code-kata/power-of-a-number/,HCL GUVI | Learn to code in your native language,edge,Default,guvi.in,learning,2026-01-27,4,Tuesday
2026-01-27 04:31:27.049678,https://www.guvi.in/code-kata/check-sorted-array/,HCL GUVI | Learn to code in your native language,edge,Default,guvi.in,learning,2026-01-27,4,Tuesday
2026-01-27 04:32:10.387068,https://www.guvi.in/code-kata/substring-check-2/,HCL GUVI | Learn to code in your native language,edge,Default,guvi.in,learning,2026-01-27,4,Tuesday
2026-01-27 04:33:00.009365,https://www.guvi.in/code-kata/rectangle-with-integer-sides/,HCL GUVI | Learn to code in your native language,edge,Default,guvi.in,learning,2026-01-27,4,Tuesday
2026-01-27 04:36:13.349920,https://www.guvi.in/code-kata/sine-of-an-angle/,HCL GUVI | Learn to code in your native language,edge,Default,guvi.in,learning,2026-01-27,4,Tuesday
2026-01-27 04:39:04.820609,https://www.guvi.in/code-kata/triangle-interior-angles-check/,HCL GUVI | Learn to code in your native language,edge,Default,guvi.in,learning,2026-01-27,4,Tuesday
2026-01-27 04:39:56.759349,https://www.guvi.in/code-kata/odd-factors-of-a-number/,HCL GUVI | Learn to code in your native language,edge,Default,guvi.in,learning,2026-01-27,4,Tuesday
2026-01-27 04:40:42.275973,https://www.guvi.in/code-kata/integer-or-long/,HCL GUVI | Learn to code in your native language,edge,Default,guvi.in,learning,2026-01-27,4,Tuesday
2026-01-27 04:43:03.325129,https://www.guvi.in/code-kata/divisibility-check-of-a-number/,HCL GUVI | Learn to code in your native language,edge,Default,guvi.in,learning,2026-01-27,4,Tuesday
2026-01-27 04:43:57.965089,https://www.guvi.in/code-kata/bitwise-and-of-array-elements/,HCL GUVI | Learn to code in your native language,edge,Default,guvi.in,learning,2026-01-27,4,Tuesday
2026-01-27 04:44:52.994918,https://www.guvi.in/code-kata/bitwise-or-of-array-elements/,HCL GUVI | Learn to code in your native language,edge,Default,guvi.in,learning,2026-01-27,4,Tuesday
2026-01-27 04:45:39.007746,https://www.guvi.in/code-kata/max-bitwise-or-of-segments/,HCL GUVI | Learn to code in your native language,edge,Default,guvi.in,learning,2026-01-27,4,Tuesday
2026-01-27 04:46:43.231918,https://www.guvi.in/code-kata/bitwise-not-of-a-number/,HCL GUVI | Learn to code in your native language,edge,Default,guvi.in,learning,2026-01-27,4,Tuesday
2026-01-27 04:47:32.003609,https://www.guvi.in/code-kata/bitwise-xor-of-array-elements/,HCL GUVI | Learn to code in your native language,edge,Default,guvi.in,learning,2026-01-27,4,Tuesday
2026-01-27 05:02:58.442201,https://www.guvi.in/code-kata/bitwise-left-shift/,HCL GUVI | Learn to code in your native language,edge,Default,guvi.in,learning,2026-01-27,5,Tuesday
2026-01-27 05:03:22.379275,https://www.guvi.in/code-kata/bitwise-right-shift/,HCL GUVI | Learn to code in your native language,edge,Default,guvi.in,learning,2026-01-27,5,Tuesday
2026-01-27 05:04:40.866038,https://www.guvi.in/code-kata/permutation-calculation/,HCL GUVI | Learn to code in your native language,edge,Default,guvi.in,learning,2026-01-27,5,Tuesday
2026-01-27 05:05:38.076907,https://www.guvi.in/code-kata/combination-calculation/,HCL GUVI | Learn to code in your native language,edge,Default,guvi.in,learning,2026-01-27,5,Tuesday
2026-01-27 05:06:32.021057,https://www.guvi.in/code-kata/decimal-to-binary-conversion/,HCL GUVI | Learn to code in your native language,edge,Default,guvi.in,learning,2026-01-27,5,Tuesday
2026-01-27 05:07:29.238996,https://www.guvi.in/code-kata/binary-to-decimal-conversion/,HCL GUVI | Learn to code in your native language,edge,Default,guvi.in,learning,2026-01-27,5,Tuesday
2026-01-27 05:09:23.483665,https://www.guvi.in/code-kata/swap-adjacent-elements/,HCL GUVI | Learn to code in your native language,edge,Default,guvi.in,learning,2026-01-27,5,Tuesday
2026-01-27 05:10:34.075808,https://www.guvi.in/code-kata/repeating-digits-check/,HCL GUVI | Learn to code in your native language,edge,Default,guvi.in,learning,2026-01-27,5,Tuesday
2026-01-27 05:22:03.390812,https://chatgpt.com/auth/login,Get started | ChatGPT,edge,Default,chatgpt.com,learning,2026-01-27,5,Tuesday
2026-01-27 05:22:24.532024,https://chatgpt.com/c/69784b8c-ddd4-8324-8bb7-22b4c68144f9,Sum of First and Last Digit,edge,Default,chatgpt.com,learning,2026-01-27,5,Tuesday
2026-01-27 05:22:54.154817,https://www.guvi.in/code-kata/sum-of-odd-numbers-in-a-range/,HCL GUVI | Learn to code in your native language,edge,Default,guvi.in,learning,2026-01-27,5,Tuesday
2026-01-27 05:23:29.853805,https://www.guvi.in/code-kata/check-digits-0-to-k-in-n/,HCL GUVI | Learn to code in your native language,edge,Default,guvi.in,learning,2026-01-27,5,Tuesday
2026-01-27 05:24:04.439485,https://www.guvi.in/code-kata/binary-to-octal-conversion/,HCL GUVI | Learn to code in your native language,edge,Default,guvi.in,learning,2026-01-27,5,Tuesday
2026-01-27 05:24:33.854055,https://www.guvi.in/code-kata/binary-to-hexadecimal-conversion/,HCL GUVI | Learn to code in your native language,edge,Default,guvi.in,learning,2026-01-27,5,Tuesday
2026-01-27 05:25:02.800210,https://www.guvi.in/code-kata/max-sum-of-adjacent-pairs/,HCL GUVI | Learn to code in your native language,edge,Default,guvi.in,learning,2026-01-27,5,Tuesday
2026-01-27 05:25:42.115685,https://www.guvi.in/code-kata/max-sum-of-consecutive-pairs/,HCL GUVI | Learn to code in your native language,edge,Default,guvi.in,learning,2026-01-27,5,Tuesday
2026-01-27 05:30:23.055705,https://www.guvi.in/code-kata/sum-of-consecutive-pairs/,HCL GUVI | Learn to code in your native language,edge,Default,guvi.in,learning,2026-01-27,5,Tuesday
2026-01-27 05:31:17.482310,https://www.guvi.in/code-kata/sort-and-print-original-indices/,HCL GUVI | Learn to code in your native language,edge,Default,guvi.in,learning,2026-01-27,5,Tuesday
2026-01-27 05:31:54.860160,https://www.guvi.in/code-kata/remove-duplicates-from-array/,HCL GUVI | Learn to code in your native language,edge,Default,guvi.in,learning,2026-01-27,5,Tuesday
2026-01-27 05:32:28.938151,https://www.guvi.in/code-kata/word-position-in-string/,HCL GUVI | Learn to code in your native language,edge,Default,guvi.in,learning,2026-01-27,5,Tuesday
2026-01-27 05:33:11.244775,https://www.guvi.in/code-kata/prefix-sum-array/,HCL GUVI | Learn to code in your native language,edge,Default,guvi.in,learning,2026-01-27,5,Tuesday
2026-01-27 05:33:49.770014,https://www.guvi.in/code-kata/suffix-sum-of-an-array/,HCL GUVI | Learn to code in your native language,edge,Default,guvi.in,learning,2026-01-27,5,Tuesday
2026-01-27 05:36:01.479208,https://www.guvi.in/code-kata/prefix-and-suffix-sum/,HCL GUVI | Learn to code in your native language,edge,Default,guvi.in,learning,2026-01-27,5,Tuesday
2026-01-27 05:40:59.577687,https://www.guvi.in/code-kata/common-numbers-in-sorted-order/,HCL GUVI | Learn to code in your native language,edge,Default,guvi.in,learning,2026-01-27,5,Tuesday
2026-01-27 05:41:55.317486,https://www.guvi.in/code-kata/counting-subarrays/,HCL GUVI | Learn to code in your native language,edge,Default,guvi.in,learning,2026-01-27,5,Tuesday
2026-01-27 05:54:22.662724,https://classify.zenclass.in/integration,Classify,edge,Default,zenclass.in,learning,2026-01-27,5,Tuesday
2026-01-27 05:54:23.548874,https://classify.zenclass.in/meet-dashboard-new,Classify,edge,Default,zenclass.in,learning,2026-01-27,5,Tuesday
2026-01-28 03:35:13.371278,https://www.guvi.in/code-kata/date-format-validation/,HCL GUVI | Learn to code in your native language,edge,Default,guvi.in,learning,2026-01-28,3,Wednesday
2026-01-28 03:35:53.159701,https://www.guvi.in/code-kata/equalize-string-lengths/,HCL GUVI | Learn to code in your native language,edge,Default,guvi.in,learning,2026-01-28,3,Wednesday
2026-01-28 03:36:14.657605,https://classify.zenclass.in/meet-dashboard-new,Classify,edge,Default,zenclass.in,learning,2026-01-28,3,Wednesday
2026-01-28 03:37:42.289014,https://www.guvi.in/code-kata/character-frequency-sort/,HCL GUVI | Learn to code in your native language,edge,Default,guvi.in,learning,2026-01-28,3,Wednesday
2026-01-28 03:45:37.036835,https://www.guvi.in/code-kata/reverse-string-with-separator/,HCL GUVI | Learn to code in your native language,edge,Default,guvi.in,learning,2026-01-28,3,Wednesday
2026-01-28 03:46:17.040596,https://www.guvi.in/code-kata/longest-word-in-a-sentence/,HCL GUVI | Learn to code in your native language,edge,Default,guvi.in,learning,2026-01-28,3,Wednesday
2026-01-28 03:48:16.654328,https://www.guvi.in/code-kata/hexadecimal-to-decimal-conversion/,HCL GUVI | Learn to code in your native language,edge,Default,guvi.in,learning,2026-01-28,3,Wednesday
2026-01-28 03:48:58.784476,https://www.guvi.in/code-kata/lexicographically-smallest-string/,HCL GUVI | Learn to code in your native language,edge,Default,guvi.in,learning,2026-01-28,3,Wednesday
2026-01-28 03:49:44.334286,https://www.guvi.in/code-kata/date-to-month-name-conversion/,HCL GUVI | Learn to code in your native language,edge,Default,guvi.in,learning,2026-01-28,3,Wednesday
2026-01-28 03:50:20.610626,https://www.guvi.in/code-kata/prime-factorization/,HCL GUVI | Learn to code in your native language,edge,Default,guvi.in,learning,2026-01-28,3,Wednesday
2026-01-28 03:51:23.665324,https://www.guvi.in/code-kata/smallest-divisible-number/,HCL GUVI | Learn to code in your native language,edge,Default,guvi.in,learning,2026-01-28,3,Wednesday
2026-01-28 03:52:05.930233,https://www.guvi.in/code-kata/greatest-common-divisor/,HCL GUVI | Learn to code in your native language,edge,Default,guvi.in,learning,2026-01-28,3,Wednesday
2026-01-28 03:52:56.832790,https://www.guvi.in/code-kata/print-numbers-with-frequency-k/,HCL GUVI | Learn to code in your native language,edge,Default,guvi.in,learning,2026-01-28,3,Wednesday
2026-01-28 03:53:36.467711,https://www.guvi.in/code-kata/string-deletion/,HCL GUVI | Learn to code in your native language,edge,Default,guvi.in,learning,2026-01-28,3,Wednesday
2026-01-28 03:55:44.601638,https://www.guvi.in/code-kata/even-or-odd-product/,HCL GUVI | Learn to code in your native language,edge,Default,guvi.in,learning,2026-01-28,3,Wednesday
2026-01-28 03:56:28.603081,https://www.guvi.in/code-kata/minimum-subarray-sum-2/,HCL GUVI | Learn to code in your native language,edge,Default,guvi.in,learning,2026-01-28,3,Wednesday
2026-01-28 03:57:33.694846,https://www.guvi.in/code-kata/conditional-prefix-sum-array/,HCL GUVI | Learn to code in your native language,edge,Default,guvi.in,learning,2026-01-28,3,Wednesday
2026-01-28 03:58:26.624445,https://www.guvi.in/code-kata/odd-digit-sum-check/,HCL GUVI | Learn to code in your native language,edge,Default,guvi.in,learning,2026-01-28,3,Wednesday
2026-01-28 03:59:11.094320,https://www.guvi.in/code-kata/max-length-alternating-digits-substring/,HCL GUVI | Learn to code in your native language,edge,Default,guvi.in,learning,2026-01-28,3,Wednesday
2026-01-28 04:01:02.704357,https://www.guvi.in/code-kata/reachable-point/,HCL GUVI | Learn to code in your native language,edge,Default,guvi.in,learning,2026-01-28,4,Wednesday
2026-01-28 04:01:53.119358,https://www.guvi.in/code-kata/find-smallest-in-range/,HCL GUVI | Learn to code in your native language,edge,Default,guvi.in,learning,2026-01-28,4,Wednesday
2026-01-28 04:03:40.092850,https://www.guvi.in/code-kata/sort-half-ascending-half-descending/,HCL GUVI | Learn to code in your native language,edge,Default,guvi.in,learning,2026-01-28,4,Wednesday
2026-01-28 04:09:31.539613,https://www.guvi.in/code-kata/count-number-occurrences/,HCL GUVI | Learn to code in your native language,edge,Default,guvi.in,learning,2026-01-28,4,Wednesday
2026-01-28 04:10:18.065706,https://www.guvi.in/code-kata/first-1-s-position-from-right/,HCL GUVI | Learn to code in your native language,edge,Default,guvi.in,learning,2026-01-28,4,Wednesday
2026-01-28 04:11:07.725560,https://www.guvi.in/code-kata/power-of-two-check/,HCL GUVI | Learn to code in your native language,edge,Default,guvi.in,learning,2026-01-28,4,Wednesday
2026-01-28 04:11:52.496803,https://www.guvi.in/code-kata/count-set-bits-in-binary/,HCL GUVI | Learn to code in your native language,edge,Default,guvi.in,learning,2026-01-28,4,Wednesday
2026-01-28 04:12:44.738361,https://www.guvi.in/code-kata/string-character-check/,HCL GUVI | Learn to code in your native language,edge,Default,guvi.in,learning,2026-01-28,4,Wednesday
2026-01-28 04:13:43.021336,https://www.guvi.in/code-kata/consecutive-string-check/,HCL GUVI | Learn to code in your native language,edge,Default,guvi.in,learning,2026-01-28,4,Wednesday
2026-01-28 04:14:51.339515,https://www.guvi.in/code-kata/consecutive-string-check-2/,HCL GUVI | Learn to code in your native language,edge,Default,guvi.in,learning,2026-01-28,4,Wednesday
2026-01-28 04:15:41.689389,https://www.guvi.in/code-kata/sort-array-by-weights/,HCL GUVI | Learn to code in your native language,edge,Default,guvi.in,learning,2026-01-28,4,Wednesday
2026-01-28 04:16:28.603513,https://www.guvi.in/code-kata/divisible-by-previous-integer/,HCL GUVI | Learn to code in your native language,edge,Default,guvi.in,learning,2026-01-28,4,Wednesday
2026-01-28 04:17:45.766303,https://www.guvi.in/code-kata/permutation-check-of-1-to-n/,HCL GUVI | Learn to code in your native language,edge,Default,guvi.in,learning,2026-01-28,4,Wednesday
2026-01-28 04:19:13.951939,https://www.guvi.in/code-kata/factorial-ratio/,HCL GUVI | Learn to code in your native language,edge,Default,guvi.in,learning,2026-01-28,4,Wednesday
2026-01-28 04:19:34.867562,https://www.guvi.in/code-kata/is-graph-a-tree/,HCL GUVI | Learn to code in your native language,edge,Default,guvi.in,learning,2026-01-28,4,Wednesday
2026-01-28 04:20:33.743330,https://www.guvi.in/code-kata/cycle-detection-in-directed-graph/,HCL GUVI | Learn to code in your native language,edge,Default,guvi.in,learning,2026-01-28,4,Wednesday
2026-01-28 04:22:22.833495,https://www.guvi.in/code-kata/shortest-path-in-graph/,HCL GUVI | Learn to code in your native language,edge,Default,guvi.in,learning,2026-01-28,4,Wednesday
2026-01-28 04:23:24.642709,https://www.guvi.in/code-kata/max-length-alternating-vowel-consonant-substring/,HCL GUVI | Learn to code in your native language,edge,Default,guvi.in,learning,2026-01-28,4,Wednesday
2026-01-28 04:23:44.416667,https://chatgpt.com/c/69798f43-88bc-8322-a605-7cff91449920,Max Length Alternating Substring,edge,Default,chatgpt.com,learning,2026-01-28,4,Wednesday
2026-01-28 04:25:05.906849,https://www.guvi.in/code-kata/extract-kth-character/,HCL GUVI | Learn to code in your native language,edge,Default,guvi.in,learning,2026-01-28,4,Wednesday
2026-01-28 04:25:52.566265,https://www.guvi.in/code-kata/uppercase-every-kth-character/,HCL GUVI | Learn to code in your native language,edge,Default,guvi.in,learning,2026-01-28,4,Wednesday
2026-01-28 04:26:53.566405,https://www.guvi.in/code-kata/hybrid-sort-of-an-array/,HCL GUVI | Learn to code in your native language,edge,Default,guvi.in,learning,2026-01-28,4,Wednesday
2026-01-28 04:28:19.039602,https://www.guvi.in/code-kata/kth-digit-from-position/,HCL GUVI | Learn to code in your native language,edge,Default,guvi.in,learning,2026-01-28,4,Wednesday
2026-01-28 04:30:18.324907,https://www.guvi.in/code-kata/sum-of-first-and-last-digits/,HCL GUVI | Learn to code in your native language,edge,Default,guvi.in,learning,2026-01-28,4,Wednesday
2026-01-28 04:30:57.911124,https://www.guvi.in/code-kata/minimize-max-pair-sum/,HCL GUVI | Learn to code in your native language,edge,Default,guvi.in,learning,2026-01-28,4,Wednesday
2026-01-28 05:01:06.541162,https://www.guvi.in/code-kata/max-edges-in-bipartite-tree/,HCL GUVI | Learn to code in your native language,edge,Default,guvi.in,learning,2026-01-28,5,Wednesday
2026-01-28 05:01:49.471338,https://chatgpt.com/c/6979983a-ba0c-8321-a7c7-f824dbc3b022,Max Edges Bipartite Tree,edge,Default,chatgpt.com,learning,2026-01-28,5,Wednesday
2026-01-28 05:02:44.633558,https://www.guvi.in/code-kata/first-1-s-position-in-binary-product/,HCL GUVI | Learn to code in your native language,edge,Default,guvi.in,learning,2026-01-28,5,Wednesday
2026-01-28 05:05:01.853219,https://www.guvi.in/code-kata/vowel-check-in-strings/,HCL GUVI | Learn to code in your native language,edge,Default,guvi.in,learning,2026-01-28,5,Wednesday
2026-01-28 05:05:42.432921,https://www.guvi.in/code-kata/find-k-in-an-array/,HCL GUVI | Learn to code in your native language,edge,Default,guvi.in,learning,2026-01-28,5,Wednesday
2026-01-28 05:06:26.433248,https://www.guvi.in/code-kata/find-k-or-nearest-smaller/,HCL GUVI | Learn to code in your native language,edge,Default,guvi.in,learning,2026-01-28,5,Wednesday
2026-01-28 05:07:50.599738,https://www.guvi.in/code-kata/gcd-of-factorials/,HCL GUVI | Learn to code in your native language,edge,Default,guvi.in,learning,2026-01-28,5,Wednesday
2026-01-28 05:08:41.533618,https://www.guvi.in/code-kata/run-length-encoding/,HCL GUVI | Learn to code in your native language,edge,Default,guvi.in,learning,2026-01-28,5,Wednesday
2026-01-28 05:09:18.409731,https://www.guvi.in/code-kata/swap-words-around-and/,HCL GUVI | Learn to code in your native language,edge,Default,guvi.in,learning,2026-01-28,5,Wednesday
2026-01-28 05:10:06.433135,https://www.guvi.in/code-kata/largest-number-from-digits/,HCL GUVI | Learn to code in your native language,edge,Default,guvi.in,learning,2026-01-28,5,Wednesday
2026-01-28 05:11:16.093770,https://www.guvi.in/code-kata/complementary-strings/,HCL GUVI | Learn to code in your native language,edge,Default,guvi.in,learning,2026-01-28,5,Wednesday
2026-01-28 05:11:52.420909,https://www.guvi.in/code-kata/same-base-alphabets/,HCL GUVI | Learn to code in your native language,edge,Default,guvi.in,learning,2026-01-28,5,Wednesday
2026-01-28 05:12:26.751169,https://www.guvi.in/code-kata/counting-anagram-groups/,HCL GUVI | Learn to code in your native language,edge,Default,guvi.in,learning,2026-01-28,5,Wednesday
2026-01-28 05:14:31.258711,https://www.guvi.in/code-kata/capitalize-repeated-letters/,HCL GUVI | Learn to code in your native language,edge,Default,guvi.in,learning,2026-01-28,5,Wednesday
2026-01-28 05:16:19.047157,https://www.guvi.in/code-kata/bitwise-xor-and-count-set-bits/,HCL GUVI | Learn to code in your native language,edge,Default,guvi.in,learning,2026-01-28,5,Wednesday
2026-01-28 05:17:09.984528,https://www.guvi.in/code-kata/string-contains-substrings/,HCL GUVI | Learn to code in your native language,edge,Default,guvi.in,learning,2026-01-28,5,Wednesday
2026-01-28 05:18:04.576859,https://www.guvi.in/code-kata/co-prime-string-lengths/,HCL GUVI | Learn to code in your native language,edge,Default,guvi.in,learning,2026-01-28,5,Wednesday
2026-01-28 05:18:39.982054,https://www.guvi.in/code-kata/triangle-inequality-theorem/,HCL GUVI | Learn to code in your native language,edge,Default,guvi.in,learning,2026-01-28,5,Wednesday
2026-01-28 05:19:14.112716,https://www.guvi.in/code-kata/scalene-triangle-check/,HCL GUVI | Learn to code in your native language,edge,Default,guvi.in,learning,2026-01-28,5,Wednesday
2026-01-28 05:19:51.643106,https://www.guvi.in/code-kata/right-angled-triangle-check/,HCL GUVI | Learn to code in your native language,edge,Default,guvi.in,learning,2026-01-28,5,Wednesday
2026-01-28 05:20:33.565125,https://www.guvi.in/code-kata/mirror-image-arrays/,HCL GUVI | Learn to code in your native language,edge,Default,guvi.in,learning,2026-01-28,5,Wednesday
2026-01-28 05:22:32.516984,https://www.guvi.in/code-kata/alternating-array-check/,HCL GUVI | Learn to code in your native language,edge,Default,guvi.in,learning,2026-01-28,5,Wednesday
2026-01-28 05:23:44.616668,https://www.guvi.in/code-kata/solve-linear-equation/,HCL GUVI | Learn to code in your native language,edge,Default,guvi.in,learning,2026-01-28,5,Wednesday
2026-01-28 05:24:27.023849,https://www.guvi.in/code-kata/rock-paper-scissors-winner/,HCL GUVI | Learn to code in your native language,edge,Default,guvi.in,learning,2026-01-28,5,Wednesday
2026-01-28 05:25:19.463151,https://www.guvi.in/code-kata/least-frequent-number/,HCL GUVI | Learn to code in your native language,edge,Default,guvi.in,learning,2026-01-28,5,Wednesday
2026-01-28 05:26:18.603593,https://www.guvi.in/code-kata/counting-card-shuffles/,HCL GUVI | Learn to code in your native language,edge,Default,guvi.in,learning,2026-01-28,5,Wednesday
2026-01-28 05:26:55.967468,https://www.guvi.in/code-kata/index-difference-of-min-and-max/,HCL GUVI | Learn to code in your native language,edge,Default,guvi.in,learning,2026-01-28,5,Wednesday
2026-01-28 05:27:39.673328,https://www.guvi.in/code-kata/almost-palindrome-2/,HCL GUVI | Learn to code in your native language,edge,Default,guvi.in,learning,2026-01-28,5,Wednesday
2026-01-28 05:28:25.527853,https://www.guvi.in/code-kata/unique-characters-in-string/,HCL GUVI | Learn to code in your native language,edge,Default,guvi.in,learning,2026-01-28,5,Wednesday
2026-01-28 05:30:09.521676,https://www.guvi.in/code-kata/print-first-n-catalan-numbers/,HCL GUVI | Learn to code in your native language,edge,Default,guvi.in,learning,2026-01-28,5,Wednesday
2026-01-28 05:30:55.725098,https://www.guvi.in/code-kata/vowel-then-consonant/,HCL GUVI | Learn to code in your native language,edge,Default,guvi.in,learning,2026-01-28,5,Wednesday
2026-01-28 05:31:55.483711,https://www.guvi.in/code-kata/sort-strings-by-vowel-count/,HCL GUVI | Learn to code in your native language,edge,Default,guvi.in,learning,2026-01-28,5,Wednesday
2026-01-28 05:33:07.039708,https://www.guvi.in/code-kata/sum-of-negative-numbers/,HCL GUVI | Learn to code in your native language,edge,Default,guvi.in,learning,2026-01-28,5,Wednesday
2026-01-28 05:33:54.313312,https://www.guvi.in/code-kata/reverse-string-case/,HCL GUVI | Learn to code in your native language,edge,Default,guvi.in,learning,2026-01-28,5,Wednesday
2026-01-28 05:34:39.014808,https://www.guvi.in/code-kata/hexadecimal-string-validation/,HCL GUVI | Learn to code in your native language,edge,Default,guvi.in,learning,2026-01-28,5,Wednesday
2026-01-28 05:35:28.302905,https://www.guvi.in/code-kata/binary-length-of-decimal-number/,HCL GUVI | Learn to code in your native language,edge,Default,guvi.in,learning,2026-01-28,5,Wednesday
2026-01-28 05:37:04.444568,https://www.guvi.in/code-kata/reverse-words-except-first-and-last/,HCL GUVI | Learn to code in your native language,edge,Default,guvi.in,learning,2026-01-28,5,Wednesday
2026-01-28 05:38:01.251920,https://www.guvi.in/code-kata/compute-a-b/,HCL GUVI | Learn to code in your native language,edge,Default,guvi.in,learning,2026-01-28,5,Wednesday
2026-01-28 05:38:30.259721,https://chatgpt.com/c/6979a0ca-b984-839a-bc14-f92863e2520c,Python A^B Program,edge,Default,chatgpt.com,learning,2026-01-28,5,Wednesday
2026-01-28 05:38:52.755632,https://www.guvi.in/code-kata/triangle-area-calculation/,HCL GUVI | Learn to code in your native language,edge,Default,guvi.in,learning,2026-01-28,5,Wednesday
2026-01-28 05:41:36.788366,https://www.guvi.in/code-kata/diagonal-product-sum/,HCL GUVI | Learn to code in your native language,edge,Default,guvi.in,learning,2026-01-28,5,Wednesday
2026-01-28 05:41:44.903398,https://www.google.com/search,define back - Google Search,edge,Default,google.com,search,2026-01-28,5,Wednesday
2026-01-28 05:42:55.473077,https://www.guvi.in/code-kata/diagonal-sum-product/,HCL GUVI | Learn to code in your native language,edge,Default,guvi.in,learning,2026-01-28,5,Wednesday
2026-01-28 05:43:50.393959,https://www.guvi.in/code-kata/caesar-cipher-encryption/,HCL GUVI | Learn to code in your native language,edge,Default,guvi.in,learning,2026-01-28,5,Wednesday
2026-01-28 05:44:48.334239,https://www.guvi.in/code-kata/modular-exponentiation/,HCL GUVI | Learn to code in your native language,edge,Default,guvi.in,learning,2026-01-28,5,Wednesday
2026-01-28 05:45:40.804550,https://www.guvi.in/code-kata/reverse-a-list-of-numbers/,HCL GUVI | Learn to code in your native language,edge,Default,guvi.in,learning,2026-01-28,5,Wednesday
2026-01-28 05:46:35.031482,https://www.guvi.in/code-kata/longest-non-palindrome-substring/,HCL GUVI | Learn to code in your native language,edge,Default,guvi.in,learning,2026-01-28,5,Wednesday
2026-01-28 05:47:19.965905,https://www.guvi.in/code-kata/sort-characters-by-frequency/,HCL GUVI | Learn to code in your native language,edge,Default,guvi.in,learning,2026-01-28,5,Wednesday
2026-01-28 05:48:15.411262,https://www.guvi.in/code-kata/max-subarray-sum/,HCL GUVI | Learn to code in your native language,edge,Default,guvi.in,learning,2026-01-28,5,Wednesday
2026-01-28 05:50:13.652718,https://www.guvi.in/code-kata/max-meetings-in-one-room/,HCL GUVI | Learn to code in your native language,edge,Default,guvi.in,learning,2026-01-28,5,Wednesday
2026-01-28 05:51:20.826070,https://www.guvi.in/code-kata/max-product-subarray/,HCL GUVI | Learn to code in your native language,edge,Default,guvi.in,learning,2026-01-28,5,Wednesday
2026-01-28 05:52:00.900387,https://www.guvi.in/code-kata/selection-algorithm-on-array/,HCL GUVI | Learn to code in your native language,edge,Default,guvi.in,learning,2026-01-28,5,Wednesday
2026-01-28 05:58:21.537484,https://www.guvi.in/code-kata/largest-alternating-ab-subarray/,HCL GUVI | Learn to code in your native language,edge,Default,guvi.in,learning,2026-01-28,5,Wednesday
2026-01-28 06:00:59.860791,https://www.guvi.in/code-kata/next-greater-number-with-same-digits/,HCL GUVI | Learn to code in your native language,edge,Default,guvi.in,learning,2026-01-28,6,Wednesday
2026-01-28 06:02:15.106244,https://www.guvi.in/code-kata/almost-double-string/,HCL GUVI | Learn to code in your native language,edge,Default,guvi.in,learning,2026-01-28,6,Wednesday
2026-01-28 06:02:33.534432,https://chatgpt.com/c/6979a672-c420-8322-8d13-83bcb8b065f5,Almost Double String,edge,Default,chatgpt.com,learning,2026-01-28,6,Wednesday
2026-01-28 06:03:10.674232,https://www.guvi.in/code-kata/mirror-image-of-binary-tree/,HCL GUVI | Learn to code in your native language,edge,Default,guvi.in,learning,2026-01-28,6,Wednesday
2026-01-28 06:05:11.431573,https://www.guvi.in/code-kata/almost-palindrome/,HCL GUVI | Learn to code in your native language,edge,Default,guvi.in,learning,2026-01-28,6,Wednesday
2026-01-28 06:05:46.587794,https://www.guvi.in/code-kata/counting-valid-bracket-expressions/,HCL GUVI | Learn to code in your native language,edge,Default,guvi.in,learning,2026-01-28,6,Wednesday
2026-01-28 06:09:42.441649,https://www.guvi.in/code-kata/binary-tree-symmetry-check/,HCL GUVI | Learn to code in your native language,edge,Default,guvi.in,learning,2026-01-28,6,Wednesday
2026-01-28 06:13:36.389305,https://www.guvi.in/code-kata/sum-of-digits-palindrome-check/,HCL GUVI | Learn to code in your native language,edge,Default,guvi.in,learning,2026-01-28,6,Wednesday
2026-01-28 06:14:14.980865,https://www.guvi.in/code-kata/largest-number-from-n-numbers/,HCL GUVI | Learn to code in your native language,edge,Default,guvi.in,learning,2026-01-28,6,Wednesday
2026-01-28 06:16:36.502634,https://www.guvi.in/code-kata/find-repeated-numbers/,HCL GUVI | Learn to code in your native language,edge,Default,guvi.in,learning,2026-01-28,6,Wednesday
2026-01-28 06:16:56.315808,https://www.guvi.in/leader-board/,Leader Board | HCL GUVI,edge,Default,guvi.in,learning,2026-01-28,6,Wednesday
2026-01-28 06:17:21.191481,https://www.guvi.in/code-kata/numbers-equal-to-index/,HCL GUVI | Learn to code in your native language,edge,Default,guvi.in,learning,2026-01-28,6,Wednesday
2026-01-28 06:18:05.172561,https://www.guvi.in/code-kata/alphabet-to-number-mapping/,HCL GUVI | Learn to code in your native language,edge,Default,guvi.in,learning,2026-01-28,6,Wednesday
2026-01-28 06:18:49.029974,https://www.guvi.in/code-kata/find-the-unique-number/,HCL GUVI | Learn to code in your native language,edge,Default,guvi.in,learning,2026-01-28,6,Wednesday
2026-01-28 06:19:24.951584,https://www.guvi.in/code-kata/even-odd-position-numbers/,HCL GUVI | Learn to code in your native language,edge,Default,guvi.in,learning,2026-01-28,6,Wednesday
2026-01-28 06:20:08.946394,https://www.guvi.in/code-kata/find-first-repeated-number/,HCL GUVI | Learn to code in your native language,edge,Default,guvi.in,learning,2026-01-28,6,Wednesday
2026-01-28 06:20:48.741272,https://www.guvi.in/code-kata/triplet-sum-in-array/,HCL GUVI | Learn to code in your native language,edge,Default,guvi.in,learning,2026-01-28,6,Wednesday
2026-01-28 06:22:29.220140,https://www.guvi.in/code-kata/find-closest-to-zero-sum-pair/,HCL GUVI | Learn to code in your native language,edge,Default,guvi.in,learning,2026-01-28,6,Wednesday
2026-01-28 06:24:14.999281,https://www.guvi.in/code-kata/reverse-each-word/,HCL GUVI | Learn to code in your native language,edge,Default,guvi.in,learning,2026-01-28,6,Wednesday
2026-01-28 06:24:54.623707,https://www.guvi.in/code-kata/subset-check-of-arrays/,HCL GUVI | Learn to code in your native language,edge,Default,guvi.in,learning,2026-01-28,6,Wednesday
2026-01-28 06:25:35.099740,https://www.guvi.in/code-kata/kth-largest-element/,HCL GUVI | Learn to code in your native language,edge,Default,guvi.in,learning,2026-01-28,6,Wednesday
2026-01-28 06:26:21.051015,https://www.guvi.in/code-kata/palindrome-check-using-stack/,HCL GUVI | Learn to code in your native language,edge,Default,guvi.in,learning,2026-01-28,6,Wednesday
2026-01-28 06:29:04.480188,https://www.guvi.in/code-kata/topic/aptitude/,HCL GUVI | Learn to code in your native language,edge,Default,guvi.in,learning,2026-01-28,6,Wednesday
2026-01-28 06:29:18.095530,https://www.guvi.in/code-kata/topic/array-list-and-tuples-tf/,HCL GUVI | Learn to code in your native language,edge,Default,guvi.in,learning,2026-01-28,6,Wednesday
2026-01-28 06:43:42.809113,https://www.guvi.in/code-kata/topic/strings/,HCL GUVI | Learn to code in your native language,edge,Default,guvi.in,learning,2026-01-28,6,Wednesday
2026-01-28 06:44:08.762047,https://www.guvi.in/zen-class/,Zen Class - Career Programs from GUVI,edge,Default,guvi.in,learning,2026-01-28,6,Wednesday
2026-01-28 06:44:13.982927,https://www.google.com/search,guvi courses - Google Search,edge,Default,google.com,search,2026-01-28,6,Wednesday
2026-01-28 06:46:09.684097,https://v2.zenclass.in/user-profile,GUVI,edge,Default,zenclass.in,learning,2026-01-28,6,Wednesday
2026-01-28 06:46:58.575006,https://www.google.com/search,CodeKata - Google Search,edge,Default,google.com,search,2026-01-28,6,Wednesday
2026-01-28 06:47:26.201808,http://codekata.com/,CodeKata,edge,Default,codekata.com,other,2026-01-28,6,Wednesday
2026-01-28 06:47:30.099127,http://codekata.com/kata/codekata-intro/,CodeKata - CodeKata,edge,Default,codekata.com,other,2026-01-28,6,Wednesday
2026-01-28 06:48:26.096798,https://dxctime.dxc.com/,DXC Time,edge,Default,dxc.com,other,2026-01-28,6,Wednesday
2026-01-28 06:48:26.098113,https://app.powerbi.com/groups/me/apps/17b78053-784a-4648-a37b-8e82bd18a5fd/reports/10432c7e-d5cc-4d71-ac2d-123516f79628/ReportSection,Huddle-Dashboard,edge,Default,powerbi.com,other,2026-01-28,6,Wednesday
2026-01-28 06:50:42.425511,https://www.guvi.in/code-kata/,HCL GUVI | Learn to code in your native language,edge,Default,guvi.in,learning,2026-01-28,6,Wednesday
2026-01-28 06:50:52.010089,https://www.guvi.in/sign-in/,HCL GUVI | Learn to code in your native language,edge,Default,guvi.in,learning,2026-01-28,6,Wednesday
2026-01-28 06:50:56.662788,https://accounts.google.com/o/oauth2/v2/auth,Sign in - Google Accounts,edge,Default,google.com,search,2026-01-28,6,Wednesday
2026-01-28 06:50:56.662788,https://accounts.google.com/v3/signin/accountchooser,Sign in - Google Accounts,edge,Default,google.com,search,2026-01-28,6,Wednesday
2026-01-28 06:50:59.345152,https://accounts.google.com/v3/signin/identifier,Sign in to continue to guvi.in,edge,Default,google.com,search,2026-01-28,6,Wednesday
2026-01-28 06:51:09.385560,https://accounts.google.com/v3/signin/challenge/pwd,Welcome,edge,Default,google.com,search,2026-01-28,6,Wednesday
2026-01-28 06:51:25.453099,https://accounts.youtube.com/accounts/SetSID,Redirecting,edge,Default,youtube.com,entertainment,2026-01-28,6,Wednesday
2026-01-28 06:51:25.453099,https://accounts.google.co.in/accounts/SetSID,Redirecting,edge,Default,google.co.in,other,2026-01-28,6,Wednesday
2026-01-28 06:51:25.485226,https://accounts.google.co.in/accounts/SetSID,Redirecting,edge,Default,google.co.in,other,2026-01-28,6,Wednesday
2026-01-28 06:51:26.472166,https://accounts.google.com/signin/oauth/consent,,edge,Default,google.com,search,2026-01-28,6,Wednesday
2026-01-28 06:51:26.472166,https://accounts.google.com/InteractiveLogin,,edge,Default,google.com,search,2026-01-28,6,Wednesday
2026-01-28 06:51:26.472166,https://accounts.google.com/ServiceLogin,,edge,Default,google.com,search,2026-01-28,6,Wednesday
2026-01-28 06:51:27.368436,https://accounts.google.com/gsi/transform,Sign In - Google Accounts,edge,Default,google.com,search,2026-01-28,6,Wednesday
2026-01-28 06:51:54.566665,https://www.guvi.in/code-kata/,HCL GUVI | Learn to code in your native language,edge,Default,guvi.in,learning,2026-01-28,6,Wednesday
2026-01-28 06:52:04.814323,https://www.guvi.in/code-kata/,HCL GUVI | Learn to code in your native language,edge,Default,guvi.in,learning,2026-01-28,6,Wednesday
2026-01-28 06:54:03.929521,https://www.guvi.in/code-kata/,HCL GUVI | Learn to code in your native language,edge,Default,guvi.in,learning,2026-01-28,6,Wednesday
2026-01-28 06:54:16.829500,https://www.guvi.in/code-kata/count-words/,HCL GUVI | Learn to code in your native language,edge,Default,guvi.in,learning,2026-01-28,6,Wednesday
2026-01-28 07:00:01.779270,https://www.guvi.in/,HCL GUVI | Learn to code in your native language,edge,Default,guvi.in,learning,2026-01-28,7,Wednesday
2026-01-28 07:00:19.766159,https://www.guvi.in/sqlkata/sql,HCL GUVI | Learn to code in your native language,edge,Default,guvi.in,learning,2026-01-28,7,Wednesday
2026-01-28 07:05:42.618799,https://www.guvi.in/code-kata/string-permutations/,HCL GUVI | Learn to code in your native language,edge,Default,guvi.in,learning,2026-01-28,7,Wednesday
2026-01-28 07:06:25.988490,https://netbanking.iob.bank.in/ibanking/ibIMPSFundsTransfer.do,IOB NetBanking,edge,Default,iob.bank.in,other,2026-01-28,7,Wednesday
2026-01-28 07:26:40.804269,https://netbanking.iob.bank.in/ibanking/jsp/Sessiontimeout.jsp,IOB NetBanking,edge,Default,iob.bank.in,other,2026-01-28,7,Wednesday
2026-01-28 07:27:14.602711,https://netbanking.iob.bank.in/ibanking/loginsubmit.do,IOB NetBanking,edge,Default,iob.bank.in,other,2026-01-28,7,Wednesday
2026-01-28 07:29:00.310528,https://netbanking.iob.bank.in/ibanking/changePwd.do,IOB NetBanking,edge,Default,iob.bank.in,other,2026-01-28,7,Wednesday
2026-01-28 07:29:09.516223,https://netbanking.iob.bank.in/ibanking/rendermenu.do,IOB NetBanking,edge,Default,iob.bank.in,other,2026-01-28,7,Wednesday
2026-01-28 07:29:11.635134,https://netbanking.iob.bank.in/ibanking/html/index.html,IOB Net Banking,edge,Default,iob.bank.in,other,2026-01-28,7,Wednesday
2026-01-28 07:29:14.235294,https://netbanking.iob.bank.in/ibanking/html/index1.html,IOB Net Banking,edge,Default,iob.bank.in,other,2026-01-28,7,Wednesday
2026-01-28 07:29:16.023491,https://netbanking.iob.bank.in/ibanking/login.do,IOB Net Banking,edge,Default,iob.bank.in,other,2026-01-28,7,Wednesday
2026-01-28 07:29:44.675660,https://netbanking.iob.bank.in/ibanking/loginsuccess.do,IOB NetBanking,edge,Default,iob.bank.in,other,2026-01-28,7,Wednesday
2026-01-28 07:30:10.345796,https://netbanking.iob.bank.in/ibanking/accountstatement.do,IOB NetBanking,edge,Default,iob.bank.in,other,2026-01-28,7,Wednesday
2026-01-28 07:30:15.139094,https://netbanking.iob.bank.in/ibanking/rendermenu.do,IOB NetBanking,edge,Default,iob.bank.in,other,2026-01-28,7,Wednesday
2026-01-28 07:30:21.223684,https://netbanking.iob.bank.in/ibanking/ibquery.do,IOB NetBanking,edge,Default,iob.bank.in,other,2026-01-28,7,Wednesday
2026-01-28 07:31:27.977229,https://www.guvi.in/code-kata/find-star-and-super-star-elements/,HCL GUVI | Learn to code in your native language,edge,Default,guvi.in,learning,2026-01-28,7,Wednesday
2026-01-28 07:32:17.393243,https://www.guvi.in/code-kata/nearest-neighbors-in-array/,HCL GUVI | Learn to code in your native language,edge,Default,guvi.in,learning,2026-01-28,7,Wednesday
2026-01-28 07:33:49.129252,https://www.guvi.in/code-kata/counting-islands-in-a-matrix/,HCL GUVI | Learn to code in your native language,edge,Default,guvi.in,learning,2026-01-28,7,Wednesday
2026-01-28 07:34:25.609240,https://www.guvi.in/code-kata/alternate-level-order-tree-traversal/,HCL GUVI | Learn to code in your native language,edge,Default,guvi.in,learning,2026-01-28,7,Wednesday
2026-01-28 07:34:57.207047,https://www.guvi.in/code-kata/common-elements-in-n-arrays/,HCL GUVI | Learn to code in your native language,edge,Default,guvi.in,learning,2026-01-28,7,Wednesday
2026-01-28 07:35:25.671492,https://www.guvi.in/code-kata/prime-count-in-binary-range/,HCL GUVI | Learn to code in your native language,edge,Default,guvi.in,learning,2026-01-28,7,Wednesday
2026-01-28 07:36:33.153295,https://www.guvi.in/code-kata/zero-matrix-modification/,HCL GUVI | Learn to code in your native language,edge,Default,guvi.in,learning,2026-01-28,7,Wednesday
2026-01-28 07:38:39.962466,https://www.guvi.in/code-kata/product-array-except-self/,HCL GUVI | Learn to code in your native language,edge,Default,guvi.in,learning,2026-01-28,7,Wednesday
2026-01-28 07:39:41.704844,https://www.guvi.in/code-kata/lca-in-bst-from-ordered-input/,HCL GUVI | Learn to code in your native language,edge,Default,guvi.in,learning,2026-01-28,7,Wednesday
2026-01-28 07:40:24.767565,https://www.guvi.in/code-kata/max-gift-value-path/,HCL GUVI | Learn to code in your native language,edge,Default,guvi.in,learning,2026-01-28,7,Wednesday
2026-01-28 07:41:10.073791,https://www.guvi.in/code-kata/find-sum-pair/,HCL GUVI | Learn to code in your native language,edge,Default,guvi.in,learning,2026-01-28,7,Wednesday
2026-01-28 07:41:50.654750,https://www.guvi.in/code-kata/count-grandchildren-in-binary-tree/,HCL GUVI | Learn to code in your native language,edge,Default,guvi.in,learning,2026-01-28,7,Wednesday
2026-01-28 07:42:44.756373,https://www.guvi.in/code-kata/2d-array-string-search/,HCL GUVI | Learn to code in your native language,edge,Default,guvi.in,learning,2026-01-28,7,Wednesday
2026-01-28 07:43:21.258335,https://www.guvi.in/code-kata/string-expansion-2/,HCL GUVI | Learn to code in your native language,edge,Default,guvi.in,learning,2026-01-28,7,Wednesday
2026-01-28 07:43:57.556584,https://www.guvi.in/code-kata/3-4-number-system/,HCL GUVI | Learn to code in your native language,edge,Default,guvi.in,learning,2026-01-28,7,Wednesday
2026-01-28 07:45:41.472315,https://www.guvi.in/code-kata/counting-lucky-numbers-in-an-array/,HCL GUVI | Learn to code in your native language,edge,Default,guvi.in,learning,2026-01-28,7,Wednesday
2026-01-28 07:46:17.560405,https://www.guvi.in/code-kata/minimize-team-weight-difference/,HCL GUVI | Learn to code in your native language,edge,Default,guvi.in,learning,2026-01-28,7,Wednesday
2026-01-28 07:54:04.198399,https://www.guvi.in/code-kata/remove-extra-spaces-in-string/,HCL GUVI | Learn to code in your native language,edge,Default,guvi.in,learning,2026-01-28,7,Wednesday
2026-01-28 07:54:47.103927,https://www.guvi.in/code-kata/substring-check-3/,HCL GUVI | Learn to code in your native language,edge,Default,guvi.in,learning,2026-01-28,7,Wednesday
2026-01-28 07:55:21.106639,https://www.guvi.in/code-kata/combination-count/,HCL GUVI | Learn to code in your native language,edge,Default,guvi.in,learning,2026-01-28,7,Wednesday
2026-01-28 07:57:07.289375,https://www.guvi.in/code-kata/integer-division-without-operators/,HCL GUVI | Learn to code in your native language,edge,Default,guvi.in,learning,2026-01-28,7,Wednesday
2026-01-28 07:58:26.921914,https://www.guvi.in/code-kata/string-multiplication/,HCL GUVI | Learn to code in your native language,edge,Default,guvi.in,learning,2026-01-28,7,Wednesday
2026-01-28 07:59:17.683431,https://www.guvi.in/code-kata/counting-stair-climbing-ways/,HCL GUVI | Learn to code in your native language,edge,Default,guvi.in,learning,2026-01-28,7,Wednesday
2026-01-28 08:00:12.587500,https://www.guvi.in/code-kata/print-substrings-of-length-k/,HCL GUVI | Learn to code in your native language,edge,Default,guvi.in,learning,2026-01-28,8,Wednesday
2026-01-28 08:00:58.808417,https://www.guvi.in/code-kata/smallest-number-after-each-input/,HCL GUVI | Learn to code in your native language,edge,Default,guvi.in,learning,2026-01-28,8,Wednesday
2026-01-28 08:01:41.137359,https://www.guvi.in/code-kata/array-rotation/,HCL GUVI | Learn to code in your native language,edge,Default,guvi.in,learning,2026-01-28,8,Wednesday
2026-01-28 08:08:25.215175,https://www.guvi.in/code-kata/minimum-absolute-sum-pair/,HCL GUVI | Learn to code in your native language,edge,Default,guvi.in,learning,2026-01-28,8,Wednesday
2026-01-28 08:10:23.988355,https://www.guvi.in/code-kata/find-the-single-number/,HCL GUVI | Learn to code in your native language,edge,Default,guvi.in,learning,2026-01-28,8,Wednesday
2026-01-28 08:11:17.391192,https://www.guvi.in/code-kata/pair-difference-count/,HCL GUVI | Learn to code in your native language,edge,Default,guvi.in,learning,2026-01-28,8,Wednesday
2026-01-28 08:12:31.982956,https://www.guvi.in/code-kata/sum-of-elements-of-two-lists/,HCL GUVI | Learn to code in your native language,edge,Default,guvi.in,learning,2026-01-28,8,Wednesday
2026-01-28 08:13:14.451471,https://www.guvi.in/code-kata/rotated-sorted-array-count/,HCL GUVI | Learn to code in your native language,edge,Default,guvi.in,learning,2026-01-28,8,Wednesday
2026-01-28 08:14:07.960911,https://www.guvi.in/code-kata/minimum-distance-between-elements/,HCL GUVI | Learn to code in your native language,edge,Default,guvi.in,learning,2026-01-28,8,Wednesday
2026-01-28 08:14:52.626665,https://www.guvi.in/code-kata/max-stock-profit/,HCL GUVI | Learn to code in your native language,edge,Default,guvi.in,learning,2026-01-28,8,Wednesday
2026-01-28 08:15:32.901897,https://www.guvi.in/code-kata/replace-with-greatest-on-right/,HCL GUVI | Learn to code in your native language,edge,Default,guvi.in,learning,2026-01-28,8,Wednesday
2026-01-28 08:16:18.269712,https://www.guvi.in/code-kata/optimal-currency-denomination/,HCL GUVI | Learn to code in your native language,edge,Default,guvi.in,learning,2026-01-28,8,Wednesday
2026-01-28 08:17:02.194954,https://www.guvi.in/code-kata/remove-element-from-array/,HCL GUVI | Learn to code in your native language,edge,Default,guvi.in,learning,2026-01-28,8,Wednesday
2026-01-28 08:17:40.359451,https://www.guvi.in/code-kata/prefix-count-in-strings/,HCL GUVI | Learn to code in your native language,edge,Default,guvi.in,learning,2026-01-28,8,Wednesday
2026-01-28 08:18:21.358119,https://www.guvi.in/code-kata/student-with-max-total-marks/,HCL GUVI | Learn to code in your native language,edge,Default,guvi.in,learning,2026-01-28,8,Wednesday
2026-01-28 08:19:47.875175,https://www.guvi.in/code-kata/find-min-and-max-indices/,HCL GUVI | Learn to code in your native language,edge,Default,guvi.in,learning,2026-01-28,8,Wednesday
2026-01-28 08:20:25.225478,https://www.guvi.in/code-kata/email-validation/,HCL GUVI | Learn to code in your native language,edge,Default,guvi.in,learning,2026-01-28,8,Wednesday
2026-01-28 08:26:24.698714,https://www.guvi.in/code-kata/lru-cache-implementation/,HCL GUVI | Learn to code in your native language,edge,Default,guvi.in,learning,2026-01-28,8,Wednesday
2026-01-28 08:27:21.515160,https://www.guvi.in/code-kata/reverse-odd-positioned-words/,HCL GUVI | Learn to code in your native language,edge,Default,guvi.in,learning,2026-01-28,8,Wednesday
2026-01-28 08:27:53.966997,https://www.guvi.in/code-kata/longest-common-subarray/,HCL GUVI | Learn to code in your native language,edge,Default,guvi.in,learning,2026-01-28,8,Wednesday
2026-01-28 08:29:31.016512,https://www.guvi.in/code-kata/counting-jumping-numbers/,HCL GUVI | Learn to code in your native language,edge,Default,guvi.in,learning,2026-01-28,8,Wednesday
2026-01-28 08:30:04.086839,https://www.guvi.in/code-kata/lexicographically-greater-string/,HCL GUVI | Learn to code in your native language,edge,Default,guvi.in,learning,2026-01-28,8,Wednesday
2026-01-28 08:30:36.754618,https://www.guvi.in/code-kata/reverse-words-in-string/,HCL GUVI | Learn to code in your native language,edge,Default,guvi.in,learning,2026-01-28,8,Wednesday
2026-01-28 08:31:02.872277,https://www.guvi.in/code-kata/print-primes-less-than-n/,HCL GUVI | Learn to code in your native language,edge,Default,guvi.in,learning,2026-01-28,8,Wednesday
2026-01-28 08:31:33.793170,https://www.guvi.in/code-kata/smallest-number-with-digit-sum-n/,HCL GUVI | Learn to code in your native language,edge,Default,guvi.in,learning,2026-01-28,8,Wednesday
2026-01-28 08:32:01.229906,https://www.guvi.in/code-kata/is-it-a-binary-tree/,HCL GUVI | Learn to code in your native language,edge,Default,guvi.in,learning,2026-01-28,8,Wednesday
2026-01-28 08:32:35.274459,https://www.guvi.in/code-kata/count-numbers-with-digit-n/,HCL GUVI | Learn to code in your native language,edge,Default,guvi.in,learning,2026-01-28,8,Wednesday
2026-01-28 08:33:58.816261,https://www.guvi.in/student-codekata-report,Student CodeKata Report | HCL GUVI,edge,Default,guvi.in,learning,2026-01-28,8,Wednesday
2026-01-28 08:33:58.816261,https://www.guvi.in/student-codekata-report.html,Student CodeKata Report | HCL GUVI,edge,Default,guvi.in,learning,2026-01-28,8,Wednesday
2026-01-28 08:35:25.898414,https://www.guvi.in/zen-class/data-science-course/,Data Science Course With Placement | Zen Class | HCL GUVI,edge,Default,guvi.in,learning,2026-01-28,8,Wednesday
2026-01-28 08:35:33.708857,https://www.guvi.in/rewards/#tabContent,Rewards | HCL GUVI,edge,Default,guvi.in,learning,2026-01-28,8,Wednesday
2026-01-28 08:35:41.493286,https://zen.guvi.in/authenticate/3c7548b82285098015460092121c584863b501e6ec079a7840d70c4c749dc287e92a87884d2e634c535e750228557f1817305fa4387927e525f1735a3a187fc3,Zen Automation,edge,Default,guvi.in,learning,2026-01-28,8,Wednesday
2026-01-28 08:35:42.879246,https://zen.guvi.in/student/my-calender,Zen Automation,edge,Default,guvi.in,learning,2026-01-28,8,Wednesday
2026-01-28 08:35:49.461769,https://zen.guvi.in/student/dashboard,Zen Automation,edge,Default,guvi.in,learning,2026-01-28,8,Wednesday
2026-01-28 08:35:51.496707,https://zen.guvi.in/student/my-tasks,Zen Automation,edge,Default,guvi.in,learning,2026-01-28,8,Wednesday
2026-01-28 08:35:52.954294,https://zen.guvi.in/student/requirements,Zen Automation,edge,Default,guvi.in,learning,2026-01-28,8,Wednesday
2026-01-28 08:35:53.777600,https://zen.guvi.in/student/service-request,Zen Automation,edge,Default,guvi.in,learning,2026-01-28,8,Wednesday
2026-01-28 08:35:55.879771,https://zen.guvi.in/student/my-applications,Zen Automation,edge,Default,guvi.in,learning,2026-01-28,8,Wednesday
2026-01-28 08:36:33.186812,https://www.guvi.in/code-kata/#practicePlatform,HCL GUVI | Learn to code in your native language,edge,Default,guvi.in,learning,2026-01-28,8,Wednesday
2026-01-28 08:41:03.076587,https://www.bing.com/ck/a,,edge,Default,bing.com,search,2026-01-28,8,Wednesday
2026-01-28 08:41:03.100826,https://www.bing.com/search,whatsapp web - Search,edge,Default,bing.com,search,2026-01-28,8,Wednesday
2026-01-28 08:42:08.945287,https://classify.zenclass.in/meet-dashboard-new,Classify,edge,Default,zenclass.in,learning,2026-01-28,8,Wednesday
2026-01-28 08:42:35.131903,https://v2.zenclass.in/class/play-recording/05067f7d-3d78-408b-8dee-74faf19dca9e,GUVI,edge,Default,zenclass.in,learning,2026-01-28,8,Wednesday
2026-01-28 08:43:15.878986,https://mail.google.com/mail/u/0/,Search results - ssubasangkari@gmail.com - Gmail,edge,Default,google.com,search,2026-01-28,8,Wednesday
2026-01-28 08:43:24.199590,https://mail.google.com/mail/u/0/,Search results - ssubasangkari@gmail.com - Gmail,edge,Default,google.com,search,2026-01-28,8,Wednesday
2026-01-28 08:43:35.499954,https://mail.google.com/mail/u/0/,Search results - ssubasangkari@gmail.com - Gmail,edge,Default,google.com,search,2026-01-28,8,Wednesday
2026-01-28 08:43:46.148161,https://mail.google.com/mail/u/0/,Search results - ssubasangkari@gmail.com - Gmail,edge,Default,google.com,search,2026-01-28,8,Wednesday
2026-01-28 08:43:53.933002,https://mail.google.com/mail/u/0/,Search results - ssubasangkari@gmail.com - Gmail,edge,Default,google.com,search,2026-01-28,8,Wednesday
2026-01-28 08:44:00.494537,https://mail.google.com/mail/u/0/,Welcome to Zen Class MainBootcamp - Your Journey Begins! - ssubasangkari@gmail.com - Gmail,edge,Default,google.com,search,2026-01-28,8,Wednesday
2026-01-28 08:44:08.799719,https://v2.zenclass.in/v2/termsandcondition,GUVI,edge,Default,zenclass.in,learning,2026-01-28,8,Wednesday
2026-01-28 08:44:25.195198,https://v2.zenclass.in/placement-policy,GUVI,edge,Default,zenclass.in,learning,2026-01-28,8,Wednesday
2026-01-28 08:45:51.739164,https://www.guvi.in/code-kata/,HCL GUVI | Learn to code in your native language,edge,Default,guvi.in,learning,2026-01-28,8,Wednesday
2026-01-28 08:46:19.266899,https://www.guvi.in/code-kata/reverse-a-string-6/,HCL GUVI | Learn to code in your native language,edge,Default,guvi.in,learning,2026-01-28,8,Wednesday
2026-01-29 03:30:08.268210,https://classify.zenclass.in/integration,Classify,edge,Default,zenclass.in,learning,2026-01-29,3,Thursday
2026-01-29 03:30:09.487706,https://classify.zenclass.in/meet-dashboard-new,Classify,edge,Default,zenclass.in,learning,2026-01-29,3,Thursday
2026-01-29 03:31:12.329702,https://www.zenclass.in/,GUVI,edge,Default,zenclass.in,learning,2026-01-29,3,Thursday
2026-01-29 03:31:12.329702,https://zenclass.in/,GUVI,edge,Default,zenclass.in,learning,2026-01-29,3,Thursday
2026-01-29 03:31:13.300508,https://www.zenclass.in/login,GUVI,edge,Default,zenclass.in,learning,2026-01-29,3,Thursday
2026-01-29 03:36:24.903554,https://www.guvi.in/sign-in/,HCL GUVI | Learn to code in your native language,chrome,Profile 1,guvi.in,learning,2026-01-29,3,Thursday
2026-01-29 03:36:30.157721,http://www.guvi.in/code-kata/,HCL GUVI | Learn to code in your native language,chrome,Profile 1,guvi.in,learning,2026-01-29,3,Thursday
2026-01-29 03:36:50.832642,https://www.guvi.in/code-kata/count-words/,HCL GUVI | Learn to code in your native language,edge,Default,guvi.in,learning,2026-01-29,3,Thursday
2026-01-29 03:36:50.832642,https://www.guvi.in/code-kata/count-words/,HCL GUVI | Learn to code in your native language,chrome,Profile 1,guvi.in,learning,2026-01-29,3,Thursday
2026-01-29 03:36:59.826894,https://www.guvi.in/code-kata/sum-of-squares-of-digits-2/,HCL GUVI | Learn to code in your native language,edge,Default,guvi.in,learning,2026-01-29,3,Thursday
2026-01-29 03:36:59.826894,https://www.guvi.in/code-kata/sum-of-squares-of-digits-2/,HCL GUVI | Learn to code in your native language,chrome,Profile 1,guvi.in,learning,2026-01-29,3,Thursday
2026-01-29 03:41:57.591054,https://www.guvi.in/code-kata/right-angled-triangle-pattern/,HCL GUVI | Learn to code in your native language,edge,Default,guvi.in,learning,2026-01-29,3,Thursday
2026-01-29 03:41:57.591054,https://www.guvi.in/code-kata/right-angled-triangle-pattern/,HCL GUVI | Learn to code in your native language,chrome,Profile 1,guvi.in,learning,2026-01-29,3,Thursday
2026-01-29 03:46:11.426551,https://www.guvi.in/code-kata/efficient-subarray-range-queries/,HCL GUVI | Learn to code in your native language,chrome,Profile 1,guvi.in,learning,2026-01-29,3,Thursday
2026-01-29 03:46:11.426551,https://www.guvi.in/code-kata/efficient-subarray-range-queries/,HCL GUVI | Learn to code in your native language,edge,Default,guvi.in,learning,2026-01-29,3,Thursday
2026-01-29 03:47:59.436961,https://www.guvi.in/code-kata/counting-wins-in-a-game/,HCL GUVI | Learn to code in your native language,chrome,Profile 1,guvi.in,learning,2026-01-29,3,Thursday
2026-01-29 03:47:59.436961,https://www.guvi.in/code-kata/counting-wins-in-a-game/,HCL GUVI | Learn to code in your native language,edge,Default,guvi.in,learning,2026-01-29,3,Thursday
2026-01-29 03:48:49.036048,https://www.guvi.in/code-kata/minimum-replacements-for-permutation/,HCL GUVI | Learn to code in your native language,edge,Default,guvi.in,learning,2026-01-29,3,Thursday
2026-01-29 03:48:49.036048,https://www.guvi.in/code-kata/minimum-replacements-for-permutation/,HCL GUVI | Learn to code in your native language,chrome,Profile 1,guvi.in,learning,2026-01-29,3,Thursday
2026-01-29 03:50:03.748632,https://www.guvi.in/code-kata/counting-empty-chains-in-separate-chaining/,HCL GUVI | Learn to code in your native language,chrome,Profile 1,guvi.in,learning,2026-01-29,3,Thursday
2026-01-29 03:50:03.748632,https://www.guvi.in/code-kata/counting-empty-chains-in-separate-chaining/,HCL GUVI | Learn to code in your native language,edge,Default,guvi.in,learning,2026-01-29,3,Thursday
2026-01-29 03:50:52.933165,https://www.guvi.in/code-kata/remainder-crashes/,HCL GUVI | Learn to code in your native language,chrome,Profile 1,guvi.in,learning,2026-01-29,3,Thursday
2026-01-29 03:50:52.933165,https://www.guvi.in/code-kata/remainder-crashes/,HCL GUVI | Learn to code in your native language,edge,Default,guvi.in,learning,2026-01-29,3,Thursday
2026-01-29 03:51:36.227327,https://www.guvi.in/code-kata/string-value-calculator/,HCL GUVI | Learn to code in your native language,edge,Default,guvi.in,learning,2026-01-29,3,Thursday
2026-01-29 03:51:36.227327,https://www.guvi.in/code-kata/string-value-calculator/,HCL GUVI | Learn to code in your native language,chrome,Profile 1,guvi.in,learning,2026-01-29,3,Thursday
2026-01-29 03:52:10.006531,https://www.guvi.in/code-kata/mirror-string-pairs/,HCL GUVI | Learn to code in your native language,edge,Default,guvi.in,learning,2026-01-29,3,Thursday
2026-01-29 03:52:10.006531,https://www.guvi.in/code-kata/mirror-string-pairs/,HCL GUVI | Learn to code in your native language,chrome,Profile 1,guvi.in,learning,2026-01-29,3,Thursday
2026-01-29 03:53:29.145258,https://www.guvi.in/code-kata/detecting-shifts-in-ruling-parties/,HCL GUVI | Learn to code in your native language,edge,Default,guvi.in,learning,2026-01-29,3,Thursday
2026-01-29 03:53:29.145258,https://www.guvi.in/code-kata/detecting-shifts-in-ruling-parties/,HCL GUVI | Learn to code in your native language,chrome,Profile 1,guvi.in,learning,2026-01-29,3,Thursday
2026-01-29 03:54:08.304409,https://www.guvi.in/code-kata/find-the-single-occurrence/,HCL GUVI | Learn to code in your native language,chrome,Profile 1,guvi.in,learning,2026-01-29,3,Thursday
2026-01-29 03:54:08.304409,https://www.guvi.in/code-kata/find-the-single-occurrence/,HCL GUVI | Learn to code in your native language,edge,Default,guvi.in,learning,2026-01-29,3,Thursday
2026-01-29 03:59:36.713366,https://www.guvi.in/code-kata/min-coins-for-odd-even-balance/,HCL GUVI | Learn to code in your native language,chrome,Profile 1,guvi.in,learning,2026-01-29,3,Thursday
2026-01-29 03:59:36.713366,https://www.guvi.in/code-kata/min-coins-for-odd-even-balance/,HCL GUVI | Learn to code in your native language,edge,Default,guvi.in,learning,2026-01-29,3,Thursday
2026-01-29 04:21:35.714728,https://www.guvi.in/code-kata/index-sort-by-descending-value/,HCL GUVI | Learn to code in your native language,edge,Default,guvi.in,learning,2026-01-29,4,Thursday
2026-01-29 04:21:35.714728,https://www.guvi.in/code-kata/index-sort-by-descending-value/,HCL GUVI | Learn to code in your native language,chrome,Profile 1,guvi.in,learning,2026-01-29,4,Thursday
2026-01-29 04:22:19.551434,https://www.guvi.in/code-kata/boundary-plants-and-weeds/,HCL GUVI | Learn to code in your native language,chrome,Profile 1,guvi.in,learning,2026-01-29,4,Thursday
2026-01-29 04:22:19.551434,https://www.guvi.in/code-kata/boundary-plants-and-weeds/,HCL GUVI | Learn to code in your native language,edge,Default,guvi.in,learning,2026-01-29,4,Thursday
2026-01-29 04:23:40.233933,https://www.guvi.in/code-kata/unique-die-roll/,HCL GUVI | Learn to code in your native language,chrome,Profile 1,guvi.in,learning,2026-01-29,4,Thursday
2026-01-29 04:23:40.233933,https://www.guvi.in/code-kata/unique-die-roll/,HCL GUVI | Learn to code in your native language,edge,Default,guvi.in,learning,2026-01-29,4,Thursday
2026-01-29 04:24:15.903846,https://www.guvi.in/code-kata/find-rajesh-s-highest-marks/,HCL GUVI | Learn to code in your native language,chrome,Profile 1,guvi.in,learning,2026-01-29,4,Thursday
2026-01-29 04:24:15.903846,https://www.guvi.in/code-kata/find-rajesh-s-highest-marks/,HCL GUVI | Learn to code in your native language,edge,Default,guvi.in,learning,2026-01-29,4,Thursday
2026-01-29 04:24:47.673949,https://www.guvi.in/code-kata/largest-integer-in-a-string/,HCL GUVI | Learn to code in your native language,edge,Default,guvi.in,learning,2026-01-29,4,Thursday
2026-01-29 04:24:47.673949,https://www.guvi.in/code-kata/largest-integer-in-a-string/,HCL GUVI | Learn to code in your native language,chrome,Profile 1,guvi.in,learning,2026-01-29,4,Thursday
2026-01-29 04:25:21.130845,https://www.guvi.in/code-kata/memory-test-algorithm/,HCL GUVI | Learn to code in your native language,edge,Default,guvi.in,learning,2026-01-29,4,Thursday
2026-01-29 04:25:21.130845,https://www.guvi.in/code-kata/memory-test-algorithm/,HCL GUVI | Learn to code in your native language,chrome,Profile 1,guvi.in,learning,2026-01-29,4,Thursday
2026-01-29 04:30:36.807004,https://www.guvi.in/code-kata/employee-working-days-calculator/,HCL GUVI | Learn to code in your native language,edge,Default,guvi.in,learning,2026-01-29,4,Thursday
2026-01-29 04:30:36.807004,https://www.guvi.in/code-kata/employee-working-days-calculator/,HCL GUVI | Learn to code in your native language,chrome,Profile 1,guvi.in,learning,2026-01-29,4,Thursday
2026-01-29 04:31:44.352043,https://www.guvi.in/code-kata/monthly-savings/,HCL GUVI | Learn to code in your native language,edge,Default,guvi.in,learning,2026-01-29,4,Thursday
2026-01-29 04:31:44.352043,https://www.guvi.in/code-kata/monthly-savings/,HCL GUVI | Learn to code in your native language,chrome,Profile 1,guvi.in,learning,2026-01-29,4,Thursday
2026-01-29 04:32:26.780944,https://www.guvi.in/code-kata/finding-the-best-smartphone-deal/,HCL GUVI | Learn to code in your native language,edge,Default,guvi.in,learning,2026-01-29,4,Thursday
2026-01-29 04:32:26.780944,https://www.guvi.in/code-kata/finding-the-best-smartphone-deal/,HCL GUVI | Learn to code in your native language,chrome,Profile 1,guvi.in,learning,2026-01-29,4,Thursday
2026-01-29 04:33:03.671831,https://www.guvi.in/code-kata/second-largest-element/,HCL GUVI | Learn to code in your native language,chrome,Profile 1,guvi.in,learning,2026-01-29,4,Thursday
2026-01-29 04:33:03.671831,https://www.guvi.in/code-kata/second-largest-element/,HCL GUVI | Learn to code in your native language,edge,Default,guvi.in,learning,2026-01-29,4,Thursday
2026-01-29 04:33:39.202159,https://www.guvi.in/code-kata/prisoner-search/,HCL GUVI | Learn to code in your native language,chrome,Profile 1,guvi.in,learning,2026-01-29,4,Thursday
2026-01-29 04:33:39.202159,https://www.guvi.in/code-kata/prisoner-search/,HCL GUVI | Learn to code in your native language,edge,Default,guvi.in,learning,2026-01-29,4,Thursday
2026-01-29 04:40:54.932645,https://classify.zenclass.in/integration,Classify,chrome,Profile 1,zenclass.in,learning,2026-01-29,4,Thursday
2026-01-29 04:40:54.932645,https://classify.zenclass.in/integration,Classify,edge,Default,zenclass.in,learning,2026-01-29,4,Thursday
2026-01-29 05:39:10.579676,https://www.guvi.in/code-kata/find-matching-marks/,HCL GUVI | Learn to code in your native language,edge,Default,guvi.in,learning,2026-01-29,5,Thursday
2026-01-29 05:39:10.579676,https://www.guvi.in/code-kata/find-matching-marks/,HCL GUVI | Learn to code in your native language,chrome,Profile 1,guvi.in,learning,2026-01-29,5,Thursday
2026-01-29 05:39:37.986603,https://www.guvi.in/code-kata/salary-sort/,HCL GUVI | Learn to code in your native language,edge,Default,guvi.in,learning,2026-01-29,5,Thursday
2026-01-29 05:39:37.986603,https://www.guvi.in/code-kata/salary-sort/,HCL GUVI | Learn to code in your native language,chrome,Profile 1,guvi.in,learning,2026-01-29,5,Thursday
2026-01-29 05:40:04.719044,https://www.guvi.in/code-kata/sort-even-indexed-elements-2/,HCL GUVI | Learn to code in your native language,edge,Default,guvi.in,learning,2026-01-29,5,Thursday
2026-01-29 05:40:04.719044,https://www.guvi.in/code-kata/sort-even-indexed-elements-2/,HCL GUVI | Learn to code in your native language,chrome,Profile 1,guvi.in,learning,2026-01-29,5,Thursday
2026-01-29 05:40:30.080902,https://www.guvi.in/code-kata/sort-employee-ids/,HCL GUVI | Learn to code in your native language,edge,Default,guvi.in,learning,2026-01-29,5,Thursday
2026-01-29 05:40:30.080902,https://www.guvi.in/code-kata/sort-employee-ids/,HCL GUVI | Learn to code in your native language,chrome,Profile 1,guvi.in,learning,2026-01-29,5,Thursday
2026-01-29 05:41:03.541867,https://www.guvi.in/code-kata/sort-and-concatenate-k-arrays/,HCL GUVI | Learn to code in your native language,chrome,Profile 1,guvi.in,learning,2026-01-29,5,Thursday
2026-01-29 05:41:03.541867,https://www.guvi.in/code-kata/sort-and-concatenate-k-arrays/,HCL GUVI | Learn to code in your native language,edge,Default,guvi.in,learning,2026-01-29,5,Thursday
2026-01-29 05:41:31.278936,https://www.guvi.in/code-kata/lexicographical-sorting-of-strings/,HCL GUVI | Learn to code in your native language,edge,Default,guvi.in,learning,2026-01-29,5,Thursday
2026-01-29 05:41:31.278936,https://www.guvi.in/code-kata/lexicographical-sorting-of-strings/,HCL GUVI | Learn to code in your native language,chrome,Profile 1,guvi.in,learning,2026-01-29,5,Thursday
2026-01-29 05:41:58.540528,https://www.guvi.in/code-kata/employee-salary-sort/,HCL GUVI | Learn to code in your native language,edge,Default,guvi.in,learning,2026-01-29,5,Thursday
2026-01-29 05:41:58.540528,https://www.guvi.in/code-kata/employee-salary-sort/,HCL GUVI | Learn to code in your native language,chrome,Profile 1,guvi.in,learning,2026-01-29,5,Thursday
2026-01-29 05:42:30.332797,https://www.guvi.in/code-kata/series-pattern-generation/,HCL GUVI | Learn to code in your native language,edge,Default,guvi.in,learning,2026-01-29,5,Thursday
2026-01-29 05:42:30.332797,https://www.guvi.in/code-kata/series-pattern-generation/,HCL GUVI | Learn to code in your native language,chrome,Profile 1,guvi.in,learning,2026-01-29,5,Thursday
2026-01-29 05:42:58.310622,https://www.guvi.in/code-kata/co-prime-number-checker/,HCL GUVI | Learn to code in your native language,edge,Default,guvi.in,learning,2026-01-29,5,Thursday
2026-01-29 05:42:58.310622,https://www.guvi.in/code-kata/co-prime-number-checker/,HCL GUVI | Learn to code in your native language,chrome,Profile 1,guvi.in,learning,2026-01-29,5,Thursday
2026-01-29 05:43:50.838615,https://www.guvi.in/code-kata/matrix-comparison-for-bomb-diffusion/,HCL GUVI | Learn to code in your native language,chrome,Profile 1,guvi.in,learning,2026-01-29,5,Thursday
2026-01-29 05:43:50.838615,https://www.guvi.in/code-kata/matrix-comparison-for-bomb-diffusion/,HCL GUVI | Learn to code in your native language,edge,Default,guvi.in,learning,2026-01-29,5,Thursday
2026-01-29 05:44:18.379994,https://www.guvi.in/code-kata/lively-number-checker/,HCL GUVI | Learn to code in your native language,edge,Default,guvi.in,learning,2026-01-29,5,Thursday
2026-01-29 05:44:18.379994,https://www.guvi.in/code-kata/lively-number-checker/,HCL GUVI | Learn to code in your native language,chrome,Profile 1,guvi.in,learning,2026-01-29,5,Thursday
2026-01-29 05:44:46.637966,https://www.guvi.in/code-kata/counting-palindromic-numbers/,HCL GUVI | Learn to code in your native language,edge,Default,guvi.in,learning,2026-01-29,5,Thursday
2026-01-29 05:44:46.637966,https://www.guvi.in/code-kata/counting-palindromic-numbers/,HCL GUVI | Learn to code in your native language,chrome,Profile 1,guvi.in,learning,2026-01-29,5,Thursday
2026-01-29 05:45:33.373440,https://www.guvi.in/code-kata/,HCL GUVI | Learn to code in your native language,edge,Default,guvi.in,learning,2026-01-29,5,Thursday
2026-01-29 05:45:33.373440,https://www.guvi.in/code-kata/,HCL GUVI | Learn to code in your native language,chrome,Profile 1,guvi.in,learning,2026-01-29,5,Thursday
2026-01-29 05:45:40.582587,https://www.guvi.in/ssubasangkari73634,Profile | HCL GUVI,chrome,Profile 1,guvi.in,learning,2026-01-29,5,Thursday
2026-01-29 05:45:40.582587,https://www.guvi.in/ssubasangkari73634,Profile | HCL GUVI,edge,Default,guvi.in,learning,2026-01-29,5,Thursday
2026-01-29 05:46:16.536625,https://www.guvi.in/rewards/,Rewards | HCL GUVI,chrome,Profile 1,guvi.in,learning,2026-01-29,5,Thursday
2026-01-29 05:46:16.536625,https://www.guvi.in/rewards/,Rewards | HCL GUVI,edge,Default,guvi.in,learning,2026-01-29,5,Thursday
2026-01-29 05:46:39.359312,https://www.guvi.in/code-kata/topic/absolute-beginner/,HCL GUVI | Learn to code in your native language,edge,Default,guvi.in,learning,2026-01-29,5,Thursday
2026-01-29 05:46:39.359312,https://www.guvi.in/code-kata/topic/absolute-beginner,HCL GUVI | Learn to code in your native language,chrome,Profile 1,guvi.in,learning,2026-01-29,5,Thursday
2026-01-29 05:46:39.359312,https://www.guvi.in/code-kata/topic/absolute-beginner/,HCL GUVI | Learn to code in your native language,chrome,Profile 1,guvi.in,learning,2026-01-29,5,Thursday
2026-01-29 05:46:55.210591,https://www.guvi.in/code-kata/topic/algorithm,HCL GUVI | Learn to code in your native language,chrome,Profile 1,guvi.in,learning,2026-01-29,5,Thursday
2026-01-29 05:46:55.210591,https://www.guvi.in/code-kata/topic/algorithm/,HCL GUVI | Learn to code in your native language,edge,Default,guvi.in,learning,2026-01-29,5,Thursday
2026-01-29 05:46:55.210591,https://www.guvi.in/code-kata/topic/algorithm/,HCL GUVI | Learn to code in your native language,chrome,Profile 1,guvi.in,learning,2026-01-29,5,Thursday
2026-01-29 05:47:16.455298,https://www.guvi.in/code-kata/maximum-repeating-number/,HCL GUVI | Learn to code in your native language,chrome,Profile 1,guvi.in,learning,2026-01-29,5,Thursday
2026-01-29 05:47:16.455298,https://www.guvi.in/code-kata/maximum-repeating-number/,HCL GUVI | Learn to code in your native language,edge,Default,guvi.in,learning,2026-01-29,5,Thursday
2026-01-29 05:47:49.328518,https://www.guvi.in/code-kata/alternating-sort-of-array/,HCL GUVI | Learn to code in your native language,chrome,Profile 1,guvi.in,learning,2026-01-29,5,Thursday
2026-01-29 05:47:49.328518,https://www.guvi.in/code-kata/alternating-sort-of-array/,HCL GUVI | Learn to code in your native language,edge,Default,guvi.in,learning,2026-01-29,5,Thursday
2026-01-29 05:48:24.672278,https://www.guvi.in/code-kata/minimum-cost-cherry-pattern/,HCL GUVI | Learn to code in your native language,chrome,Profile 1,guvi.in,learning,2026-01-29,5,Thursday
2026-01-29 05:48:24.672278,https://www.guvi.in/code-kata/minimum-cost-cherry-pattern/,HCL GUVI | Learn to code in your native language,edge,Default,guvi.in,learning,2026-01-29,5,Thursday
2026-01-29 05:49:34.930747,https://www.guvi.in/code-kata/apartment-availability/,HCL GUVI | Learn to code in your native language,edge,Default,guvi.in,learning,2026-01-29,5,Thursday
2026-01-29 05:49:34.930747,https://www.guvi.in/code-kata/apartment-availability/,HCL GUVI | Learn to code in your native language,chrome,Profile 1,guvi.in,learning,2026-01-29,5,Thursday
2026-01-29 05:50:44.204939,https://www.guvi.in/code-kata/smallest-missing-non-sum-number/,HCL GUVI | Learn to code in your native language,edge,Default,guvi.in,learning,2026-01-29,5,Thursday
2026-01-29 05:50:44.204939,https://www.guvi.in/code-kata/smallest-missing-non-sum-number/,HCL GUVI | Learn to code in your native language,chrome,Profile 1,guvi.in,learning,2026-01-29,5,Thursday
2026-01-29 05:51:17.945532,https://www.guvi.in/code-kata/topic/algorithm,HCL GUVI | Learn to code in your native language,chrome,Profile 1,guvi.in,learning,2026-01-29,5,Thursday
2026-01-29 05:51:17.945532,https://www.guvi.in/code-kata/topic/algorithm/,HCL GUVI | Learn to code in your native language,chrome,Profile 1,guvi.in,learning,2026-01-29,5,Thursday
2026-01-29 05:51:17.945532,https://www.guvi.in/code-kata/topic/algorithm/,HCL GUVI | Learn to code in your native language,edge,Default,guvi.in,learning,2026-01-29,5,Thursday
2026-01-29 05:51:30.945968,https://www.guvi.in/code-kata/counting-filled-buckets/,HCL GUVI | Learn to code in your native language,chrome,Profile 1,guvi.in,learning,2026-01-29,5,Thursday
2026-01-29 05:51:30.945968,https://www.guvi.in/code-kata/counting-filled-buckets/,HCL GUVI | Learn to code in your native language,edge,Default,guvi.in,learning,2026-01-29,5,Thursday
2026-01-29 05:52:01.978041,https://www.guvi.in/code-kata/josephus-problem/,HCL GUVI | Learn to code in your native language,chrome,Profile 1,guvi.in,learning,2026-01-29,5,Thursday
2026-01-29 05:52:01.978041,https://www.guvi.in/code-kata/josephus-problem/,HCL GUVI | Learn to code in your native language,edge,Default,guvi.in,learning,2026-01-29,5,Thursday
2026-01-29 05:52:35.061934,https://www.guvi.in/code-kata/topic/aptitude/,HCL GUVI | Learn to code in your native language,edge,Default,guvi.in,learning,2026-01-29,5,Thursday
2026-01-29 05:52:35.061934,https://www.guvi.in/code-kata/topic/aptitude/,HCL GUVI | Learn to code in your native language,chrome,Profile 1,guvi.in,learning,2026-01-29,5,Thursday
2026-01-29 05:52:35.061934,https://www.guvi.in/code-kata/topic/aptitude,HCL GUVI | Learn to code in your native language,chrome,Profile 1,guvi.in,learning,2026-01-29,5,Thursday
2026-01-29 05:52:48.884787,https://www.guvi.in/code-kata/print-first-n-numbers-of-series/,HCL GUVI | Learn to code in your native language,edge,Default,guvi.in,learning,2026-01-29,5,Thursday
2026-01-29 05:52:48.884787,https://www.guvi.in/code-kata/print-first-n-numbers-of-series/,HCL GUVI | Learn to code in your native language,chrome,Profile 1,guvi.in,learning,2026-01-29,5,Thursday
2026-01-29 05:54:18.360475,https://www.guvi.in/code-kata/topic/array-list-and-tuples-tf,HCL GUVI | Learn to code in your native language,chrome,Profile 1,guvi.in,learning,2026-01-29,5,Thursday
2026-01-29 05:54:18.360475,https://www.guvi.in/code-kata/topic/array-list-and-tuples-tf/,HCL GUVI | Learn to code in your native language,edge,Default,guvi.in,learning,2026-01-29,5,Thursday
2026-01-29 05:54:18.360475,https://www.guvi.in/code-kata/topic/array-list-and-tuples-tf/,HCL GUVI | Learn to code in your native language,chrome,Profile 1,guvi.in,learning,2026-01-29,5,Thursday
2026-01-29 05:55:02.141254,https://www.guvi.in/code-kata/rot-card-game-arrangement/,HCL GUVI | Learn to code in your native language,chrome,Profile 1,guvi.in,learning,2026-01-29,5,Thursday
2026-01-29 05:55:02.141254,https://www.guvi.in/code-kata/rot-card-game-arrangement/,HCL GUVI | Learn to code in your native language,edge,Default,guvi.in,learning,2026-01-29,5,Thursday
2026-01-29 05:59:39.063752,https://www.guvi.in/code-kata/topic/backtracking,HCL GUVI | Learn to code in your native language,chrome,Profile 1,guvi.in,learning,2026-01-29,5,Thursday
2026-01-29 05:59:39.063752,https://www.guvi.in/code-kata/topic/backtracking/,HCL GUVI | Learn to code in your native language,edge,Default,guvi.in,learning,2026-01-29,5,Thursday
2026-01-29 05:59:39.063752,https://www.guvi.in/code-kata/topic/backtracking/,HCL GUVI | Learn to code in your native language,chrome,Profile 1,guvi.in,learning,2026-01-29,5,Thursday
2026-01-29 05:59:49.965230,https://www.guvi.in/code-kata/topic/bascis/,HCL GUVI | Learn to code in your native language,chrome,Profile 1,guvi.in,learning,2026-01-29,5,Thursday
2026-01-29 05:59:49.965230,https://www.guvi.in/code-kata/topic/bascis/,HCL GUVI | Learn to code in your native language,edge,Default,guvi.in,learning,2026-01-29,5,Thursday
2026-01-29 05:59:49.965230,https://www.guvi.in/code-kata/topic/bascis,HCL GUVI | Learn to code in your native language,chrome,Profile 1,guvi.in,learning,2026-01-29,5,Thursday
2026-01-29 06:00:14.924326,https://www.guvi.in/code-kata/max-consecutive-ones/,HCL GUVI | Learn to code in your native language,edge,Default,guvi.in,learning,2026-01-29,6,Thursday
2026-01-29 06:00:14.924326,https://www.guvi.in/code-kata/max-consecutive-ones/,HCL GUVI | Learn to code in your native language,chrome,Profile 1,guvi.in,learning,2026-01-29,6,Thursday
2026-01-29 06:01:13.436658,https://www.guvi.in/code-kata/topic/binary/,HCL GUVI | Learn to code in your native language,edge,Default,guvi.in,learning,2026-01-29,6,Thursday
2026-01-29 06:01:13.436658,https://www.guvi.in/code-kata/topic/binary,HCL GUVI | Learn to code in your native language,chrome,Profile 1,guvi.in,learning,2026-01-29,6,Thursday
2026-01-29 06:01:13.436658,https://www.guvi.in/code-kata/topic/binary/,HCL GUVI | Learn to code in your native language,chrome,Profile 1,guvi.in,learning,2026-01-29,6,Thursday
2026-01-29 06:01:56.015206,https://www.guvi.in/code-kata/topic/calendar/,HCL GUVI | Learn to code in your native language,chrome,Profile 1,guvi.in,learning,2026-01-29,6,Thursday
2026-01-29 06:01:56.015206,https://www.guvi.in/code-kata/topic/calendar/,HCL GUVI | Learn to code in your native language,edge,Default,guvi.in,learning,2026-01-29,6,Thursday
2026-01-29 06:01:56.015206,https://www.guvi.in/code-kata/topic/calendar,HCL GUVI | Learn to code in your native language,chrome,Profile 1,guvi.in,learning,2026-01-29,6,Thursday
2026-01-29 06:02:34.542243,https://www.guvi.in/code-kata/cricket-partnership-runs/,HCL GUVI | Learn to code in your native language,chrome,Profile 1,guvi.in,learning,2026-01-29,6,Thursday
2026-01-29 06:02:34.542243,https://www.guvi.in/code-kata/cricket-partnership-runs/,HCL GUVI | Learn to code in your native language,edge,Default,guvi.in,learning,2026-01-29,6,Thursday
2026-01-29 06:05:17.221476,https://www.guvi.in/code-kata/topic/collection,HCL GUVI | Learn to code in your native language,chrome,Profile 1,guvi.in,learning,2026-01-29,6,Thursday
2026-01-29 06:05:17.221476,https://www.guvi.in/code-kata/topic/collection/,HCL GUVI | Learn to code in your native language,chrome,Profile 1,guvi.in,learning,2026-01-29,6,Thursday
2026-01-29 06:05:17.221476,https://www.guvi.in/code-kata/topic/collection/,HCL GUVI | Learn to code in your native language,edge,Default,guvi.in,learning,2026-01-29,6,Thursday
2026-01-29 06:05:31.324523,https://www.guvi.in/code-kata/topic/counting/,HCL GUVI | Learn to code in your native language,chrome,Profile 1,guvi.in,learning,2026-01-29,6,Thursday
2026-01-29 06:05:31.324523,https://www.guvi.in/code-kata/topic/counting/,HCL GUVI | Learn to code in your native language,edge,Default,guvi.in,learning,2026-01-29,6,Thursday
2026-01-29 06:05:31.324523,https://www.guvi.in/code-kata/topic/counting,HCL GUVI | Learn to code in your native language,chrome,Profile 1,guvi.in,learning,2026-01-29,6,Thursday
2026-01-29 06:05:47.225972,https://www.guvi.in/code-kata/phonebook-prefix-consistency/,HCL GUVI | Learn to code in your native language,edge,Default,guvi.in,learning,2026-01-29,6,Thursday
2026-01-29 06:05:47.225972,https://www.guvi.in/code-kata/phonebook-prefix-consistency/,HCL GUVI | Learn to code in your native language,chrome,Profile 1,guvi.in,learning,2026-01-29,6,Thursday
2026-01-29 06:06:29.795039,https://www.guvi.in/code-kata/topic/dictionary/,HCL GUVI | Learn to code in your native language,chrome,Profile 1,guvi.in,learning,2026-01-29,6,Thursday
2026-01-29 06:06:29.795039,https://www.guvi.in/code-kata/topic/dictionary/,HCL GUVI | Learn to code in your native language,edge,Default,guvi.in,learning,2026-01-29,6,Thursday
2026-01-29 06:06:29.795039,https://www.guvi.in/code-kata/topic/dictionary,HCL GUVI | Learn to code in your native language,chrome,Profile 1,guvi.in,learning,2026-01-29,6,Thursday
2026-01-29 06:07:47.426116,https://www.guvi.in/code-kata/nth-dfg-number/,HCL GUVI | Learn to code in your native language,chrome,Profile 1,guvi.in,learning,2026-01-29,6,Thursday
2026-01-29 06:07:47.426116,https://www.guvi.in/code-kata/nth-dfg-number/,HCL GUVI | Learn to code in your native language,edge,Default,guvi.in,learning,2026-01-29,6,Thursday
2026-01-29 06:08:35.239062,https://www.guvi.in/code-kata/topic/matematics/,HCL GUVI | Learn to code in your native language,chrome,Profile 1,guvi.in,learning,2026-01-29,6,Thursday
2026-01-29 06:08:35.239062,https://www.guvi.in/code-kata/topic/matematics,HCL GUVI | Learn to code in your native language,chrome,Profile 1,guvi.in,learning,2026-01-29,6,Thursday
2026-01-29 06:08:35.239062,https://www.guvi.in/code-kata/topic/matematics/,HCL GUVI | Learn to code in your native language,edge,Default,guvi.in,learning,2026-01-29,6,Thursday
2026-01-29 06:09:15.977149,https://www.guvi.in/code-kata/arasul-series-generation/,HCL GUVI | Learn to code in your native language,chrome,Profile 1,guvi.in,learning,2026-01-29,6,Thursday
2026-01-29 06:09:15.977149,https://www.guvi.in/code-kata/arasul-series-generation/,HCL GUVI | Learn to code in your native language,edge,Default,guvi.in,learning,2026-01-29,6,Thursday
2026-01-29 06:12:04.849659,https://www.guvi.in/code-kata/topic/pattern/,HCL GUVI | Learn to code in your native language,edge,Default,guvi.in,learning,2026-01-29,6,Thursday
2026-01-29 06:12:04.849659,https://www.guvi.in/code-kata/topic/pattern/,HCL GUVI | Learn to code in your native language,chrome,Profile 1,guvi.in,learning,2026-01-29,6,Thursday
2026-01-29 06:12:04.849659,https://www.guvi.in/code-kata/topic/pattern,HCL GUVI | Learn to code in your native language,chrome,Profile 1,guvi.in,learning,2026-01-29,6,Thursday
2026-01-29 06:12:28.256951,https://www.guvi.in/code-kata/,HCL GUVI | Learn to code in your native language,chrome,Profile 1,guvi.in,learning,2026-01-29,6,Thursday
2026-01-29 06:12:28.256951,https://www.guvi.in/code-kata/,HCL GUVI | Learn to code in your native language,edge,Default,guvi.in,learning,2026-01-29,6,Thursday
2026-01-29 06:13:01.323468,https://www.guvi.in/code-kata/,HCL GUVI | Learn to code in your native language,edge,Default,guvi.in,learning,2026-01-29,6,Thursday
2026-01-29 06:13:57.453095,https://www.guvi.in/sqlkata/,SQLKata | HCL GUVI,chrome,Profile 1,guvi.in,learning,2026-01-29,6,Thursday
2026-01-29 06:13:57.453095,https://www.guvi.in/sqlkata/,SQLKata | HCL GUVI,edge,Default,guvi.in,learning,2026-01-29,6,Thursday
2026-01-29 06:14:04.893401,https://www.guvi.in/sqlkata/sql,HCL GUVI | Learn to code in your native language,chrome,Profile 1,guvi.in,learning,2026-01-29,6,Thursday
2026-01-29 06:14:04.893401,https://www.guvi.in/sqlkata/sql/,HCL GUVI | Learn to code in your native language,chrome,Profile 1,guvi.in,learning,2026-01-29,6,Thursday
2026-01-29 06:14:04.893401,https://www.guvi.in/sqlkata/sql/,HCL GUVI | Learn to code in your native language,edge,Default,guvi.in,learning,2026-01-29,6,Thursday
2026-01-29 06:14:24.494525,https://www.guvi.in/sqlkata/sql/1/,SQLKata | HCL GUVI,edge,Default,guvi.in,learning,2026-01-29,6,Thursday
2026-01-29 06:14:24.494525,https://www.guvi.in/sqlkata/sql/1/,SQLKata | HCL GUVI,chrome,Profile 1,guvi.in,learning,2026-01-29,6,Thursday
2026-01-29 06:25:59.483992,https://www.guvi.in/sqlkata/sql/2,SQLKata | HCL GUVI,chrome,Profile 1,guvi.in,learning,2026-01-29,6,Thursday
2026-01-29 06:25:59.483992,https://www.guvi.in/sqlkata/sql/2/,SQLKata | HCL GUVI,chrome,Profile 1,guvi.in,learning,2026-01-29,6,Thursday
2026-01-29 06:25:59.483992,https://www.guvi.in/sqlkata/sql/2/,SQLKata | HCL GUVI,edge,Default,guvi.in,learning,2026-01-29,6,Thursday
2026-01-29 18:08:58.492246,https://www.google.com/search,180 days in months - Google Search,chrome,Profile 1,google.com,search,2026-01-29,18,Thursday
2026-01-29 18:59:37.142375,https://login.microsoftonline.com/common/oauth2/v2.0/authorize,Sign in to your account,chrome,Profile 1,microsoftonline.com,other,2026-01-29,18,Thursday
2026-01-29 18:59:40.310288,https://login.external.hp.com/idp/prp.wsf,Continue with HP OneUID,chrome,Profile 1,hp.com,technology,2026-01-29,18,Thursday
2026-01-29 19:00:29.539788,https://authenticator.pingone.com/pingid/ppm/auth/response,,chrome,Profile 1,pingone.com,other,2026-01-29,19,Thursday
2026-01-29 19:00:32.042343,https://login.external.hp.com/idp/jEMDf/resume/idp/prp.ping,HP Network Detector,chrome,Profile 1,hp.com,technology,2026-01-29,19,Thursday
2026-01-29 19:00:32.834233,https://windows365.microsoft.com/spa-signin-oidc#code=1.AQoAooF5ylp4PUa4Kj24ffw85nkVUTsAXuFGqJ6m8IcOL1oKAGAKAA.BQABBAIAAAADAOz_BQD0_0V2b1N0c0FydGlmYWN0cwIAAAAAAE0jgdiF7Mv8i32JC0_k-AZSx2sVkKk-qtIOZ6f5gEawQLHU0yQht40QqEQVkDUoUUkKJQPk7ephP18dR8iMdOprw76pc4x02S0WXTFVvkgFHp5GniCwZ8387C2G91du6x-LJkWWGAYx0Xr3NhNmTBSMgg3QNC_X-sxC3NQTCES_XIu7qHubOnvmGrhri5ESsFUXU3s3dHr0Vlerhpj2_05j47FjWbSpPvyBkCWU9T062pUBcPrmQ8dCRswOOIdaBf_81Qs4w9QYwryhwFomRVzKyxVFkcvs9A_DjNImU2X90MtLFPJ0RngknsPpQh0OtnbYZIrWfmpLLr2zxOxjZ4HH9PsRJWoNChOySGzYC3aEi82rix3Kl3-vtIMsxZ7f1QgORVse1ObNeCOxbcilaYXgjgNC4JuGAAcQSAus9Uss6kLMYpvDbqpOY-i24hIzJt8huYt0OI5B3YiNQm2YHyVBKCa8hSSr64OLp2ONPUbyy_9abnIf6P82IDRWFZgxfGwAEpLoGvsUfWrInuGmWh60qtul8k3LCZL-B8c0PkQ8Ga3WnJEKOLFsgzrcC8fulZSDyDILgWJWpWHHmHw9yCX2u4n_BhFappC1AiupYByTaYUis6MDKX_kwTdXynISybL94lVRofHMA5QECIktaK432X4BY04jLqix21eilMhvodePqXflB5AdLwxwqJ9WaEbhi9zVZjbiUVngd_4c1uINora00MNEivMNTTN_yj174cBHBGKfKj8KOH1Z-25ykEnceqItOmojyB3obqoHa5qxbqiqWYRWNoBBlZbfIpFiidRu-1-XoD-suXCYg3aWiGJxEs8Mg62awTwfY4nKYtxB38ukLb9ZhxUVyg_OZ9i72XgWyM_8koXN-yl4v4pPzfv_q0gfM7FQ8Rws2Ey-HX9DiBskCjtdfxp0bFKXwZCAac3aKm7CTjtwZ3VnM6D9yR01Pq2e42-AiDehBlN9dMGHkuVn2RaskjtCb06aODM7WLPmvP3CU8wEtpOceyywjGrne21xpzxB3UwNq_C5xcWbtS2C2Gr5vOKsbR1MSYPeULAW0vQGtiszCkxMMe0K1m0YXgYRDWozufVofkVUkZZwbVa9h5esVzEqoM0HJceuo75KpH53tW-SI1u8ltbfVYofO1J5yIQ3Il3PO28BRSMGAvBh4sLE_L86ar0QOb1GAysBMy0D2HznOqv6MLE2BT7A8Gq7bu-6AxkxQBL4aNvwTOPMW45WfGdDD2UyBwOrsXcFosziJ3bfMTC8QmzoHDIgdEWEc3Vxo3rT2zygbKHUVI6YltwwB5Nv15I8Ojek-cePplLc6Jisc2xf0Wrcya8D5b1KBSHzIfvdWljiZD0WTQUSbrWplB12asixblmA-crfVfXKmO5BAvIMog1l_WV3utSl0N5ZkWF_q-HkYYFiuwVigPoQDp7C8MZoK5FmFl0DW-df_9cwwScRQS79zPnTzYk7NK-LcI4bCn4pMMiXeehxNV7_5NhMcmauwbNqX37KiWoxaAKmaiWH72Ik8LDJP_PVxXmZn1pQYBXxH8xoi4Pt2hUMEAO9lvuf7Q&client_info=eyJ1aWQiOiJmODU3NzY0YS05OTY2LTQyOTktOGU1OC04YzZkYzFiY2MxMzUiLCJ1dGlkIjoiY2E3OTgxYTItNzg1YS00NjNkLWI4MmEtM2RiODdkZmMzY2U2In0&state=eyJpZCI6IjAxOWMwYjIwLTA2ZjEtNzg0ZS05ZWViLWYxZDU3NTE4OTAzZSIsIm1ldGEiOnsiaW50ZXJhY3Rpb25UeXBlIjoicmVkaXJlY3QifX0%3d&session_state=0013b6fa-a9a6-7c76-07ae-e4cd30634b7c,Windows 365,chrome,Profile 1,microsoft.com,other,2026-01-29,19,Thursday
2026-01-29 19:00:33.304513,https://windows365.microsoft.com/spa-signin-oidc#,Windows 365,chrome,Profile 1,microsoft.com,other,2026-01-29,19,Thursday
2026-01-29 19:00:33.315638,https://windows365.microsoft.com/spa-signin-oidc,Windows 365,chrome,Profile 1,microsoft.com,other,2026-01-29,19,Thursday
2026-01-29 19:00:33.598519,https://windows365.microsoft.com/,Sign in to your account,chrome,Profile 1,microsoft.com,other,2026-01-29,19,Thursday
2026-01-29 19:00:36.011958,https://windows365.microsoft.com/ent,Windows App,chrome,Profile 1,microsoft.com,other,2026-01-29,19,Thursday
2026-01-29 19:00:38.752544,https://windows.cloud.microsoft/spa-signin-oidc#code=1.AQoAooF5ylp4PUa4Kj24ffw85hUoH0X-QLtEuKY6LlXPQMQKAGAKAA.BQABBAIAAAADAOz_BQD0_0V2b1N0c0FydGlmYWN0cwIAAAAAAPV7xq7Cw2aDrhv_d8cloOUkbh5atqQId6rZJit7-DUBLqrwXSGLzgWo0SnmyG7ZJcLmUSC64YztLz_T88N4Kr4DvvCsbNjIySLcIuOJ4Aznht0LOGM1RQxKoHP-CELJLVBm5jnekoZaGaIPLaVqRc2i7xVfBxALWMizgduttMopUuaBTieShB-03M6U97V0cHkUvGvISphocd1jGAhqY-v7C03l4mulpKAJA68oBKm8zxGAHDK7aYcwCCdMJ8SZt4PySDMCvrFt-ZE2spSa2s2QD1kW101cv7H3sFSKfsZILIla5OM0daUGrliexuNpN3i_8NN0bNLkktEScMq9qhu7KwIFcwqchQbz2GRIhIZiy6UtZzNRUN4zSBCr3LIeBin_oAWuGa95Ha7SS4FwK-gDafSmwlpXI3O5X814p2YYborRRGLdJKCrulUIED4F56l12-eeRGPCDOIZPJKC3yuBS2stjLG9kNnF3id2vabQsc5h3RpoT6viA2AdCM6vzLcxxZfbYIPmnuDXLryA1ksXMPfXHHp_RW1E6uUn-rEBGHmDDC8dejjA-_Lp5CyTMcEkTB-A8t6kROb4DHlr5vpN-9Eop-mnXMUjfcsRmA3MqZsQyTBph0nPY9wAsSUVR1qbBoyFWGfgAADxxwGsq6Eif-r9YLLIphUbf3FEx7-8ksl6SSUPQoEklHD3zKn66hO0mIGjfnW8555h3FcFCRPN0QYPSD0el1g890y9PAYuBvIbYH4lF1WMbP4eCGh36x2xVU1TbV3ALluJYJOzhUIB3AUyjizp7YaRD1xXYrct9Hbv8yVpF7YsuaMv4lvyRXtmqE4Pr5-gsS93a5GdvnRlZhzRW0mMWzTT0vf7DpqfiwvZJ3EGAkdARZg9jV1CuPBylOBWeCp2jsJf3bJK5HZRL6-CZZFffgN64aEKvIj5gZeJxgAi5CSFXNkiEdwEDFeTabp3nPICplnUiCqPYTy7DrcPVMqcN1sGd27WueJYLN37OyJfNWzliYODtmnF2B55AaQanzF1gfVsiweAEVTjyoMPdGCaXlhB00E5StDQ2TylfuvbzTv1cSdCHo4B0I8d6sWxn-ktoJ9zuxtIkAZjp8iJIBzqMfgN509zelGrijvFP-TO6Cv27MjstVAs0rcpoVUlniiCf1d0gJ6WDxY5D6xPr9Cep3cqqhiPfZT_vyiKrPtBrDHYCCbQ0Oh3iBfENgD8k_MYlwul6fJAM3TS4foP-jr6hS3aD5okUQTjSzz_977dH61NRDPTPm9LcAYsqdWoQrs8P8YU56mkTc24GJaIgwUJVTs28jYzzdTwKGfifLcygASAzpnYfAgEmCJqFxh9Nfx3yovWvANXfXB0-ICMHWxtmQPqUATZI05g1yi_AWtr2QlHilDNp6WJA1cHNytwiV_DS_2cXVU3UfTgPrMrfaor7508FkwwvQvch4ti2peEJKyGcROXBQFPDUTgB8V7da7UyzYb0doWC_1YQBi-FIaUMiQ1IVXWK4cPmz1e3VWMb1N504DaFZK_Z1QFeox55P9Mq3LncM1H3R83jxF0P69mHgLA7M1gjX254G7YNpFv6d_89tJZA1WXQycRadycRb4lVugapJmnhX6hbQw&client_info=eyJ1aWQiOiJmODU3NzY0YS05OTY2LTQyOTktOGU1OC04YzZkYzFiY2MxMzUiLCJ1dGlkIjoiY2E3OTgxYTItNzg1YS00NjNkLWI4MmEtM2RiODdkZmMzY2U2In0&state=eyJpZCI6IjAxOWMwYjIxLTAwY2ItNzFmMi04NjQwLWZiNDNjOWE4MzYxZCIsIm1ldGEiOnsiaW50ZXJhY3Rpb25UeXBlIjoicmVkaXJlY3QifX0%3d&session_state=0013b6fa-a9a6-7c76-07ae-e4cd30634b7c,Windows App,chrome,Profile 1,cloud.microsoft,other,2026-01-29,19,Thursday
2026-01-29 19:00:38.752544,https://login.microsoftonline.com/common/oauth2/v2.0/authorize,Windows App,chrome,Profile 1,microsoftonline.com,other,2026-01-29,19,Thursday
2026-01-29 19:00:39.161871,https://windows.cloud.microsoft/spa-signin-oidc#,Windows App,chrome,Profile 1,cloud.microsoft,other,2026-01-29,19,Thursday
2026-01-29 19:00:39.171428,https://windows.cloud.microsoft/spa-signin-oidc,Windows App,chrome,Profile 1,cloud.microsoft,other,2026-01-29,19,Thursday
2026-01-29 19:00:39.359001,https://windows.cloud.microsoft/,Windows App,chrome,Profile 1,cloud.microsoft,other,2026-01-29,19,Thursday
2026-01-29 19:00:40.940926,https://windows.cloud.microsoft/#/,Windows App,chrome,Profile 1,cloud.microsoft,other,2026-01-29,19,Thursday
2026-01-29 19:00:48.332353,https://windows.cloud.microsoft/#/devices,Windows App,chrome,Profile 1,cloud.microsoft,other,2026-01-29,19,Thursday
2026-01-29 19:00:57.414676,https://windows.cloud.microsoft/webclient/ent/ef9d0c82-74df-4cff-b9f5-a4bab8833e78#loginHint=subasangkari.s%40hp.com,"Anyware On-Demand - Windows 11 - CentralIndia - S, Subasangkari (CW)",chrome,Profile 1,cloud.microsoft,other,2026-01-29,19,Thursday
2026-01-30 17:36:10.664895,https://www.google.com/search,ncs. gov. in - Google Search,chrome,Profile 1,google.com,search,2026-01-30,17,Friday
2026-01-30 17:36:10.664895,https://www.google.com/search,ncs. gov. in - Google Search,edge,Default,google.com,search,2026-01-30,17,Friday
2026-01-30 17:36:16.102031,https://www.google.com/search,ncs. gov. in - Google Search,chrome,Profile 1,google.com,search,2026-01-30,17,Friday
2026-01-30 17:36:16.102031,https://www.google.com/search,ncs. gov. in - Google Search,edge,Default,google.com,search,2026-01-30,17,Friday
2026-01-30 17:36:22.460839,https://www.ncs.gov.in/,NcsNewWebsite,chrome,Profile 1,ncs.gov.in,other,2026-01-30,17,Friday
2026-01-30 17:36:43.975698,https://betacloud.ncs.gov.in/login/jobseeker,NcsNewWebsite,chrome,Profile 1,ncs.gov.in,other,2026-01-30,17,Friday
2026-01-30 17:36:43.975698,https://betacloud.ncs.gov.in/login/jobseeker,NcsNewWebsite,edge,Default,ncs.gov.in,other,2026-01-30,17,Friday
2026-01-30 17:38:24.603226,https://betacloud.ncs.gov.in/job-listing,NcsNewWebsite,chrome,Profile 1,ncs.gov.in,other,2026-01-30,17,Friday
2026-01-30 17:38:24.603226,https://betacloud.ncs.gov.in/job-listing,NcsNewWebsite,edge,Default,ncs.gov.in,other,2026-01-30,17,Friday
2026-01-30 17:43:02.172797,https://betacloud.ncs.gov.in/job-listing,NcsNewWebsite,chrome,Profile 1,ncs.gov.in,other,2026-01-30,17,Friday
2026-01-30 17:43:02.172797,https://betacloud.ncs.gov.in/job-listing,NcsNewWebsite,edge,Default,ncs.gov.in,other,2026-01-30,17,Friday
2026-01-30 17:44:45.084729,https://www.google.com/search,chatgpt - Google Search,edge,Default,google.com,search,2026-01-30,17,Friday
2026-01-30 17:44:45.084729,https://www.google.com/search,chatgpt - Google Search,chrome,Profile 1,google.com,search,2026-01-30,17,Friday
2026-01-30 17:47:27.697641,https://betacloud.ncs.gov.in/job-listing,NcsNewWebsite,edge,Default,ncs.gov.in,other,2026-01-30,17,Friday
2026-01-30 17:47:27.697641,https://betacloud.ncs.gov.in/job-listing,NcsNewWebsite,chrome,Profile 1,ncs.gov.in,other,2026-01-30,17,Friday
2026-01-30 17:49:03.037198,https://betacloud.ncs.gov.in/cvbuilder,NcsNewWebsite,chrome,Profile 1,ncs.gov.in,other,2026-01-30,17,Friday
2026-01-30 17:49:03.037198,https://betacloud.ncs.gov.in/cvbuilder,NcsNewWebsite,edge,Default,ncs.gov.in,other,2026-01-30,17,Friday
2026-01-30 17:51:04.205434,https://betacloud.ncs.gov.in/home-profile,NcsNewWebsite,chrome,Profile 1,ncs.gov.in,other,2026-01-30,17,Friday
2026-01-30 17:51:04.205434,https://betacloud.ncs.gov.in/home-profile,NcsNewWebsite,edge,Default,ncs.gov.in,other,2026-01-30,17,Friday
2026-01-30 17:51:17.590352,https://www.google.com/search,linkedin - Google Search,chrome,Profile 1,google.com,search,2026-01-30,17,Friday
2026-01-30 17:51:17.590352,https://www.google.com/search,linkedin - Google Search,edge,Default,google.com,search,2026-01-30,17,Friday
2026-01-30 17:51:20.403952,https://www.google.com/aclk,LinkedIn India: Log In or Sign Up,chrome,Profile 1,google.com,search,2026-01-30,17,Friday
2026-01-30 17:51:20.403952,https://in.linkedin.com/,LinkedIn India: Log In or Sign Up,chrome,Profile 1,linkedin.com,professional,2026-01-30,17,Friday
2026-01-30 17:51:20.403952,https://in.linkedin.com/,LinkedIn India: Log In or Sign Up,edge,Default,linkedin.com,professional,2026-01-30,17,Friday
2026-01-30 17:51:33.879543,https://www.linkedin.com/login,"LinkedIn Login, Sign in | LinkedIn",chrome,Profile 1,linkedin.com,professional,2026-01-30,17,Friday
2026-01-30 17:51:33.879543,https://www.linkedin.com/login,"LinkedIn Login, Sign in | LinkedIn",edge,Default,linkedin.com,professional,2026-01-30,17,Friday
2026-01-30 17:52:42.466662,https://www.google.com/search,tally accountant jobs - Google Search,edge,Default,google.com,search,2026-01-30,17,Friday
2026-01-30 17:52:42.466662,https://www.google.com/search,tally accountant jobs - Google Search,chrome,Profile 1,google.com,search,2026-01-30,17,Friday
2026-01-30 17:52:43.578716,https://www.google.com/search,tally accountant jobs - Google Search,chrome,Profile 1,google.com,search,2026-01-30,17,Friday
2026-01-30 17:52:43.578716,https://www.google.com/search,tally accountant jobs - Google Search,edge,Default,google.com,search,2026-01-30,17,Friday
2026-01-30 17:52:53.531004,https://www.google.com/search,tally accountant jobs in bangalore work from home - Google Search,chrome,Profile 1,google.com,search,2026-01-30,17,Friday
2026-01-30 17:52:53.531004,https://www.google.com/search,tally accountant jobs in bangalore work from home - Google Search,edge,Default,google.com,search,2026-01-30,17,Friday
2026-01-30 17:52:54.070826,https://www.google.com/search,tally accountant jobs in bangalore work from home - Google Search,edge,Default,google.com,search,2026-01-30,17,Friday
2026-01-30 17:52:54.070826,https://www.google.com/search,tally accountant jobs in bangalore work from home - Google Search,chrome,Profile 1,google.com,search,2026-01-30,17,Friday
2026-01-30 17:53:15.100880,https://www.google.com/search,tally accountant jobs in salem work from home - Google Search,edge,Default,google.com,search,2026-01-30,17,Friday
2026-01-30 17:53:15.100880,https://www.google.com/search,tally accountant jobs in salem work from home - Google Search,chrome,Profile 1,google.com,search,2026-01-30,17,Friday
2026-01-30 17:53:15.719839,https://www.google.com/search,tally accountant jobs in salem work from home - Google Search,edge,Default,google.com,search,2026-01-30,17,Friday
2026-01-30 17:53:15.719839,https://www.google.com/search,tally accountant jobs in salem work from home - Google Search,chrome,Profile 1,google.com,search,2026-01-30,17,Friday
2026-01-30 17:53:22.916587,"https://in.indeed.com/q-tally-l-salem,-tamil-nadu-jobs.html","0 Tally Jobs and Vacancies in Salem, Tamil Nadu - 30 January 2026 | Indeed",edge,Default,indeed.com,other,2026-01-30,17,Friday
2026-01-30 17:53:22.916587,"https://in.indeed.com/q-tally-l-salem,-tamil-nadu-jobs.html","0 Tally Jobs and Vacancies in Salem, Tamil Nadu - 30 January 2026 | Indeed",chrome,Profile 1,indeed.com,other,2026-01-30,17,Friday
2026-01-30 17:53:25.253383,"https://in.indeed.com/q-tally-l-salem,-tamil-nadu-jobs.html","0 Tally Jobs and Vacancies in Salem, Tamil Nadu - 30 January 2026 | Indeed",edge,Default,indeed.com,other,2026-01-30,17,Friday
2026-01-30 17:53:25.253383,"https://in.indeed.com/q-tally-l-salem,-tamil-nadu-jobs.html","0 Tally Jobs and Vacancies in Salem, Tamil Nadu - 30 January 2026 | Indeed",chrome,Profile 1,indeed.com,other,2026-01-30,17,Friday
2026-01-30 17:53:59.856227,"https://in.indeed.com/q-tally-l-salem,-tamil-nadu-jobs.html","0 Tally Jobs and Vacancies in Salem, Tamil Nadu - 30 January 2026 | Indeed",chrome,Profile 1,indeed.com,other,2026-01-30,17,Friday
2026-01-30 17:53:59.856227,"https://in.indeed.com/q-tally-l-salem,-tamil-nadu-jobs.html","0 Tally Jobs and Vacancies in Salem, Tamil Nadu - 30 January 2026 | Indeed",edge,Default,indeed.com,other,2026-01-30,17,Friday
2026-01-30 17:54:48.523321,https://www.google.com/search,accountant jobs salem - Google Search,chrome,Profile 1,google.com,search,2026-01-30,17,Friday
2026-01-30 17:54:48.523321,https://www.google.com/search,accountant jobs salem - Google Search,edge,Default,google.com,search,2026-01-30,17,Friday
2026-01-30 17:54:49.336448,https://www.google.com/search,accountant jobs salem - Google Search,edge,Default,google.com,search,2026-01-30,17,Friday
2026-01-30 17:54:49.336448,https://www.google.com/search,accountant jobs salem - Google Search,chrome,Profile 1,google.com,search,2026-01-30,17,Friday
2026-01-30 17:55:15.892129,https://www.google.com/search,accountant jobs in salem for freshers - Google Search,chrome,Profile 1,google.com,search,2026-01-30,17,Friday
2026-01-30 17:55:15.892129,https://www.google.com/search,accountant jobs in salem for freshers - Google Search,edge,Default,google.com,search,2026-01-30,17,Friday
2026-01-30 17:55:16.661405,https://www.google.com/search,accountant jobs in salem for freshers - Google Search,edge,Default,google.com,search,2026-01-30,17,Friday
2026-01-30 17:55:16.661405,https://www.google.com/search,accountant jobs in salem for freshers - Google Search,chrome,Profile 1,google.com,search,2026-01-30,17,Friday
2026-01-30 17:56:49.920371,https://www.google.com/search,bss recruitment - Google Search,chrome,Profile 1,google.com,search,2026-01-30,17,Friday
2026-01-30 17:56:49.920371,https://www.google.com/search,bss recruitment - Google Search,edge,Default,google.com,search,2026-01-30,17,Friday
2026-01-30 17:57:25.001924,https://www.google.com/search,bss recruitment careers - Google Search,chrome,Profile 1,google.com,search,2026-01-30,17,Friday
2026-01-30 17:57:25.001924,https://www.google.com/search,bss recruitment careers - Google Search,edge,Default,google.com,search,2026-01-30,17,Friday
2026-01-30 17:57:25.711359,https://www.google.com/search,bss recruitment careers - Google Search,chrome,Profile 1,google.com,search,2026-01-30,17,Friday
2026-01-30 17:57:25.711359,https://www.google.com/search,bss recruitment careers - Google Search,edge,Default,google.com,search,2026-01-30,17,Friday
2026-01-30 17:57:31.092049,https://www.bssrecruit.com/,Placement recruitment consultancy | website design | SEO | resume writing,edge,Default,bssrecruit.com,other,2026-01-30,17,Friday
2026-01-30 17:57:31.092049,https://www.bssrecruit.com/,Placement recruitment consultancy | website design | SEO | resume writing,chrome,Profile 1,bssrecruit.com,other,2026-01-30,17,Friday
2026-01-30 17:58:01.443462,https://bssrecruit.com/freshers-jobs/resumes/,You searched for tally - freshers jobs,chrome,Profile 1,bssrecruit.com,other,2026-01-30,17,Friday
2026-01-30 17:58:01.443462,https://bssrecruit.com/freshers-jobs/resumes/,You searched for tally - freshers jobs,edge,Default,bssrecruit.com,other,2026-01-30,17,Friday
2026-01-30 17:58:19.578014,https://bssrecruit.com/freshers-jobs/register-login/,Register / Login - freshers jobs,edge,Default,bssrecruit.com,other,2026-01-30,17,Friday
2026-01-30 17:58:19.578014,https://bssrecruit.com/freshers-jobs/register-login/,Register / Login - freshers jobs,chrome,Profile 1,bssrecruit.com,other,2026-01-30,17,Friday
2026-01-30 17:58:24.234810,https://bssrecruit.com/freshers-jobs/,Freshers Jobs | Freshers Jobs India | Freshers Jobs Updated daily basis |,edge,Default,bssrecruit.com,other,2026-01-30,17,Friday
2026-01-30 17:58:24.234810,https://bssrecruit.com/freshers-jobs/,Freshers Jobs | Freshers Jobs India | Freshers Jobs Updated daily basis |,chrome,Profile 1,bssrecruit.com,other,2026-01-30,17,Friday
2026-01-30 17:59:05.287305,https://www.google.com/search,tally related jobs - Google Search,chrome,Profile 1,google.com,search,2026-01-30,17,Friday
2026-01-30 17:59:05.287305,https://www.google.com/search,tally related jobs - Google Search,edge,Default,google.com,search,2026-01-30,17,Friday
2026-01-30 17:59:06.403040,https://www.google.com/search,tally related jobs - Google Search,chrome,Profile 1,google.com,search,2026-01-30,17,Friday
2026-01-30 17:59:06.403040,https://www.google.com/search,tally related jobs - Google Search,edge,Default,google.com,search,2026-01-30,17,Friday
2026-01-30 17:59:33.688757,"https://glassdoor.co.in/Job/salem-accountant-tally-jobs-SRCH_IL.0,5_IC2830069_KO6,22.htm","14 accountant tally jobs in Salem, Tamil Nadu, January 2026 | Glassdoor",chrome,Profile 1,glassdoor.co.in,other,2026-01-30,17,Friday
2026-01-30 17:59:33.688757,"https://www.glassdoor.co.in/Job/salem-accountant-tally-jobs-SRCH_IL.0,5_IC2830069_KO6,22.htm","14 accountant tally jobs in Salem, Tamil Nadu, January 2026 | Glassdoor",edge,Default,glassdoor.co.in,other,2026-01-30,17,Friday
2026-01-30 17:59:33.688757,"https://www.glassdoor.co.in/Job/salem-accountant-tally-jobs-SRCH_IL.0,5_IC2830069_KO6,22.htm","14 accountant tally jobs in Salem, Tamil Nadu, January 2026 | Glassdoor",chrome,Profile 1,glassdoor.co.in,other,2026-01-30,17,Friday
2026-01-30 17:59:33.688757,"https://www.glassdoor.com/Job/salem-accountant-tally-jobs-SRCH_IL.0,5_IC2830069_KO6,22.htm","14 accountant tally jobs in Salem, Tamil Nadu, January 2026 | Glassdoor",chrome,Profile 1,glassdoor.com,other,2026-01-30,17,Friday
2026-01-30 18:00:37.741713,https://www.google.com/search,startup companies in salem - Google Search,edge,Default,google.com,search,2026-01-30,18,Friday
2026-01-30 18:00:37.741713,https://www.google.com/search,startup companies in salem - Google Search,chrome,Profile 1,google.com,search,2026-01-30,18,Friday
2026-01-30 18:01:43.406129,https://www.google.com/search,startup companies in salem - Google Search,chrome,Profile 1,google.com,search,2026-01-30,18,Friday
2026-01-30 18:01:43.406129,https://www.google.com/search,startup companies in salem - Google Search,edge,Default,google.com,search,2026-01-30,18,Friday
2026-01-30 18:01:48.313977,https://maps.google.com/maps,Google Maps,chrome,Profile 1,google.com,search,2026-01-30,18,Friday
2026-01-30 18:01:48.313977,https://www.google.com/maps,Google Maps,chrome,Profile 1,google.com,search,2026-01-30,18,Friday
2026-01-30 18:01:48.313977,https://www.google.com/maps,Google Maps,edge,Default,google.com,search,2026-01-30,18,Friday
2026-01-30 18:01:53.558115,"https://www.google.com/maps/dir//Cueverz,+near+Louis+Philippe+Showroom,+Fairlands,+Salem,+Tamil+Nadu+636016/@11.6719616,78.1418496,14z/data=!3m1!4b1!4m8!4m7!1m0!1m5!1m1!1s0xc7a44eb3b9669e3:0xe652b9a40b8bdc8b!2m2!1d78.1398944!2d11.6767852",Google Maps,chrome,Profile 1,google.com,search,2026-01-30,18,Friday
2026-01-30 18:01:53.558115,"https://www.google.com/maps/dir//Cueverz,+near+Louis+Philippe+Showroom,+Fairlands,+Salem,+Tamil+Nadu+636016/@11.6719616,78.1418496,14z/data=!3m1!4b1!4m8!4m7!1m0!1m5!1m1!1s0xc7a44eb3b9669e3:0xe652b9a40b8bdc8b!2m2!1d78.1398944!2d11.6767852",Google Maps,edge,Default,google.com,search,2026-01-30,18,Friday
2026-01-30 18:02:06.853708,"https://www.google.com/maps/dir/Salem,+Tamil+Nadu/Cueverz,+near+Louis+Philippe+Showroom,+Fairlands,+Salem,+Tamil+Nadu+636016/@11.6719616,78.1418496,14z/data=!4m10!4m9!1m2!1m1!1s0x3babf1ccf52cba0b:0xee9989007068ca47!1m5!1m1!1s0xc7a44eb3b9669e3:0xe652b9a40b8bdc8b!2m2!1d78.1398944!2d11.6767852","Salem, Tamil Nadu, India to Cueverz - Google Maps",edge,Default,google.com,search,2026-01-30,18,Friday
2026-01-30 18:02:06.853708,"https://www.google.com/maps/dir/Salem,+Tamil+Nadu/Cueverz,+near+Louis+Philippe+Showroom,+Fairlands,+Salem,+Tamil+Nadu+636016/@11.6719616,78.1418496,14z/data=!4m10!4m9!1m2!1m1!1s0x3babf1ccf52cba0b:0xee9989007068ca47!1m5!1m1!1s0xc7a44eb3b9669e3:0xe652b9a40b8bdc8b!2m2!1d78.1398944!2d11.6767852","Salem, Tamil Nadu, India to Cueverz - Google Maps",chrome,Profile 1,google.com,search,2026-01-30,18,Friday
2026-01-30 18:02:07.330238,"https://www.google.com/maps/dir/Salem,+Tamil+Nadu,+India/Cueverz,+near+Louis+Philippe+Showroom,+Fairlands,+Salem,+Tamil+Nadu+636016/@11.6719616,78.1418496,14z/data=!4m13!4m12!1m5!1m1!1s0x3babf1ccf52cba0b:0xee9989007068ca47!2m2!1d78.1460142!2d11.664325!1m5!1m1!1s0xc7a44eb3b9669e3:0xe652b9a40b8bdc8b!2m2!1d78.1398944!2d11.6767852","Salem, Tamil Nadu, India to Cueverz - Google Maps",edge,Default,google.com,search,2026-01-30,18,Friday
2026-01-30 18:02:07.330238,"https://www.google.com/maps/dir/Salem,+Tamil+Nadu,+India/Cueverz,+near+Louis+Philippe+Showroom,+Fairlands,+Salem,+Tamil+Nadu+636016/@11.6719616,78.1418496,14z/data=!4m13!4m12!1m5!1m1!1s0x3babf1ccf52cba0b:0xee9989007068ca47!2m2!1d78.1460142!2d11.664325!1m5!1m1!1s0xc7a44eb3b9669e3:0xe652b9a40b8bdc8b!2m2!1d78.1398944!2d11.6767852","Salem, Tamil Nadu, India to Cueverz - Google Maps",chrome,Profile 1,google.com,search,2026-01-30,18,Friday
2026-01-30 18:02:08.519523,"https://www.google.com/maps/dir/Salem,+Tamil+Nadu,+India/Cueverz,+near+Louis+Philippe+Showroom,+Fairlands,+Salem,+Tamil+Nadu+636016/@11.6706443,78.134738,16z/data=!3m1!4b1!4m13!4m12!1m5!1m1!1s0x3babf1ccf52cba0b:0xee9989007068ca47!2m2!1d78.1460142!2d11.664325!1m5!1m1!1s0xc7a44eb3b9669e3:0xe652b9a40b8bdc8b!2m2!1d78.1398944!2d11.6767852","Salem, Tamil Nadu, India to Cueverz - Google Maps",chrome,Profile 1,google.com,search,2026-01-30,18,Friday
2026-01-30 18:02:08.519523,"https://www.google.com/maps/dir/Salem,+Tamil+Nadu,+India/Cueverz,+near+Louis+Philippe+Showroom,+Fairlands,+Salem,+Tamil+Nadu+636016/@11.6706443,78.134738,16z/data=!3m1!4b1!4m13!4m12!1m5!1m1!1s0x3babf1ccf52cba0b:0xee9989007068ca47!2m2!1d78.1460142!2d11.664325!1m5!1m1!1s0xc7a44eb3b9669e3:0xe652b9a40b8bdc8b!2m2!1d78.1398944!2d11.6767852","Salem, Tamil Nadu, India to Cueverz - Google Maps",edge,Default,google.com,search,2026-01-30,18,Friday
2026-01-30 18:02:18.314065,"https://www.google.com/maps/dir//Cueverz,+near+Louis+Philippe+Showroom,+Fairlands,+Salem,+Tamil+Nadu+636016/@11.6706443,78.134738,16z/data=!4m8!4m7!1m0!1m5!1m1!1s0xc7a44eb3b9669e3:0xe652b9a40b8bdc8b!2m2!1d78.1398944!2d11.6767852",Google Maps,chrome,Profile 1,google.com,search,2026-01-30,18,Friday
2026-01-30 18:02:18.314065,"https://www.google.com/maps/dir//Cueverz,+near+Louis+Philippe+Showroom,+Fairlands,+Salem,+Tamil+Nadu+636016/@11.6706443,78.134738,16z/data=!4m8!4m7!1m0!1m5!1m1!1s0xc7a44eb3b9669e3:0xe652b9a40b8bdc8b!2m2!1d78.1398944!2d11.6767852",Google Maps,edge,Default,google.com,search,2026-01-30,18,Friday
2026-01-30 18:02:24.735735,"https://www.google.com/maps/@11.6719616,78.1418496,14z/data=!4m2!10m1!1e1",Google Maps,chrome,Profile 1,google.com,search,2026-01-30,18,Friday
2026-01-30 18:02:24.735735,"https://www.google.com/maps/@11.6719616,78.1418496,14z/data=!4m2!10m1!1e1",Google Maps,edge,Default,google.com,search,2026-01-30,18,Friday
2026-01-30 18:02:25.867970,"https://www.google.com/maps/dir//Cueverz,+near+Louis+Philippe+Showroom,+Fairlands,+Salem,+Tamil+Nadu+636016/@11.6719616,78.1418496,14z/data=!4m8!4m7!1m0!1m5!1m1!1s0xc7a44eb3b9669e3:0xe652b9a40b8bdc8b!2m2!1d78.1398944!2d11.6767852",Google Maps,edge,Default,google.com,search,2026-01-30,18,Friday
2026-01-30 18:02:25.867970,"https://www.google.com/maps/dir//Cueverz,+near+Louis+Philippe+Showroom,+Fairlands,+Salem,+Tamil+Nadu+636016/@11.6719616,78.1418496,14z/data=!4m8!4m7!1m0!1m5!1m1!1s0xc7a44eb3b9669e3:0xe652b9a40b8bdc8b!2m2!1d78.1398944!2d11.6767852",Google Maps,chrome,Profile 1,google.com,search,2026-01-30,18,Friday
2026-01-30 18:02:39.497575,https://www.google.com/search,startup companies in salem - Google Search,chrome,Profile 1,google.com,search,2026-01-30,18,Friday
2026-01-30 18:02:39.497575,https://www.google.com/search,startup companies in salem - Google Search,edge,Default,google.com,search,2026-01-30,18,Friday
2026-01-30 18:03:05.106526,http://cueverz.com/,Cueverz - Leading the Way in Software Innovation,chrome,Profile 1,cueverz.com,other,2026-01-30,18,Friday
2026-01-30 18:03:13.745645,https://cueverz.com/contact-us,Contacts | Cueverz,edge,Default,cueverz.com,other,2026-01-30,18,Friday
2026-01-30 18:03:13.745645,https://cueverz.com/contact-us,Contacts | Cueverz,chrome,Profile 1,cueverz.com,other,2026-01-30,18,Friday
2026-01-30 18:06:32.675375,https://cueverz.com/,Cueverz - Leading the Way in Software Innovation,chrome,Profile 1,cueverz.com,other,2026-01-30,18,Friday
2026-01-30 18:06:32.675375,https://cueverz.com/,Cueverz - Leading the Way in Software Innovation,edge,Default,cueverz.com,other,2026-01-30,18,Friday
2026-01-30 18:06:33.806187,https://www.google.com/search,startup companies in salem - Google Search,edge,Default,google.com,search,2026-01-30,18,Friday
2026-01-30 18:06:33.806187,https://www.google.com/search,startup companies in salem - Google Search,chrome,Profile 1,google.com,search,2026-01-30,18,Friday
2026-01-30 18:06:40.859185,https://www.foxthreetechnologies.com/,Fox Three Technologies | Web Designing Company in Salem|Web Applications Development Company in Salem | Web Hosting in Salem | Web Design | Digital Marketing & SEO | Software Solution In Salem | ECommerce Solutions in Salem | Web & Mobile App Development| School Management Software | Photography Software | web hosting in salem,chrome,Profile 1,foxthreetechnologies.com,other,2026-01-30,18,Friday
2026-01-30 18:06:40.859185,https://www.foxthreetechnologies.com/,Fox Three Technologies | Web Designing Company in Salem|Web Applications Development Company in Salem | Web Hosting in Salem | Web Design | Digital Marketing & SEO | Software Solution In Salem | ECommerce Solutions in Salem | Web & Mobile App Development| School Management Software | Photography Software | web hosting in salem,edge,Default,foxthreetechnologies.com,other,2026-01-30,18,Friday
2026-01-30 18:07:18.281167,https://www.google.com/search,startup companies in salem - Google Search,chrome,Profile 1,google.com,search,2026-01-30,18,Friday
2026-01-30 18:07:18.281167,https://www.google.com/search,startup companies in salem - Google Search,edge,Default,google.com,search,2026-01-30,18,Friday
2026-01-30 18:07:35.582332,https://www.google.com/search,govt jobs - Google Search,edge,Default,google.com,search,2026-01-30,18,Friday
2026-01-30 18:07:35.582332,https://www.google.com/search,govt jobs - Google Search,chrome,Profile 1,google.com,search,2026-01-30,18,Friday
2026-01-30 18:07:48.962720,https://www.tnprivatejobs.tn.gov.in/,Online Job Portal,chrome,Profile 1,tn.gov.in,other,2026-01-30,18,Friday
2026-01-30 18:07:48.962720,https://www.tnprivatejobs.tn.gov.in/,Online Job Portal,edge,Default,tn.gov.in,other,2026-01-30,18,Friday
2026-01-30 18:11:30.552981,https://www.tnprivatejobs.tn.gov.in/Home/jobs,Online Job Portal,chrome,Profile 1,tn.gov.in,other,2026-01-30,18,Friday
2026-01-30 18:11:30.552981,https://www.tnprivatejobs.tn.gov.in/Home/jobs,Online Job Portal,edge,Default,tn.gov.in,other,2026-01-30,18,Friday
2026-01-30 18:11:37.741458,https://www.tnprivatejobs.tn.gov.in/Home/clear_session_filter/register,,edge,Default,tn.gov.in,other,2026-01-30,18,Friday
2026-01-30 18:11:37.741458,https://www.tnprivatejobs.tn.gov.in/Home/clear_session_filter/register,,chrome,Profile 1,tn.gov.in,other,2026-01-30,18,Friday
2026-01-30 18:12:26.209692,https://www.google.com/search,govt jobs - Google Search,chrome,Profile 1,google.com,search,2026-01-30,18,Friday
2026-01-30 18:12:26.209692,https://www.google.com/search,govt jobs - Google Search,edge,Default,google.com,search,2026-01-30,18,Friday
2026-01-30 18:12:35.639688,https://www.google.com/search,chatgpt - Google Search,edge,Default,google.com,search,2026-01-30,18,Friday
2026-01-30 18:12:35.639688,https://www.google.com/search,chatgpt - Google Search,chrome,Profile 1,google.com,search,2026-01-30,18,Friday
2026-01-30 18:12:39.713065,https://chatgpt.com/,ChatGPT,edge,Default,chatgpt.com,learning,2026-01-30,18,Friday
2026-01-30 18:12:39.713065,https://chatgpt.com/,ChatGPT,chrome,Profile 1,chatgpt.com,learning,2026-01-30,18,Friday
2026-01-30 18:12:39.713065,https://www.google.com/aclk,ChatGPT,chrome,Profile 1,google.com,search,2026-01-30,18,Friday
2026-01-30 18:13:14.773447,https://www.tngovjobs.in/#google_vignette,TN GOVERNMENT JOBS | Latest Govt Jobs 2025 | Upcoming Govt Jobs 2025,edge,Default,tngovjobs.in,other,2026-01-30,18,Friday
2026-01-30 18:13:14.773447,https://www.tngovjobs.in/#google_vignette,TN GOVERNMENT JOBS | Latest Govt Jobs 2025 | Upcoming Govt Jobs 2025,chrome,Profile 1,tngovjobs.in,other,2026-01-30,18,Friday
2026-01-30 18:13:17.309263,https://www.tngovjobs.in/,TN GOVERNMENT JOBS | Latest Govt Jobs 2025 | Upcoming Govt Jobs 2025,edge,Default,tngovjobs.in,other,2026-01-30,18,Friday
2026-01-30 18:13:17.309263,https://www.tngovjobs.in/,TN GOVERNMENT JOBS | Latest Govt Jobs 2025 | Upcoming Govt Jobs 2025,chrome,Profile 1,tngovjobs.in,other,2026-01-30,18,Friday
2026-01-30 18:13:24.840358,https://www.google.com/search,ncs. gov. in - Google Search,chrome,Profile 1,google.com,search,2026-01-30,18,Friday
2026-01-30 18:13:24.840358,https://www.google.com/search,ncs. gov. in - Google Search,edge,Default,google.com,search,2026-01-30,18,Friday
2026-01-30 18:13:25.544308,https://www.google.com/search,ncs. gov. in - Google Search,chrome,Profile 1,google.com,search,2026-01-30,18,Friday
2026-01-30 18:13:25.544308,https://www.google.com/search,ncs. gov. in - Google Search,edge,Default,google.com,search,2026-01-30,18,Friday
2026-01-30 18:15:18.101205,http://india.gov.in/,Home | National Portal of India,chrome,Profile 1,india.gov.in,other,2026-01-30,18,Friday
2026-01-30 18:16:40.839225,https://india.gov.in/search,Global Search | National Portal of India,edge,Default,india.gov.in,other,2026-01-30,18,Friday
2026-01-30 18:16:40.839225,https://india.gov.in/search,Global Search | National Portal of India,chrome,Profile 1,india.gov.in,other,2026-01-30,18,Friday
2026-01-30 18:17:14.141882,https://india.gov.in/mygov-activities,Activities | National Portal of India,edge,Default,india.gov.in,other,2026-01-30,18,Friday
2026-01-30 18:17:14.141882,https://india.gov.in/mygov-activities,Activities | National Portal of India,chrome,Profile 1,india.gov.in,other,2026-01-30,18,Friday
2026-01-30 18:17:15.503656,https://india.gov.in/category/education-learning,Education & Learning | Category | National Portal of India,chrome,Profile 1,india.gov.in,other,2026-01-30,18,Friday
2026-01-30 18:17:15.503656,https://india.gov.in/category/education-learning,Education & Learning | Category | National Portal of India,edge,Default,india.gov.in,other,2026-01-30,18,Friday
2026-01-30 18:17:16.374888,https://india.gov.in/category/travel-tourism,Travel & Tourism | Category | National Portal of India,chrome,Profile 1,india.gov.in,other,2026-01-30,18,Friday
2026-01-30 18:17:16.374888,https://india.gov.in/category/travel-tourism,Travel & Tourism | Category | National Portal of India,edge,Default,india.gov.in,other,2026-01-30,18,Friday
2026-01-30 18:17:18.332353,https://india.gov.in/,Home | National Portal of India,chrome,Profile 1,india.gov.in,other,2026-01-30,18,Friday
2026-01-30 18:17:18.332353,https://india.gov.in/,Home | National Portal of India,edge,Default,india.gov.in,other,2026-01-30,18,Friday
2026-01-30 18:18:18.276449,https://india.gov.in/explore-india/travel-and-tourism,Travel & Tourism | Explore India | National Portal of India,chrome,Profile 1,india.gov.in,other,2026-01-30,18,Friday
2026-01-30 18:18:18.276449,https://india.gov.in/explore-india/travel-and-tourism,Travel & Tourism | Explore India | National Portal of India,edge,Default,india.gov.in,other,2026-01-30,18,Friday
2026-01-30 18:18:34.810847,https://india.gov.in/explore-india/travel-and-tourism,Travel & Tourism | Explore India | National Portal of India,chrome,Profile 1,india.gov.in,other,2026-01-30,18,Friday
2026-01-30 18:18:34.810847,https://india.gov.in/explore-india/travel-and-tourism,Travel & Tourism | Explore India | National Portal of India,edge,Default,india.gov.in,other,2026-01-30,18,Friday
2026-01-30 18:19:02.895097,https://employmentnews.gov.in/,emp-news-intro,chrome,Profile 1,employmentnews.gov.in,other,2026-01-30,18,Friday
2026-01-30 18:19:02.895097,https://employmentnews.gov.in/,emp-news-intro,edge,Default,employmentnews.gov.in,other,2026-01-30,18,Friday
2026-01-30 18:19:04.969713,https://employmentnews.gov.in/NewEmp/Home.aspx,Employment News,chrome,Profile 1,employmentnews.gov.in,other,2026-01-30,18,Friday
2026-01-30 18:19:04.969713,https://employmentnews.gov.in/NewEmp/Home.aspx,Employment News,edge,Default,employmentnews.gov.in,other,2026-01-30,18,Friday
2026-01-30 18:19:54.360420,https://www.ncs.gov.in/,NcsNewWebsite,chrome,Profile 1,ncs.gov.in,other,2026-01-30,18,Friday
2026-01-30 18:19:55.190464,https://betacloud.ncs.gov.in/,NcsNewWebsite,chrome,Profile 1,ncs.gov.in,other,2026-01-30,18,Friday
2026-01-30 18:19:55.190464,https://betacloud.ncs.gov.in/,NcsNewWebsite,edge,Default,ncs.gov.in,other,2026-01-30,18,Friday
2026-01-30 18:20:00.606268,https://betacloud.ncs.gov.in/profile,NcsNewWebsite,chrome,Profile 1,ncs.gov.in,other,2026-01-30,18,Friday
2026-01-30 18:20:00.606268,https://betacloud.ncs.gov.in/profile,NcsNewWebsite,edge,Default,ncs.gov.in,other,2026-01-30,18,Friday
2026-01-30 18:20:01.178791,https://betacloud.ncs.gov.in/home-profile,NcsNewWebsite,chrome,Profile 1,ncs.gov.in,other,2026-01-30,18,Friday
2026-01-30 18:20:01.178791,https://betacloud.ncs.gov.in/home-profile,NcsNewWebsite,edge,Default,ncs.gov.in,other,2026-01-30,18,Friday
2026-01-30 18:20:07.967175,https://betacloud.ncs.gov.in/job-listing,NcsNewWebsite,edge,Default,ncs.gov.in,other,2026-01-30,18,Friday
2026-01-30 18:20:07.967175,https://betacloud.ncs.gov.in/job-listing,NcsNewWebsite,chrome,Profile 1,ncs.gov.in,other,2026-01-30,18,Friday
2026-01-30 18:24:02.655388,https://betacloud.ncs.gov.in/home-profile,NcsNewWebsite,chrome,Profile 1,ncs.gov.in,other,2026-01-30,18,Friday
2026-01-30 18:24:02.655388,https://betacloud.ncs.gov.in/home-profile,NcsNewWebsite,edge,Default,ncs.gov.in,other,2026-01-30,18,Friday
2026-01-30 18:24:51.129597,https://www.google.com/search,ncs. gov. in - Google Search,chrome,Profile 1,google.com,search,2026-01-30,18,Friday
2026-01-30 18:24:51.129597,https://www.google.com/search,ncs. gov. in - Google Search,edge,Default,google.com,search,2026-01-30,18,Friday
2026-01-30 18:24:51.868894,https://www.google.com/search,ncs. gov. in - Google Search,chrome,Profile 1,google.com,search,2026-01-30,18,Friday
2026-01-30 18:24:51.868894,https://www.google.com/search,ncs. gov. in - Google Search,edge,Default,google.com,search,2026-01-30,18,Friday
2026-01-30 18:25:31.829987,https://services.india.gov.in/service/detail/national-career-service-for-job-seekers-and-employers-1,National Career Service for Job Seekers and Employers | National Government Services Portal,chrome,Profile 1,india.gov.in,other,2026-01-30,18,Friday
2026-01-30 18:25:31.829987,https://services.india.gov.in/service/detail/national-career-service-for-job-seekers-and-employers-1,National Career Service for Job Seekers and Employers | National Government Services Portal,edge,Default,india.gov.in,other,2026-01-30,18,Friday
2026-01-30 18:25:39.821065,https://services.india.gov.in/service/listing,Education and Learning | National Government Services Portal,chrome,Profile 1,india.gov.in,other,2026-01-30,18,Friday
2026-01-30 18:25:39.821065,https://services.india.gov.in/service/listing,Education and Learning | National Government Services Portal,edge,Default,india.gov.in,other,2026-01-30,18,Friday
2026-01-30 18:26:51.917560,https://services.india.gov.in/service/search,Search | National Government Services Portal,edge,Default,india.gov.in,other,2026-01-30,18,Friday
2026-01-30 18:26:51.917560,https://services.india.gov.in/service/search,Search | National Government Services Portal,chrome,Profile 1,india.gov.in,other,2026-01-30,18,Friday
2026-01-31 06:42:39.528289,https://www.google.com/search,ueir organic salem - Google Search,chrome,Profile 1,google.com,search,2026-01-31,6,Saturday
2026-01-31 06:42:43.102296,https://www.google.com/search,ueir organic salem - Google Search,chrome,Profile 1,google.com,search,2026-01-31,6,Saturday
2026-01-31 06:43:07.988138,https://ueirorganic.com/collections/edibles,Edibles – Ueir Organic Foods,chrome,Profile 1,ueirorganic.com,other,2026-01-31,6,Saturday
2026-01-31 06:43:10.971655,https://ueirorganic.com/,Ueir Organic Foods - Pure Organic Foods & Organic products in India,chrome,Profile 1,ueirorganic.com,other,2026-01-31,6,Saturday
2026-01-31 06:43:12.619567,https://ueirorganic.com/collections/rice,Rice – Ueir Organic Foods,chrome,Profile 1,ueirorganic.com,other,2026-01-31,6,Saturday
2026-01-31 06:43:23.551721,https://ueirorganic.com/collections/rice,Rice – Ueir Organic Foods,chrome,Profile 1,ueirorganic.com,other,2026-01-31,6,Saturday
2026-01-31 12:31:53.611717,https://www.sonyliv.com/device/activate,Activate TV - Sony LIV,chrome,Profile 1,sonyliv.com,other,2026-01-31,12,Saturday
2026-01-31 14:54:16.313011,https://www.sonyliv.com/device/activate,Activate TV - Sony LIV,chrome,Profile 1,sonyliv.com,other,2026-01-31,14,Saturday
2026-01-31 14:55:01.415912,https://www.google.com/search,guvi hcl - Google Search,chrome,Profile 1,google.com,search,2026-01-31,14,Saturday
2026-01-31 19:16:06.612787,https://github.com/signup,Sign up for GitHub · GitHub,chrome,Profile 1,github.com,learning,2026-01-31,19,Saturday
2026-01-31 19:16:12.723666,https://accounts.google.com/v3/signin/accountchooser,Sign in - Google Accounts,chrome,Profile 1,google.com,search,2026-01-31,19,Saturday
2026-01-31 19:16:12.723666,https://accounts.google.com/o/oauth2/v2/auth,Sign in - Google Accounts,chrome,Profile 1,google.com,search,2026-01-31,19,Saturday
2026-01-31 19:16:17.228129,https://accounts.google.com/ServiceLogin,GitHub,chrome,Profile 1,google.com,search,2026-01-31,19,Saturday
2026-01-31 19:16:17.228129,https://accounts.google.com/signin/oauth/consent,GitHub,chrome,Profile 1,google.com,search,2026-01-31,19,Saturday
2026-01-31 19:16:17.228129,https://github.com/sessions/social/google/callback,GitHub,chrome,Profile 1,github.com,learning,2026-01-31,19,Saturday
2026-01-31 19:16:17.228129,https://accounts.google.com/InteractiveLogin,GitHub,chrome,Profile 1,google.com,search,2026-01-31,19,Saturday
2026-02-01 13:32:16.573945,https://www.google.com/search,art of living salem - Google Search,chrome,Profile 1,google.com,search,2026-02-01,13,Sunday
2026-02-01 13:32:18.094876,https://www.google.com/search,art of living salem - Google Search,chrome,Profile 1,google.com,search,2026-02-01,13,Sunday
2026-02-01 13:32:35.905090,https://www.artofliving.org/in-en/yoga-meditation-centers/salem,The Art of Living Salem Chamundy Complex | Yoga & Meditation Center Nearby in Salem Chamundy Complex near you,chrome,Profile 1,artofliving.org,other,2026-02-01,13,Sunday
2026-02-01 13:32:39.812417,https://www.artofliving.org/in-en/yoga-meditation-centers/salem#center_search_courses,The Art of Living Salem Chamundy Complex | Yoga & Meditation Center Nearby in Salem Chamundy Complex near you,chrome,Profile 1,artofliving.org,other,2026-02-01,13,Sunday
2026-02-01 13:32:46.575524,https://www.artofliving.org/in-en/yoga-meditation-centers/salem#start_date_from=2026-02-01&start_date_to=2027-02-01&include_private=&start_time_from=&start_time_to=&lng=78.1483054&lat=11.6627019&distance=30&center_id=6170&ctype=12415%2C339715&course_language=&type=country&country=in&has_voucher=0&metrics=1&extend_to_limit=1&limit=0&current_day_time_from=19.2,The Art of Living Salem Chamundy Complex | Yoga & Meditation Center Nearby in Salem Chamundy Complex near you,chrome,Profile 1,artofliving.org,other,2026-02-01,13,Sunday
2026-02-01 13:32:47.295164,https://www.artofliving.org/in-en/yoga-meditation-centers/salem#start_date_from=2026-02-01&start_date_to=2027-02-01&include_private=&start_time_from=&start_time_to=&lng=78.1483054&lat=11.6627019&distance=30&center_id=6170&ctype=313040%2C12371%2C338000%2C313040%2C510212%2C74889%2C12519%2C56368%2C847760%2C338000%2C337993%2C377155%2C12415%2C339715&course_language=&type=country&country=in&has_voucher=0&metrics=1&extend_to_limit=1&limit=0&current_day_time_from=19.2,The Art of Living Salem Chamundy Complex | Yoga & Meditation Center Nearby in Salem Chamundy Complex near you,chrome,Profile 1,artofliving.org,other,2026-02-01,13,Sunday
2026-02-01 13:32:48.318862,https://www.artofliving.org/in-en/yoga-meditation-centers/salem#start_date_from=2026-02-01&start_date_to=2027-02-01&include_private=&start_time_from=&start_time_to=&lng=78.1483054&lat=11.6627019&distance=30&center_id=6170&ctype=313040%2C12371%2C338000%2C313040%2C510212%2C74889%2C12519%2C56368%2C847760%2C338000%2C337993%2C377155&course_language=&type=country&country=in&has_voucher=0&metrics=1&extend_to_limit=1&limit=0&current_day_time_from=19.2,The Art of Living Salem Chamundy Complex | Yoga & Meditation Center Nearby in Salem Chamundy Complex near you,chrome,Profile 1,artofliving.org,other,2026-02-01,13,Sunday
2026-02-01 18:07:51.150175,https://support.google.com/googleplay/,Try new Android apps before their official release - Google Play Help,chrome,Profile 1,google.com,search,2026-02-01,18,Sunday
2026-02-01 18:08:06.713838,https://support.google.com/googleplay/community,Google Play Community,chrome,Profile 1,google.com,search,2026-02-01,18,Sunday
2026-02-01 18:08:10.622123,https://support.google.com/googleplay/answer/7003180,Try new Android apps before their official release - Google Play Help,chrome,Profile 1,google.com,search,2026-02-01,18,Sunday
2026-02-01 18:08:17.239595,https://www.artofliving.org/in-en/yoga-meditation-centers/salem#start_date_from=2026-02-01&start_date_to=2027-02-01&include_private=&start_time_from=&start_time_to=&lng=78.1483054&lat=11.6627019&distance=30&center_id=6170&ctype=313040%2C12371%2C338000%2C313040%2C510212%2C74889%2C12519%2C56368%2C847760%2C338000%2C337993%2C377155%2C368353%2C465639%2C736104%2C850578%2C555883&course_language=&type=country&country=in&has_voucher=0&metrics=1&extend_to_limit=1&limit=0&current_day_time_from=19.2,The Art of Living Salem Chamundy Complex | Yoga & Meditation Center Nearby in Salem Chamundy Complex near you,chrome,Profile 1,artofliving.org,other,2026-02-01,18,Sunday
2026-02-02 03:37:32.805218,https://www.google.com/url,Classify,chrome,Profile 1,google.com,search,2026-02-02,3,Monday
2026-02-02 03:37:38.304823,https://classify.zenclass.in/meet-dashboard-new,Classify,chrome,Profile 1,zenclass.in,learning,2026-02-02,3,Monday
2026-02-02 13:49:19.669849,https://auth.openai.com/api/accounts/callback/google,ChatGPT,chrome,Profile 1,openai.com,other,2026-02-02,13,Monday
2026-02-02 13:49:19.669849,https://auth.openai.com/api/oauth/oauth2/auth,ChatGPT,chrome,Profile 1,openai.com,other,2026-02-02,13,Monday
2026-02-02 13:49:19.669849,https://auth.openai.com/api/accounts/consent,ChatGPT,chrome,Profile 1,openai.com,other,2026-02-02,13,Monday
2026-02-02 13:49:19.669849,https://auth.openai.com/api/accounts/authorize,ChatGPT,chrome,Profile 1,openai.com,other,2026-02-02,13,Monday
2026-02-02 13:49:19.669849,https://accounts.google.com/o/oauth2/v2/auth,ChatGPT,chrome,Profile 1,google.com,search,2026-02-02,13,Monday
2026-02-02 13:49:19.669849,https://chatgpt.com/api/auth/callback/openai,ChatGPT,chrome,Profile 1,chatgpt.com,learning,2026-02-02,13,Monday
2026-02-02 13:52:38.186718,https://accounts.google.com/ServiceLogin,💎Diamond Dynamics: Price Prediction and Market Segmentation - Google Docs,chrome,Profile 1,google.com,search,2026-02-02,13,Monday
2026-02-02 13:52:38.186718,https://docs.google.com/accounts/SetOSID,💎Diamond Dynamics: Price Prediction and Market Segmentation - Google Docs,chrome,Profile 1,google.com,search,2026-02-02,13,Monday
2026-02-02 13:52:38.186718,https://docs.google.com/document/d/1vBmhazPOcOaqOCVCa8DhSaP9YBTwSYqAdjo6JKLEOfw/edit,💎Diamond Dynamics: Price Prediction and Market Segmentation - Google Docs,chrome,Profile 1,google.com,search,2026-02-02,13,Monday
2026-02-02 13:52:38.186718,https://docs.google.com/document/d/1vBmhazPOcOaqOCVCa8DhSaP9YBTwSYqAdjo6JKLEOfw/edit,💎Diamond Dynamics: Price Prediction and Market Segmentation - Google Docs,edge,Default,google.com,search,2026-02-02,13,Monday
2026-02-02 13:52:39.104250,https://docs.google.com/document/d/1vBmhazPOcOaqOCVCa8DhSaP9YBTwSYqAdjo6JKLEOfw/edit,💎Diamond Dynamics: Price Prediction and Market Segmentation - Google Docs,chrome,Profile 1,google.com,search,2026-02-02,13,Monday
2026-02-02 13:56:38.356659,https://drive.google.com/file/u/0/d/1m9HU-CoGXCzLtj9DyAoZt-13BfHKQH0c/view,diamonds.csv - Google Drive,edge,Default,google.com,search,2026-02-02,13,Monday
2026-02-02 13:56:38.356659,https://accounts.google.com/ServiceLogin,diamonds.csv - Google Drive,chrome,Profile 1,google.com,search,2026-02-02,13,Monday
2026-02-02 13:56:38.356659,https://drive.google.com/file/d/1m9HU-CoGXCzLtj9DyAoZt-13BfHKQH0c/view,diamonds.csv - Google Drive,chrome,Profile 1,google.com,search,2026-02-02,13,Monday
2026-02-02 13:56:38.356659,https://drive.google.com/accounts/SetOSID,diamonds.csv - Google Drive,chrome,Profile 1,google.com,search,2026-02-02,13,Monday
2026-02-02 13:56:38.356659,https://drive.google.com/file/u/0/d/1m9HU-CoGXCzLtj9DyAoZt-13BfHKQH0c/view,diamonds.csv - Google Drive,chrome,Profile 1,google.com,search,2026-02-02,13,Monday
2026-02-02 13:56:38.948462,https://drive.google.com/file/d/1m9HU-CoGXCzLtj9DyAoZt-13BfHKQH0c/view,diamonds.csv - Google Drive,chrome,Profile 1,google.com,search,2026-02-02,13,Monday
2026-02-02 13:56:38.948462,https://drive.google.com/file/d/1m9HU-CoGXCzLtj9DyAoZt-13BfHKQH0c/view,diamonds.csv - Google Drive,edge,Default,google.com,search,2026-02-02,13,Monday
2026-02-02 17:02:49.652347,https://www.google.com/search,tneb - Google Search,chrome,Profile 1,google.com,search,2026-02-02,17,Monday
2026-02-02 17:02:57.969622,https://www.tnebnet.org/awp/login,TANGEDCO Online Payment,chrome,Profile 1,tnebnet.org,other,2026-02-02,17,Monday
2026-02-02 17:03:51.488555,https://www.tnebnet.org/awp/grouppay,TANGEDCO Online Payment,chrome,Profile 1,tnebnet.org,other,2026-02-02,17,Monday
2026-02-02 17:03:57.081826,https://www.tnebnet.org/awp/grouppay,TANGEDCO Online Payment,chrome,Profile 1,tnebnet.org,other,2026-02-02,17,Monday
2026-02-02 17:03:58.305796,https://www.tnebnet.org/awp/grouppay,TANGEDCO Online Payment,chrome,Profile 1,tnebnet.org,other,2026-02-02,17,Monday
2026-02-02 17:04:03.466813,https://www.tnebnet.org/awp/quickpay,TANGEDCO Online Payment,chrome,Profile 1,tnebnet.org,other,2026-02-02,17,Monday
2026-02-02 17:04:05.194388,https://www.tnebnet.org/awp/grouppay,TANGEDCO Online Payment,chrome,Profile 1,tnebnet.org,other,2026-02-02,17,Monday
2026-02-02 17:04:16.039514,https://www.tnebnet.org/awp/grouppay,TANGEDCO Online Payment,chrome,Profile 1,tnebnet.org,other,2026-02-02,17,Monday
2026-02-02 17:04:19.909916,https://www.tnebnet.org/awp/grouppay,TANGEDCO Online Payment,chrome,Profile 1,tnebnet.org,other,2026-02-02,17,Monday
2026-02-02 17:04:44.629624,https://www.tnebnet.org/awp/TNEB/vpc_regupreceipt.php,TANGEDCO Online Payment,chrome,Profile 1,tnebnet.org,other,2026-02-02,17,Monday
2026-02-02 17:04:58.181058,https://www.tnebnet.org/awp/grouppay,TANGEDCO Online Payment,chrome,Profile 1,tnebnet.org,other,2026-02-02,17,Monday
2026-02-03 03:47:17.969003,https://classify.zenclass.in/home,Classify,chrome,Profile 1,zenclass.in,learning,2026-02-03,3,Tuesday
2026-02-03 05:18:32.017713,https://classify.zenclass.in/meet-dashboard-new,Classify,chrome,Profile 1,zenclass.in,learning,2026-02-03,5,Tuesday
2026-02-03 08:20:18.664605,https://login.microsoftonline.com/ca7981a2-785a-463d-b82a-3db87dfc3ce6/oauth2/authorize,Sign in to your account,chrome,Profile 1,microsoftonline.com,other,2026-02-03,8,Tuesday
2026-02-03 08:20:34.275361,https://hp.sharepoint.com/sites/ww/hpgrc/Pages/helpdesksox.aspx#/,Sign in to your account,chrome,Profile 1,sharepoint.com,other,2026-02-03,8,Tuesday
2026-02-03 08:20:34.275361,https://hp.sharepoint.com/sites/ww/hpgrc/_layouts/15/Authenticate.aspx,Sign in to your account,chrome,Profile 1,sharepoint.com,other,2026-02-03,8,Tuesday
2026-02-03 08:20:34.275361,https://hp.sharepoint.com/_forms/default.aspx,Sign in to your account,chrome,Profile 1,sharepoint.com,other,2026-02-03,8,Tuesday
2026-02-03 08:20:39.990871,https://login.microsoftonline.com/ca7981a2-785a-463d-b82a-3db87dfc3ce6/oauth2/authorize,Sign in to your account,chrome,Profile 1,microsoftonline.com,other,2026-02-03,8,Tuesday
2026-02-03 08:20:43.541099,https://login.external.hp.com/idp/prp.wsf,Continue with HP OneUID,chrome,Profile 1,hp.com,technology,2026-02-03,8,Tuesday
2026-02-03 08:21:14.747955,https://authenticator.pingone.com/pingid/ppm/auth/response,,chrome,Profile 1,pingone.com,other,2026-02-03,8,Tuesday
2026-02-03 08:21:17.230826,https://login.external.hp.com/idp/EL8os/resume/idp/prp.ping,HP Network Detector,chrome,Profile 1,hp.com,technology,2026-02-03,8,Tuesday
2026-02-03 08:21:17.797633,https://login.microsoftonline.com/login.srf,Working...,chrome,Profile 1,microsoftonline.com,other,2026-02-03,8,Tuesday
2026-02-03 08:21:19.737168,https://hp.sharepoint.com/sites/ww/hpgrc/_layouts/15/Authenticate.aspx,Helpdesk - SOX Controls Reporting,chrome,Profile 1,sharepoint.com,other,2026-02-03,8,Tuesday
2026-02-03 08:21:19.737168,https://hp.sharepoint.com/sites/ww/hpgrc/Pages/helpdesksox.aspx,Helpdesk - SOX Controls Reporting,chrome,Profile 1,sharepoint.com,other,2026-02-03,8,Tuesday
2026-02-04 03:30:38.676424,https://classify.zenclass.in/integration,Classify,chrome,Profile 1,zenclass.in,learning,2026-02-04,3,Wednesday
2026-02-04 03:30:51.089612,https://www.google.com/url,Classify,chrome,Profile 1,google.com,search,2026-02-04,3,Wednesday
2026-02-04 03:58:32.983682,https://www.google.com/search,linkedin - Google Search,edge,Default,google.com,search,2026-02-04,3,Wednesday
2026-02-04 03:58:32.983682,https://www.google.com/search,linkedin - Google Search,chrome,Profile 1,google.com,search,2026-02-04,3,Wednesday
2026-02-04 03:59:06.005540,https://www.linkedin.com/signup,Sign Up | LinkedIn,chrome,Profile 1,linkedin.com,professional,2026-02-04,3,Wednesday
2026-02-04 03:59:06.005540,https://www.linkedin.com/signup,Sign Up | LinkedIn,edge,Default,linkedin.com,professional,2026-02-04,3,Wednesday
2026-02-04 04:00:17.808672,https://www.linkedin.com/checkpoint/challenge/verify,,chrome,Profile 1,linkedin.com,professional,2026-02-04,4,Wednesday
2026-02-04 04:00:17.808672,https://www.linkedin.com/checkpoint/challenge/iframe,,chrome,Profile 1,linkedin.com,professional,2026-02-04,4,Wednesday
2026-02-04 04:03:00.091274,https://accounts.google.com/v3/signin/challenge/pwd,Welcome,edge,Default,google.com,search,2026-02-04,4,Wednesday
2026-02-04 04:03:00.091274,https://accounts.google.com/v3/signin/challenge/pwd,Welcome,chrome,Profile 1,google.com,search,2026-02-04,4,Wednesday
2026-02-04 04:03:20.508465,https://accounts.google.com/v3/signin/challenge/selection,Welcome,chrome,Profile 1,google.com,search,2026-02-04,4,Wednesday
2026-02-04 04:03:20.508465,https://accounts.google.com/v3/signin/challenge/selection,Welcome,edge,Default,google.com,search,2026-02-04,4,Wednesday
2026-02-04 04:03:24.557390,https://accounts.google.com/v3/signin/challenge/dp/presend,"Account recovery To help keep your account safe, Google wants to make sure it’s really you trying to sign in",edge,Default,google.com,search,2026-02-04,4,Wednesday
2026-02-04 04:03:24.557390,https://accounts.google.com/v3/signin/challenge/dp/presend,"Account recovery To help keep your account safe, Google wants to make sure it’s really you trying to sign in",chrome,Profile 1,google.com,search,2026-02-04,4,Wednesday
2026-02-04 04:03:32.757593,https://accounts.google.com/v3/signin/challenge/dp,"Account recovery To help keep your account safe, Google wants to make sure it’s really you trying to sign in",chrome,Profile 1,google.com,search,2026-02-04,4,Wednesday
2026-02-04 04:03:32.757593,https://accounts.google.com/v3/signin/challenge/dp,"Account recovery To help keep your account safe, Google wants to make sure it’s really you trying to sign in",edge,Default,google.com,search,2026-02-04,4,Wednesday
2026-02-04 04:03:46.900214,https://accounts.google.com/v3/signin/challenge/bc,"Account recovery To help keep your account safe, Google wants to make sure it’s really you trying to sign in",chrome,Profile 1,google.com,search,2026-02-04,4,Wednesday
2026-02-04 04:03:46.900214,https://accounts.google.com/v3/signin/challenge/bc,"Account recovery To help keep your account safe, Google wants to make sure it’s really you trying to sign in",edge,Default,google.com,search,2026-02-04,4,Wednesday
2026-02-04 04:04:14.280037,https://accounts.google.com/signin/v2/usernamerecovery,Sign in - Google Accounts,edge,Default,google.com,search,2026-02-04,4,Wednesday
2026-02-04 04:04:14.280037,https://accounts.google.com/signin/v2/usernamerecovery,Sign in - Google Accounts,chrome,Profile 1,google.com,search,2026-02-04,4,Wednesday
2026-02-04 04:04:20.064259,https://accounts.google.com/v3/signin/identifier,Sign in - Google Accounts,edge,Default,google.com,search,2026-02-04,4,Wednesday
2026-02-04 04:04:20.064259,https://accounts.google.com/v3/signin/identifier,Sign in - Google Accounts,chrome,Profile 1,google.com,search,2026-02-04,4,Wednesday
2026-02-04 04:04:26.050176,https://accounts.google.com/v3/signin/challenge/pwd,Welcome,chrome,Profile 1,google.com,search,2026-02-04,4,Wednesday
2026-02-04 04:04:26.050176,https://accounts.google.com/v3/signin/challenge/pwd,Welcome,edge,Default,google.com,search,2026-02-04,4,Wednesday
2026-02-04 04:04:50.367759,https://accounts.google.com/AccountChooser,Sign in - Google Accounts,chrome,Profile 1,google.com,search,2026-02-04,4,Wednesday
2026-02-04 04:05:05.164436,https://accounts.google.com/v3/signin/challenge/pwd,Welcome,edge,Default,google.com,search,2026-02-04,4,Wednesday
2026-02-04 04:05:05.164436,https://accounts.google.com/v3/signin/challenge/pwd,Welcome,chrome,Profile 1,google.com,search,2026-02-04,4,Wednesday
2026-02-04 04:06:29.275925,https://accounts.google.com/signin/v2/usernamerecovery/challenge/ipp,Sign in - Google Accounts,edge,Default,google.com,search,2026-02-04,4,Wednesday
2026-02-04 04:06:29.275925,https://accounts.google.com/signin/v2/usernamerecovery/challenge/ipp,Sign in - Google Accounts,chrome,Profile 1,google.com,search,2026-02-04,4,Wednesday
2026-02-04 04:07:07.971716,https://accounts.google.com/AccountChooser,Choose an account,chrome,Profile 1,google.com,search,2026-02-04,4,Wednesday
2026-02-04 04:07:18.359226,https://accounts.google.com/v3/signin/challenge/recaptcha,Sign in - Google Accounts,chrome,Profile 1,google.com,search,2026-02-04,4,Wednesday
2026-02-04 04:07:18.359226,https://accounts.google.com/v3/signin/challenge/recaptcha,Sign in - Google Accounts,edge,Default,google.com,search,2026-02-04,4,Wednesday
2026-02-04 04:07:23.025284,https://accounts.google.com/v3/signin/accountchooser,,chrome,Profile 1,google.com,search,2026-02-04,4,Wednesday
2026-02-04 04:07:23.025284,https://accounts.google.com/AccountChooser,,chrome,Profile 1,google.com,search,2026-02-04,4,Wednesday
2026-02-04 04:07:23.025284,https://accounts.google.com/signin/v2/recoverychooser,Sign in - Google Accounts,chrome,Profile 1,google.com,search,2026-02-04,4,Wednesday
2026-02-04 04:07:23.025284,https://accounts.google.com/v3/signin/accountchooser,,edge,Default,google.com,search,2026-02-04,4,Wednesday
2026-02-04 04:07:23.025284,https://accounts.google.com/signin/v2/recoverychooser,Sign in - Google Accounts,edge,Default,google.com,search,2026-02-04,4,Wednesday
2026-02-04 04:07:26.467790,https://accounts.google.com/AccountChooser,Choose an account,chrome,Profile 1,google.com,search,2026-02-04,4,Wednesday
2026-02-04 04:07:26.467790,https://accounts.google.com/signin/v2/queryname,Choose an account,chrome,Profile 1,google.com,search,2026-02-04,4,Wednesday
2026-02-04 04:07:26.467790,https://accounts.google.com/signin/v2/queryname,Choose an account,edge,Default,google.com,search,2026-02-04,4,Wednesday
2026-02-04 04:07:27.689205,https://accounts.google.com/v3/signin/identifier,Sign in with your Google Account. This account will be available to other Google apps in the browser.,chrome,Profile 1,google.com,search,2026-02-04,4,Wednesday
2026-02-04 04:07:27.689205,https://accounts.google.com/v3/signin/identifier,Sign in with your Google Account. This account will be available to other Google apps in the browser.,edge,Default,google.com,search,2026-02-04,4,Wednesday
2026-02-04 04:07:38.722095,https://accounts.google.com/v3/signin/accountchooser,Choose an account,chrome,Profile 1,google.com,search,2026-02-04,4,Wednesday
2026-02-04 04:07:38.722095,https://accounts.google.com/v3/signin/accountchooser,Choose an account,edge,Default,google.com,search,2026-02-04,4,Wednesday
2026-02-04 04:07:39.810360,https://accounts.google.com/signin/v2/usernamerecovery,Sign in - Google Accounts,chrome,Profile 1,google.com,search,2026-02-04,4,Wednesday
2026-02-04 04:07:39.810360,https://accounts.google.com/signin/v2/usernamerecovery,Sign in - Google Accounts,edge,Default,google.com,search,2026-02-04,4,Wednesday
2026-02-04 04:07:40.702057,https://accounts.google.com/v3/signin/accountchooser,Choose an account,edge,Default,google.com,search,2026-02-04,4,Wednesday
2026-02-04 04:07:40.702057,https://accounts.google.com/v3/signin/accountchooser,Choose an account,chrome,Profile 1,google.com,search,2026-02-04,4,Wednesday
2026-02-04 04:07:45.425881,https://accounts.google.com/v3/signin/identifier,Sign in with your Google Account. This account will be available to other Google apps in the browser.,edge,Default,google.com,search,2026-02-04,4,Wednesday
2026-02-04 04:07:45.425881,https://accounts.google.com/v3/signin/identifier,Sign in with your Google Account. This account will be available to other Google apps in the browser.,chrome,Profile 1,google.com,search,2026-02-04,4,Wednesday
2026-02-04 04:08:06.598937,https://accounts.google.com/v3/signin/challenge/pwd,Welcome,chrome,Profile 1,google.com,search,2026-02-04,4,Wednesday
2026-02-04 04:08:06.598937,https://accounts.google.com/v3/signin/challenge/pwd,Welcome,edge,Default,google.com,search,2026-02-04,4,Wednesday
2026-02-04 04:08:37.788844,https://accounts.google.com/v3/signin/challenge/selection,Welcome,chrome,Profile 1,google.com,search,2026-02-04,4,Wednesday
2026-02-04 04:08:37.788844,https://accounts.google.com/v3/signin/challenge/selection,Welcome,edge,Default,google.com,search,2026-02-04,4,Wednesday
2026-02-04 04:08:55.495729,https://accounts.google.com/v3/signin/identifier,Sign in - Google Accounts,edge,Default,google.com,search,2026-02-04,4,Wednesday
2026-02-04 04:08:55.495729,https://accounts.google.com/v3/signin/identifier,Sign in - Google Accounts,chrome,Profile 1,google.com,search,2026-02-04,4,Wednesday
2026-02-04 04:09:00.091902,https://accounts.google.com/signin/v2/usernamerecovery,Sign in - Google Accounts,chrome,Profile 1,google.com,search,2026-02-04,4,Wednesday
2026-02-04 04:09:00.091902,https://accounts.google.com/signin/v2/usernamerecovery,Sign in - Google Accounts,edge,Default,google.com,search,2026-02-04,4,Wednesday
2026-02-04 04:09:06.884408,https://accounts.google.com/signin/v2/queryname,Sign in - Google Accounts,edge,Default,google.com,search,2026-02-04,4,Wednesday
2026-02-04 04:09:06.884408,https://accounts.google.com/signin/v2/queryname,Sign in - Google Accounts,chrome,Profile 1,google.com,search,2026-02-04,4,Wednesday
2026-02-04 04:09:35.828518,https://accounts.google.com/signin/v2/usernamerecovery/challenge/ipp,Sign in - Google Accounts,edge,Default,google.com,search,2026-02-04,4,Wednesday
2026-02-04 04:09:35.828518,https://accounts.google.com/signin/v2/usernamerecovery/challenge/ipp,Sign in - Google Accounts,chrome,Profile 1,google.com,search,2026-02-04,4,Wednesday
2026-02-04 04:09:58.335829,https://accounts.google.com/signin/v2/recoverychooser,Sign in - Google Accounts,edge,Default,google.com,search,2026-02-04,4,Wednesday
2026-02-04 04:09:58.335829,https://accounts.google.com/signin/v2/recoverychooser,Sign in - Google Accounts,chrome,Profile 1,google.com,search,2026-02-04,4,Wednesday
2026-02-04 04:10:11.153992,https://accounts.google.com/v3/signin/challenge/recaptcha,Sign in - Google Accounts,chrome,Profile 1,google.com,search,2026-02-04,4,Wednesday
2026-02-04 04:10:11.153992,https://accounts.google.com/v3/signin/challenge/recaptcha,Sign in - Google Accounts,edge,Default,google.com,search,2026-02-04,4,Wednesday
2026-02-04 04:10:14.820621,https://accounts.google.com/v3/signin/accountchooser,Sign in - Google Accounts,edge,Default,google.com,search,2026-02-04,4,Wednesday
2026-02-04 04:10:14.820621,https://accounts.google.com/AccountChooser,Sign in - Google Accounts,chrome,Profile 1,google.com,search,2026-02-04,4,Wednesday
2026-02-04 04:10:14.820621,https://accounts.google.com/v3/signin/accountchooser,Sign in - Google Accounts,chrome,Profile 1,google.com,search,2026-02-04,4,Wednesday
2026-02-04 04:10:16.923892,https://accounts.google.com/v3/signin/identifier,Sign in with your Google Account. This account will be available to other Google apps in the browser.,edge,Default,google.com,search,2026-02-04,4,Wednesday
2026-02-04 04:10:16.923892,https://accounts.google.com/v3/signin/identifier,Sign in with your Google Account. This account will be available to other Google apps in the browser.,chrome,Profile 1,google.com,search,2026-02-04,4,Wednesday
2026-02-04 04:10:47.378393,https://www.google.com/search,linkedin - Google Search,chrome,Profile 1,google.com,search,2026-02-04,4,Wednesday
2026-02-04 04:10:47.378393,https://www.google.com/search,linkedin - Google Search,edge,Default,google.com,search,2026-02-04,4,Wednesday
2026-02-04 04:10:50.747108,https://in.linkedin.com/,LinkedIn India: Log In or Sign Up,chrome,Profile 1,linkedin.com,professional,2026-02-04,4,Wednesday
2026-02-04 04:10:50.747108,https://in.linkedin.com/,LinkedIn India: Log In or Sign Up,edge,Default,linkedin.com,professional,2026-02-04,4,Wednesday
2026-02-04 04:11:27.840449,https://accounts.google.com/gsi/select,Sign In - Google Accounts,chrome,Profile 1,google.com,search,2026-02-04,4,Wednesday
2026-02-04 04:11:27.840449,https://accounts.google.com/gsi/select,Sign In - Google Accounts,edge,Default,google.com,search,2026-02-04,4,Wednesday
2026-02-04 04:11:32.266730,https://accounts.google.com/v3/signin/identifier,Sign in - Google Accounts,chrome,Profile 1,google.com,search,2026-02-04,4,Wednesday
2026-02-04 04:11:32.266730,https://accounts.google.com/v3/signin/identifier,Sign in - Google Accounts,edge,Default,google.com,search,2026-02-04,4,Wednesday
2026-02-04 04:11:32.266730,https://accounts.google.com/accounts/AddSession,Sign in - Google Accounts,chrome,Profile 1,google.com,search,2026-02-04,4,Wednesday
2026-02-04 04:11:32.266730,https://accounts.google.com/AddSession,Sign in - Google Accounts,chrome,Profile 1,google.com,search,2026-02-04,4,Wednesday
2026-02-04 04:12:12.182496,https://accounts.google.com/v3/signin/challenge/pwd,Welcome,chrome,Profile 1,google.com,search,2026-02-04,4,Wednesday
2026-02-04 04:12:12.182496,https://accounts.google.com/v3/signin/challenge/pwd,Welcome,edge,Default,google.com,search,2026-02-04,4,Wednesday
2026-02-04 04:12:21.502322,https://accounts.google.com/v3/signin/challenge/selection,Welcome,chrome,Profile 1,google.com,search,2026-02-04,4,Wednesday
2026-02-04 04:12:21.502322,https://accounts.google.com/v3/signin/challenge/selection,Welcome,edge,Default,google.com,search,2026-02-04,4,Wednesday
2026-02-04 04:12:30.508218,https://accounts.google.com/v3/signin/challenge/dp/presend,"Account recovery To help keep your account safe, Google wants to make sure it’s really you trying to sign in",edge,Default,google.com,search,2026-02-04,4,Wednesday
2026-02-04 04:12:30.508218,https://accounts.google.com/v3/signin/challenge/dp/presend,"Account recovery To help keep your account safe, Google wants to make sure it’s really you trying to sign in",chrome,Profile 1,google.com,search,2026-02-04,4,Wednesday
2026-02-04 04:12:36.602315,https://accounts.google.com/v3/signin/challenge/dp,"Account recovery To help keep your account safe, Google wants to make sure it’s really you trying to sign in",edge,Default,google.com,search,2026-02-04,4,Wednesday
2026-02-04 04:12:36.602315,https://accounts.google.com/v3/signin/challenge/dp,"Account recovery To help keep your account safe, Google wants to make sure it’s really you trying to sign in",chrome,Profile 1,google.com,search,2026-02-04,4,Wednesday
2026-02-04 05:32:13.049540,https://classify.zenclass.in/meet-dashboard-new,Classify,chrome,Profile 1,zenclass.in,learning,2026-02-04,5,Wednesday
2026-02-04 06:35:17.697169,https://docs.google.com/document/d/1vBmhazPOcOaqOCVCa8DhSaP9YBTwSYqAdjo6JKLEOfw/edit,💎Diamond Dynamics: Price Prediction and Market Segmentation - Google Docs,edge,Default,google.com,search,2026-02-04,6,Wednesday
2026-02-04 06:35:30.807609,https://chatgpt.com/auth/login/,Get started | ChatGPT,edge,Default,chatgpt.com,learning,2026-02-04,6,Wednesday
2026-02-04 06:35:30.807609,https://chatgpt.com/g/g-p-697e55982cf481919bde8d42fd4e7c85-diamond,Get started | ChatGPT,edge,Default,chatgpt.com,learning,2026-02-04,6,Wednesday
2026-02-04 09:56:09.322120,https://apply.deloitte.com/en_US/careers/JobDetail/Data-Analyst-TS-SCI/323250,Data Analyst (TS/SCI) - - 323250,chrome,Profile 1,deloitte.com,other,2026-02-04,9,Wednesday
2026-02-04 13:08:21.641170,https://chatgpt.com/g/g-p-697e55982cf481919bde8d42fd4e7c85-diamond/c/6980ab78-3b90-8321-b977-ebaf64e2d679,Diamond - Project Statement and Code,chrome,Profile 1,chatgpt.com,learning,2026-02-04,13,Wednesday
2026-02-04 13:08:21.641170,https://chatgpt.com/g/g-p-697e55982cf481919bde8d42fd4e7c85-diamond/c/6980ab78-3b90-8321-b977-ebaf64e2d679,Get started | ChatGPT,edge,Default,chatgpt.com,learning,2026-02-04,13,Wednesday
2026-02-04 13:08:40.971465,https://www.google.com/search,google colab - Google Search,chrome,Profile 1,google.com,search,2026-02-04,13,Wednesday
2026-02-04 13:08:40.971465,https://www.google.com/search,google colab - Google Search,edge,Default,google.com,search,2026-02-04,13,Wednesday
2026-02-04 13:08:50.896762,https://colab.research.google.com/#create=true,Welcome To Colab - Colab,edge,Default,google.com,search,2026-02-04,13,Wednesday
2026-02-04 13:08:50.896762,https://colab.research.google.com/#create=true,Welcome To Colab - Colab,chrome,Profile 1,google.com,search,2026-02-04,13,Wednesday
2026-02-04 13:08:58.875021,https://colab.research.google.com/drive/1JwPWWawc8CdR1uz7n1n7_DbhM6zjVySH#updateTitle=true&folderId=1L-fwxUGSDZBpuwx1P8mKstC_C_aeWPJt,Untitled - Colab,edge,Default,google.com,search,2026-02-04,13,Wednesday
2026-02-04 13:08:58.875021,https://colab.research.google.com/drive/1JwPWWawc8CdR1uz7n1n7_DbhM6zjVySH#updateTitle=true&folderId=1L-fwxUGSDZBpuwx1P8mKstC_C_aeWPJt,Untitled - Colab,chrome,Profile 1,google.com,search,2026-02-04,13,Wednesday
2026-02-04 13:10:02.192438,https://www.google.com/search,google colab - Google Search,edge,Default,google.com,search,2026-02-04,13,Wednesday
2026-02-04 13:10:02.192438,https://www.google.com/search,google colab - Google Search,chrome,Profile 1,google.com,search,2026-02-04,13,Wednesday
2026-02-04 13:10:51.507320,https://colab.research.google.com/drive/1JwPWWawc8CdR1uz7n1n7_DbhM6zjVySH#scrollTo=tQdeUUNoxuzx,Diamond.ipynb - Colab,chrome,Profile 1,google.com,search,2026-02-04,13,Wednesday
2026-02-04 13:10:51.507320,https://colab.research.google.com/drive/1JwPWWawc8CdR1uz7n1n7_DbhM6zjVySH#scrollTo=tQdeUUNoxuzx,Diamond.ipynb - Colab,edge,Default,google.com,search,2026-02-04,13,Wednesday
2026-02-04 16:34:49.596987,https://www.google.com/search,canva - Google Search,edge,Default,google.com,search,2026-02-04,16,Wednesday
2026-02-04 16:34:49.596987,https://www.google.com/search,canva - Google Search,chrome,Profile 1,google.com,search,2026-02-04,16,Wednesday
2026-02-04 16:34:57.512719,https://accounts.google.com/AddSession,Sign in - Google Accounts,chrome,Profile 1,google.com,search,2026-02-04,16,Wednesday
2026-02-04 16:34:57.512719,https://accounts.google.com/v3/signin/identifier,Sign in - Google Accounts,chrome,Profile 1,google.com,search,2026-02-04,16,Wednesday
2026-02-04 16:34:57.512719,https://accounts.google.com/v3/signin/identifier,Sign in - Google Accounts,edge,Default,google.com,search,2026-02-04,16,Wednesday
2026-02-04 16:35:11.731124,https://accounts.google.com/signin/v2/usernamerecovery,Sign in - Google Accounts,chrome,Profile 1,google.com,search,2026-02-04,16,Wednesday
2026-02-04 16:35:11.731124,https://accounts.google.com/signin/v2/usernamerecovery,Sign in - Google Accounts,edge,Default,google.com,search,2026-02-04,16,Wednesday
2026-02-04 16:36:13.828964,https://accounts.google.com/signin/v2/usernamerecovery/challenge/ipp,Sign in - Google Accounts,chrome,Profile 1,google.com,search,2026-02-04,16,Wednesday
2026-02-04 16:36:13.828964,https://accounts.google.com/signin/v2/usernamerecovery/challenge/ipp,Sign in - Google Accounts,edge,Default,google.com,search,2026-02-04,16,Wednesday
2026-02-04 16:36:23.184884,https://accounts.google.com/signin/v2/queryname,Sign in - Google Accounts,chrome,Profile 1,google.com,search,2026-02-04,16,Wednesday
2026-02-04 16:36:23.184884,https://accounts.google.com/signin/v2/queryname,Sign in - Google Accounts,edge,Default,google.com,search,2026-02-04,16,Wednesday
2026-02-04 16:36:43.899589,https://accounts.google.com/signin/v2/usernamerecovery/challenge/ipp,Sign in - Google Accounts,chrome,Profile 1,google.com,search,2026-02-04,16,Wednesday
2026-02-04 16:36:43.899589,https://accounts.google.com/signin/v2/usernamerecovery/challenge/ipp,Sign in - Google Accounts,edge,Default,google.com,search,2026-02-04,16,Wednesday
2026-02-04 16:37:18.521460,https://accounts.google.com/signin/v2/recoverychooser,Sign in - Google Accounts,chrome,Profile 1,google.com,search,2026-02-04,16,Wednesday
2026-02-04 16:37:18.521460,https://accounts.google.com/signin/v2/recoverychooser,Sign in - Google Accounts,edge,Default,google.com,search,2026-02-04,16,Wednesday
2026-02-04 16:37:31.278328,https://accounts.google.com/v3/signin/challenge/recaptcha,Sign in - Google Accounts,edge,Default,google.com,search,2026-02-04,16,Wednesday
2026-02-04 16:37:31.278328,https://accounts.google.com/v3/signin/challenge/recaptcha,Sign in - Google Accounts,chrome,Profile 1,google.com,search,2026-02-04,16,Wednesday
2026-02-04 16:37:39.792644,https://accounts.google.com/AccountChooser,Sign in - Google Accounts,chrome,Profile 1,google.com,search,2026-02-04,16,Wednesday
2026-02-04 16:38:36.412221,https://accounts.google.com/v3/signin/challenge/pwd,Welcome,edge,Default,google.com,search,2026-02-04,16,Wednesday
2026-02-04 16:38:36.412221,https://accounts.google.com/v3/signin/challenge/pwd,Welcome,chrome,Profile 1,google.com,search,2026-02-04,16,Wednesday
2026-02-04 16:39:49.573418,https://accounts.google.com/v3/signin/accountchooser,Sign in - Google Accounts,edge,Default,google.com,search,2026-02-04,16,Wednesday
2026-02-04 16:39:49.573418,https://accounts.google.com/AccountChooser,Sign in - Google Accounts,chrome,Profile 1,google.com,search,2026-02-04,16,Wednesday
2026-02-04 16:39:49.573418,https://accounts.google.com/v3/signin/accountchooser,Sign in - Google Accounts,chrome,Profile 1,google.com,search,2026-02-04,16,Wednesday
2026-02-04 16:39:51.451322,https://accounts.google.com/v3/signin/identifier,Sign in with your Google Account. This account will be available to other Google apps in the browser.,chrome,Profile 1,google.com,search,2026-02-04,16,Wednesday
2026-02-04 16:39:51.451322,https://accounts.google.com/v3/signin/identifier,Sign in with your Google Account. This account will be available to other Google apps in the browser.,edge,Default,google.com,search,2026-02-04,16,Wednesday
2026-02-04 16:40:28.787771,https://accounts.google.com/v3/signin/challenge/pwd,Welcome,chrome,Profile 1,google.com,search,2026-02-04,16,Wednesday
2026-02-04 16:40:28.787771,https://accounts.google.com/v3/signin/challenge/pwd,Welcome,edge,Default,google.com,search,2026-02-04,16,Wednesday
2026-02-04 16:42:08.314039,https://accounts.google.com/v3/signin/challenge/selection,Welcome,chrome,Profile 1,google.com,search,2026-02-04,16,Wednesday
2026-02-04 16:42:08.314039,https://accounts.google.com/v3/signin/challenge/selection,Welcome,edge,Default,google.com,search,2026-02-04,16,Wednesday
2026-02-04 16:42:16.593808,https://www.google.com/search,canva - Google Search,chrome,Profile 1,google.com,search,2026-02-04,16,Wednesday
2026-02-04 16:42:16.593808,https://www.google.com/search,canva - Google Search,edge,Default,google.com,search,2026-02-04,16,Wednesday
2026-02-04 16:45:44.612995,https://www.google.com/search,chatgpt - Google Search,chrome,Profile 1,google.com,search,2026-02-04,16,Wednesday
2026-02-04 16:45:44.612995,https://www.google.com/search,chatgpt - Google Search,edge,Default,google.com,search,2026-02-04,16,Wednesday
2026-02-05 03:19:37.740640,https://www.canva.com/projects/search,Search toursium - Canva,chrome,Profile 1,canva.com,design,2026-02-05,3,Thursday
2026-02-05 03:19:37.740640,https://www.canva.com/projects/search,Search toursium - Canva,edge,Default,canva.com,design,2026-02-05,3,Thursday
2026-02-05 03:19:42.271414,https://www.canva.com/projects/search,Search toursium - Canva,edge,Default,canva.com,design,2026-02-05,3,Thursday
2026-02-05 03:19:42.271414,https://www.canva.com/projects/search,Search toursium - Canva,chrome,Profile 1,canva.com,design,2026-02-05,3,Thursday
2026-02-05 03:20:10.129342,https://www.canva.com/templates/,Projects - Canva,chrome,Profile 1,canva.com,design,2026-02-05,3,Thursday
2026-02-05 03:20:10.129342,https://www.canva.com/templates/,Projects - Canva,edge,Default,canva.com,design,2026-02-05,3,Thursday
2026-02-05 03:20:28.978628,https://www.canva.com/templates,Templates - Canva,edge,Default,canva.com,design,2026-02-05,3,Thursday
2026-02-05 03:20:28.978628,https://www.canva.com/templates,Templates - Canva,chrome,Profile 1,canva.com,design,2026-02-05,3,Thursday
2026-02-05 03:20:29.051521,https://www.canva.com/s/templates,Search travel and tourism - Canva,edge,Default,canva.com,design,2026-02-05,3,Thursday
2026-02-05 03:20:29.051521,https://www.canva.com/s/templates,Search travel and tourism - Canva,chrome,Profile 1,canva.com,design,2026-02-05,3,Thursday
2026-02-05 03:20:54.580740,https://www.canva.com/design,Canva – Creating,edge,Default,canva.com,design,2026-02-05,3,Thursday
2026-02-05 03:20:54.580740,https://www.canva.com/design,Canva – Creating,chrome,Profile 1,canva.com,design,2026-02-05,3,Thursday
2026-02-05 03:20:55.710337,https://www.canva.com/design/DAHAa1PekdE/mIf1Gkvh_fOj1P8iC4zZnA/edit,Red and Beige Modern Travel Your Story,chrome,Profile 1,canva.com,design,2026-02-05,3,Thursday
2026-02-05 03:20:55.710337,https://www.canva.com/design/DAHAa1PekdE/mIf1Gkvh_fOj1P8iC4zZnA/edit,Red and Beige Modern Travel Your Story,edge,Default,canva.com,design,2026-02-05,3,Thursday
2026-02-05 03:20:56.424628,https://www.canva.com/design/DAHAa1PekdE/mIf1Gkvh_fOj1P8iC4zZnA/edit,Red and Beige Modern Travel Your Story - Your Story,edge,Default,canva.com,design,2026-02-05,3,Thursday
2026-02-05 03:20:56.424628,https://www.canva.com/design/DAHAa1PekdE/mIf1Gkvh_fOj1P8iC4zZnA/edit,Red and Beige Modern Travel Your Story - Your Story,chrome,Profile 1,canva.com,design,2026-02-05,3,Thursday
2026-02-05 03:20:58.623822,https://www.canva.com/design/DAHAa1PekdE/mIf1Gkvh_fOj1P8iC4zZnA/edit,Red and Beige Modern Travel Your Story - Your Story,edge,Default,canva.com,design,2026-02-05,3,Thursday
2026-02-05 03:20:58.623822,https://www.canva.com/design/DAHAa1PekdE/mIf1Gkvh_fOj1P8iC4zZnA/edit,Red and Beige Modern Travel Your Story - Your Story,chrome,Profile 1,canva.com,design,2026-02-05,3,Thursday
2026-02-05 03:23:25.545627,https://www.google.com/search,tirupati swamy salai - Google Search,chrome,Profile 1,google.com,search,2026-02-05,3,Thursday
2026-02-05 03:23:25.545627,https://www.google.com/search,tirupati swamy salai - Google Search,edge,Default,google.com,search,2026-02-05,3,Thursday
2026-02-05 03:23:46.823759,https://www.google.com/search,tirupati swamy salai - Google Search,chrome,Profile 1,google.com,search,2026-02-05,3,Thursday
2026-02-05 03:23:46.823759,https://www.google.com/search,tirupati swamy salai - Google Search,edge,Default,google.com,search,2026-02-05,3,Thursday
2026-02-05 03:25:46.242773,https://www.google.com/search,tirupati swamy salai - Google Search,chrome,Profile 1,google.com,search,2026-02-05,3,Thursday
2026-02-05 03:25:46.242773,https://www.google.com/search,tirupati swamy salai - Google Search,edge,Default,google.com,search,2026-02-05,3,Thursday
2026-02-05 03:26:00.196628,https://www.google.com/search,tirupati swamy salai hd - Google Search,edge,Default,google.com,search,2026-02-05,3,Thursday
2026-02-05 03:26:00.196628,https://www.google.com/search,tirupati swamy salai hd - Google Search,chrome,Profile 1,google.com,search,2026-02-05,3,Thursday
2026-02-05 03:26:27.852701,https://www.google.com/search,tirupati swamy salai hd - Google Search,edge,Default,google.com,search,2026-02-05,3,Thursday
2026-02-05 03:26:27.852701,https://www.google.com/search,tirupati swamy salai hd - Google Search,chrome,Profile 1,google.com,search,2026-02-05,3,Thursday
2026-02-05 03:26:44.244206,https://www.bhaktiphotos.com/lord-balaji-images,101 Lord Balaji Images | Tirupati God Balaji Images,edge,Default,bhaktiphotos.com,other,2026-02-05,3,Thursday
2026-02-05 03:26:44.244206,https://www.bhaktiphotos.com/lord-balaji-images,101 Lord Balaji Images | Tirupati God Balaji Images,chrome,Profile 1,bhaktiphotos.com,other,2026-02-05,3,Thursday
2026-02-05 03:28:38.037254,https://www.bhaktiphotos.com/lord-balaji-images#google_vignette,101 Lord Balaji Images | Tirupati God Balaji Images,edge,Default,bhaktiphotos.com,other,2026-02-05,3,Thursday
2026-02-05 03:28:38.037254,https://www.bhaktiphotos.com/lord-balaji-images#google_vignette,101 Lord Balaji Images | Tirupati God Balaji Images,chrome,Profile 1,bhaktiphotos.com,other,2026-02-05,3,Thursday
2026-02-05 03:29:19.989541,https://chatgpt.com/c/69840e7c-6f20-83a2-af8e-d0bb7fb2b18f,New chat,edge,Default,chatgpt.com,learning,2026-02-05,3,Thursday
2026-02-05 03:29:19.989541,https://chatgpt.com/c/69840e7c-6f20-83a2-af8e-d0bb7fb2b18f,New chat,chrome,Profile 1,chatgpt.com,learning,2026-02-05,3,Thursday
2026-02-05 03:31:01.324862,https://www.google.com/search,whatsapp web - Google Search,edge,Default,google.com,search,2026-02-05,3,Thursday
2026-02-05 03:31:01.324862,https://www.google.com/search,whatsapp web - Google Search,chrome,Profile 1,google.com,search,2026-02-05,3,Thursday
2026-02-05 03:45:04.284578,https://v2.zenclass.in/class/a8feda10-277a-4361-9898-8eca5d55e889,GUVI,chrome,Profile 1,zenclass.in,learning,2026-02-05,3,Thursday
2026-02-05 03:45:04.284578,https://v2.zenclass.in/class/a8feda10-277a-4361-9898-8eca5d55e889,GUVI,edge,Default,zenclass.in,learning,2026-02-05,3,Thursday
2026-02-05 03:45:24.930497,https://classify.zenclass.in/integration,Classify,chrome,Profile 1,zenclass.in,learning,2026-02-05,3,Thursday
2026-02-05 03:45:24.930497,https://classify.zenclass.in/integration,Classify,edge,Default,zenclass.in,learning,2026-02-05,3,Thursday
2026-02-05 03:45:27.671070,https://classify.zenclass.in/meet-dashboard-new,Classify,chrome,Profile 1,zenclass.in,learning,2026-02-05,3,Thursday
2026-02-05 03:45:27.671070,https://classify.zenclass.in/meet-dashboard-new,Classify,edge,Default,zenclass.in,learning,2026-02-05,3,Thursday
2026-02-05 04:10:17.349192,https://www.google.com/search,python download - Google Search,chrome,Profile 1,google.com,search,2026-02-05,4,Thursday
2026-02-05 04:10:17.349192,https://www.google.com/search,python download - Google Search,edge,Default,google.com,search,2026-02-05,4,Thursday
2026-02-05 04:23:19.594211,https://www.python.org/downloads/release/python-31013/,Python Release Python 3.10.13 | Python.org,edge,Default,python.org,other,2026-02-05,4,Thursday
2026-02-05 04:23:19.594211,https://www.python.org/downloads/release/python-31013/,Python Release Python 3.10.13 | Python.org,chrome,Profile 1,python.org,other,2026-02-05,4,Thursday
2026-02-05 04:23:52.536909,https://www.python.org/downloads/,Download Python | Python.org,edge,Default,python.org,other,2026-02-05,4,Thursday
2026-02-05 04:23:52.536909,https://www.python.org/downloads/,Download Python | Python.org,chrome,Profile 1,python.org,other,2026-02-05,4,Thursday
2026-02-05 04:24:01.991963,https://www.python.org/downloads/latest/python3.10/,Python Release Python 3.10.19 | Python.org,chrome,Profile 1,python.org,other,2026-02-05,4,Thursday
2026-02-05 04:24:01.991963,https://www.python.org/downloads/release/python-31019/,Python Release Python 3.10.19 | Python.org,edge,Default,python.org,other,2026-02-05,4,Thursday
2026-02-05 04:24:01.991963,https://www.python.org/downloads/release/python-31019/,Python Release Python 3.10.19 | Python.org,chrome,Profile 1,python.org,other,2026-02-05,4,Thursday
2026-02-05 04:26:58.194136,https://www.python.org/downloads/release/python-3119/,Python Release Python 3.11.9 | Python.org,edge,Default,python.org,other,2026-02-05,4,Thursday
2026-02-05 04:26:58.194136,https://www.python.org/downloads/release/python-3119/,Python Release Python 3.11.9 | Python.org,chrome,Profile 1,python.org,other,2026-02-05,4,Thursday
2026-02-05 04:27:07.827011,https://www.python.org/downloads/release/pymanager-252/,Python Release Python install manager 25.2 | Python.org,edge,Default,python.org,other,2026-02-05,4,Thursday
2026-02-05 04:27:07.827011,https://www.python.org/downloads/release/pymanager-252/,Python Release Python install manager 25.2 | Python.org,chrome,Profile 1,python.org,other,2026-02-05,4,Thursday
2026-02-05 04:27:07.827011,https://www.python.org/downloads/latest/pymanager/,Python Release Python install manager 25.2 | Python.org,chrome,Profile 1,python.org,other,2026-02-05,4,Thursday
2026-02-05 04:53:37.852082,https://colab.research.google.com/drive/1JwPWWawc8CdR1uz7n1n7_DbhM6zjVySH#scrollTo=VZmb-96cIKwC,Diamond.ipynb - Colab,edge,Default,google.com,search,2026-02-05,4,Thursday
2026-02-05 04:53:37.852082,https://colab.research.google.com/drive/1JwPWWawc8CdR1uz7n1n7_DbhM6zjVySH#scrollTo=VZmb-96cIKwC,Diamond.ipynb - Colab,chrome,Profile 1,google.com,search,2026-02-05,4,Thursday
2026-02-05 04:55:29.903411,https://colab.research.google.com/drive/1JwPWWawc8CdR1uz7n1n7_DbhM6zjVySH#scrollTo=x27zUnH6J8VN,Diamond.ipynb - Colab,edge,Default,google.com,search,2026-02-05,4,Thursday
2026-02-05 04:55:29.903411,https://colab.research.google.com/drive/1JwPWWawc8CdR1uz7n1n7_DbhM6zjVySH#scrollTo=x27zUnH6J8VN,Diamond.ipynb - Colab,chrome,Profile 1,google.com,search,2026-02-05,4,Thursday
2026-02-05 04:57:22.390916,https://colab.research.google.com/drive/1JwPWWawc8CdR1uz7n1n7_DbhM6zjVySH#scrollTo=9RkY1LWOJeEN,Diamond.ipynb - Colab,edge,Default,google.com,search,2026-02-05,4,Thursday
2026-02-05 04:57:22.390916,https://colab.research.google.com/drive/1JwPWWawc8CdR1uz7n1n7_DbhM6zjVySH#scrollTo=9RkY1LWOJeEN,Diamond.ipynb - Colab,chrome,Profile 1,google.com,search,2026-02-05,4,Thursday
2026-02-05 04:57:40.430183,https://colab.research.google.com/drive/1JwPWWawc8CdR1uz7n1n7_DbhM6zjVySH#scrollTo=xMAT1d5TJKPx,Diamond.ipynb - Colab,edge,Default,google.com,search,2026-02-05,4,Thursday
2026-02-05 04:57:40.430183,https://colab.research.google.com/drive/1JwPWWawc8CdR1uz7n1n7_DbhM6zjVySH#scrollTo=xMAT1d5TJKPx,Diamond.ipynb - Colab,chrome,Profile 1,google.com,search,2026-02-05,4,Thursday
2026-02-05 05:01:28.809546,https://colab.research.google.com/drive/16bhUM8WVsh9Cu8FUN3FD9lJOiyPV8EkD,EcoType.ipynb - Colab,chrome,Profile 1,google.com,search,2026-02-05,5,Thursday
2026-02-05 05:01:28.809546,https://colab.research.google.com/drive/16bhUM8WVsh9Cu8FUN3FD9lJOiyPV8EkD,EcoType.ipynb - Colab,edge,Default,google.com,search,2026-02-05,5,Thursday
2026-02-05 05:01:58.062743,https://colab.research.google.com/drive/16bhUM8WVsh9Cu8FUN3FD9lJOiyPV8EkD#scrollTo=XUcqx0D5WVT1,EcoType.ipynb - Colab,edge,Default,google.com,search,2026-02-05,5,Thursday
2026-02-05 05:01:58.062743,https://colab.research.google.com/drive/16bhUM8WVsh9Cu8FUN3FD9lJOiyPV8EkD#scrollTo=XUcqx0D5WVT1,EcoType.ipynb - Colab,chrome,Profile 1,google.com,search,2026-02-05,5,Thursday
2026-02-05 05:02:11.908020,https://colab.research.google.com/drive/16bhUM8WVsh9Cu8FUN3FD9lJOiyPV8EkD#scrollTo=taLgBkA7Wax3,EcoType.ipynb - Colab,edge,Default,google.com,search,2026-02-05,5,Thursday
2026-02-05 05:02:11.908020,https://colab.research.google.com/drive/16bhUM8WVsh9Cu8FUN3FD9lJOiyPV8EkD#scrollTo=taLgBkA7Wax3,EcoType.ipynb - Colab,chrome,Profile 1,google.com,search,2026-02-05,5,Thursday
2026-02-05 05:02:44.712647,https://colab.research.google.com/drive/16bhUM8WVsh9Cu8FUN3FD9lJOiyPV8EkD#scrollTo=2NFhQ585WCfl,EcoType.ipynb - Colab,edge,Default,google.com,search,2026-02-05,5,Thursday
2026-02-05 05:02:44.712647,https://colab.research.google.com/drive/16bhUM8WVsh9Cu8FUN3FD9lJOiyPV8EkD#scrollTo=2NFhQ585WCfl,EcoType.ipynb - Colab,chrome,Profile 1,google.com,search,2026-02-05,5,Thursday
2026-02-05 05:02:56.309275,https://colab.research.google.com/drive/1JwPWWawc8CdR1uz7n1n7_DbhM6zjVySH#scrollTo=4sv5VYIfLpUB,Diamond.ipynb - Colab,edge,Default,google.com,search,2026-02-05,5,Thursday
2026-02-05 05:02:56.309275,https://colab.research.google.com/drive/1JwPWWawc8CdR1uz7n1n7_DbhM6zjVySH#scrollTo=4sv5VYIfLpUB,Diamond.ipynb - Colab,chrome,Profile 1,google.com,search,2026-02-05,5,Thursday
2026-02-05 05:05:46.357145,https://colab.research.google.com/drive/1JwPWWawc8CdR1uz7n1n7_DbhM6zjVySH#scrollTo=Y619-BHsKrWv,Diamond.ipynb - Colab,edge,Default,google.com,search,2026-02-05,5,Thursday
2026-02-05 05:05:46.357145,https://colab.research.google.com/drive/1JwPWWawc8CdR1uz7n1n7_DbhM6zjVySH#scrollTo=Y619-BHsKrWv,Diamond.ipynb - Colab,chrome,Profile 1,google.com,search,2026-02-05,5,Thursday
2026-02-05 05:05:50.276784,https://colab.research.google.com/drive/1JwPWWawc8CdR1uz7n1n7_DbhM6zjVySH#scrollTo=87PScnUlLI63,Diamond.ipynb - Colab,edge,Default,google.com,search,2026-02-05,5,Thursday
2026-02-05 05:05:50.276784,https://colab.research.google.com/drive/1JwPWWawc8CdR1uz7n1n7_DbhM6zjVySH#scrollTo=87PScnUlLI63,Diamond.ipynb - Colab,chrome,Profile 1,google.com,search,2026-02-05,5,Thursday
2026-02-05 05:05:58.333752,https://preeffectively-untrigonometric-maxwell.ngrok-free.dev/,Streamlit,chrome,Profile 1,ngrok-free.dev,other,2026-02-05,5,Thursday
2026-02-05 05:05:58.333752,https://preeffectively-untrigonometric-maxwell.ngrok-free.dev/,Streamlit,edge,Default,ngrok-free.dev,other,2026-02-05,5,Thursday
2026-02-05 05:06:26.577238,https://colab.research.google.com/drive/1JwPWWawc8CdR1uz7n1n7_DbhM6zjVySH#scrollTo=IiAxq-VzMVEl,Diamond.ipynb - Colab,chrome,Profile 1,google.com,search,2026-02-05,5,Thursday
2026-02-05 05:06:26.577238,https://colab.research.google.com/drive/1JwPWWawc8CdR1uz7n1n7_DbhM6zjVySH#scrollTo=IiAxq-VzMVEl,Diamond.ipynb - Colab,edge,Default,google.com,search,2026-02-05,5,Thursday
2026-02-05 05:06:28.008151,https://colab.research.google.com/drive/1JwPWWawc8CdR1uz7n1n7_DbhM6zjVySH#scrollTo=hNZLgtXiLw2_,Diamond.ipynb - Colab,chrome,Profile 1,google.com,search,2026-02-05,5,Thursday
2026-02-05 05:06:28.008151,https://colab.research.google.com/drive/1JwPWWawc8CdR1uz7n1n7_DbhM6zjVySH#scrollTo=hNZLgtXiLw2_,Diamond.ipynb - Colab,edge,Default,google.com,search,2026-02-05,5,Thursday
2026-02-05 05:08:33.050262,https://colab.research.google.com/drive/1JwPWWawc8CdR1uz7n1n7_DbhM6zjVySH#scrollTo=0bq6-3j5zny2,Diamond.ipynb - Colab,chrome,Profile 1,google.com,search,2026-02-05,5,Thursday
2026-02-05 05:08:33.050262,https://colab.research.google.com/drive/1JwPWWawc8CdR1uz7n1n7_DbhM6zjVySH#scrollTo=0bq6-3j5zny2,Diamond.ipynb - Colab,edge,Default,google.com,search,2026-02-05,5,Thursday
2026-02-05 05:08:50.337838,https://colab.research.google.com/drive/1JwPWWawc8CdR1uz7n1n7_DbhM6zjVySH#scrollTo=sHXYqPO01EEJ,Diamond.ipynb - Colab,chrome,Profile 1,google.com,search,2026-02-05,5,Thursday
2026-02-05 05:08:50.337838,https://colab.research.google.com/drive/1JwPWWawc8CdR1uz7n1n7_DbhM6zjVySH#scrollTo=sHXYqPO01EEJ,Diamond.ipynb - Colab,edge,Default,google.com,search,2026-02-05,5,Thursday
2026-02-05 05:09:13.013046,https://colab.research.google.com/drive/1JwPWWawc8CdR1uz7n1n7_DbhM6zjVySH#scrollTo=JDx2yjc12Dkw,Diamond.ipynb - Colab,chrome,Profile 1,google.com,search,2026-02-05,5,Thursday
2026-02-05 05:09:13.013046,https://colab.research.google.com/drive/1JwPWWawc8CdR1uz7n1n7_DbhM6zjVySH#scrollTo=JDx2yjc12Dkw,Diamond.ipynb - Colab,edge,Default,google.com,search,2026-02-05,5,Thursday
2026-02-05 05:09:19.846819,https://colab.research.google.com/drive/1JwPWWawc8CdR1uz7n1n7_DbhM6zjVySH#scrollTo=cdfGesOC2jag,Diamond.ipynb - Colab,chrome,Profile 1,google.com,search,2026-02-05,5,Thursday
2026-02-05 05:09:19.846819,https://colab.research.google.com/drive/1JwPWWawc8CdR1uz7n1n7_DbhM6zjVySH#scrollTo=cdfGesOC2jag,Diamond.ipynb - Colab,edge,Default,google.com,search,2026-02-05,5,Thursday
2026-02-05 05:09:26.421949,https://colab.research.google.com/drive/1JwPWWawc8CdR1uz7n1n7_DbhM6zjVySH#scrollTo=Y40rCo3z3WwG,Diamond.ipynb - Colab,edge,Default,google.com,search,2026-02-05,5,Thursday
2026-02-05 05:09:26.421949,https://colab.research.google.com/drive/1JwPWWawc8CdR1uz7n1n7_DbhM6zjVySH#scrollTo=Y40rCo3z3WwG,Diamond.ipynb - Colab,chrome,Profile 1,google.com,search,2026-02-05,5,Thursday
2026-02-05 05:17:18.490279,https://colab.research.google.com/drive/1JwPWWawc8CdR1uz7n1n7_DbhM6zjVySH#scrollTo=F6tn61MD5i3T,Diamond.ipynb - Colab,edge,Default,google.com,search,2026-02-05,5,Thursday
2026-02-05 05:17:18.490279,https://colab.research.google.com/drive/1JwPWWawc8CdR1uz7n1n7_DbhM6zjVySH#scrollTo=F6tn61MD5i3T,Diamond.ipynb - Colab,chrome,Profile 1,google.com,search,2026-02-05,5,Thursday
2026-02-05 05:17:27.494176,https://colab.research.google.com/drive/1JwPWWawc8CdR1uz7n1n7_DbhM6zjVySH#scrollTo=RfPMOEr76Lk2,Diamond.ipynb - Colab,edge,Default,google.com,search,2026-02-05,5,Thursday
2026-02-05 05:17:27.494176,https://colab.research.google.com/drive/1JwPWWawc8CdR1uz7n1n7_DbhM6zjVySH#scrollTo=RfPMOEr76Lk2,Diamond.ipynb - Colab,chrome,Profile 1,google.com,search,2026-02-05,5,Thursday
2026-02-05 05:17:37.731690,https://colab.research.google.com/drive/1JwPWWawc8CdR1uz7n1n7_DbhM6zjVySH#scrollTo=WvgoVQP_7TZm,Diamond.ipynb - Colab,chrome,Profile 1,google.com,search,2026-02-05,5,Thursday
2026-02-05 05:17:37.731690,https://colab.research.google.com/drive/1JwPWWawc8CdR1uz7n1n7_DbhM6zjVySH#scrollTo=WvgoVQP_7TZm,Diamond.ipynb - Colab,edge,Default,google.com,search,2026-02-05,5,Thursday
2026-02-05 05:17:43.147496,https://colab.research.google.com/drive/1JwPWWawc8CdR1uz7n1n7_DbhM6zjVySH#scrollTo=mmIbDOUO8bIi,Diamond.ipynb - Colab,edge,Default,google.com,search,2026-02-05,5,Thursday
2026-02-05 05:17:43.147496,https://colab.research.google.com/drive/1JwPWWawc8CdR1uz7n1n7_DbhM6zjVySH#scrollTo=mmIbDOUO8bIi,Diamond.ipynb - Colab,chrome,Profile 1,google.com,search,2026-02-05,5,Thursday
2026-02-05 05:21:55.455890,https://colab.research.google.com/drive/1JwPWWawc8CdR1uz7n1n7_DbhM6zjVySH#scrollTo=H8cIeHO4PdFE,Diamond.ipynb - Colab,chrome,Profile 1,google.com,search,2026-02-05,5,Thursday
2026-02-05 05:21:55.455890,https://colab.research.google.com/drive/1JwPWWawc8CdR1uz7n1n7_DbhM6zjVySH#scrollTo=H8cIeHO4PdFE,Diamond.ipynb - Colab,edge,Default,google.com,search,2026-02-05,5,Thursday
2026-02-05 05:24:06.614477,https://colab.research.google.com/drive/1JwPWWawc8CdR1uz7n1n7_DbhM6zjVySH#scrollTo=VAPhL-HdxT8p,Diamond.ipynb - Colab,chrome,Profile 1,google.com,search,2026-02-05,5,Thursday
2026-02-05 05:24:06.614477,https://colab.research.google.com/drive/1JwPWWawc8CdR1uz7n1n7_DbhM6zjVySH#scrollTo=VAPhL-HdxT8p,Diamond.ipynb - Colab,edge,Default,google.com,search,2026-02-05,5,Thursday
2026-02-05 05:26:54.335059,https://chatgpt.com/g/g-p-697e55982cf481919bde8d42fd4e7c85-diamond/project,Get started | ChatGPT,edge,Default,chatgpt.com,learning,2026-02-05,5,Thursday
2026-02-05 05:26:54.335059,https://chatgpt.com/g/g-p-697e55982cf481919bde8d42fd4e7c85-diamond/project,ChatGPT - Diamond,chrome,Profile 1,chatgpt.com,learning,2026-02-05,5,Thursday
2026-02-05 05:27:48.339799,https://colab.research.google.com/drive/1JwPWWawc8CdR1uz7n1n7_DbhM6zjVySH#scrollTo=6_Wa81qS9fUL,Diamond.ipynb - Colab,edge,Default,google.com,search,2026-02-05,5,Thursday
2026-02-05 05:27:48.339799,https://colab.research.google.com/drive/1JwPWWawc8CdR1uz7n1n7_DbhM6zjVySH#scrollTo=6_Wa81qS9fUL,Diamond.ipynb - Colab,chrome,Profile 1,google.com,search,2026-02-05,5,Thursday
2026-02-05 05:33:25.547353,https://colab.research.google.com/drive/1JwPWWawc8CdR1uz7n1n7_DbhM6zjVySH#scrollTo=uyvMMm7lEw85,Diamond.ipynb - Colab,edge,Default,google.com,search,2026-02-05,5,Thursday
2026-02-05 05:33:25.547353,https://colab.research.google.com/drive/1JwPWWawc8CdR1uz7n1n7_DbhM6zjVySH#scrollTo=uyvMMm7lEw85,Diamond.ipynb - Colab,chrome,Profile 1,google.com,search,2026-02-05,5,Thursday
2026-02-05 05:37:57.543908,https://chatgpt.com/g/g-p-697e55982cf481919bde8d42fd4e7c85-diamond/c/69842ca2-7ddc-8320-84a0-d168e985c4bd,ChatGPT - Diamond,edge,Default,chatgpt.com,learning,2026-02-05,5,Thursday
2026-02-05 05:37:57.543908,https://chatgpt.com/g/g-p-697e55982cf481919bde8d42fd4e7c85-diamond/c/69842ca2-7ddc-8320-84a0-d168e985c4bd,ChatGPT - Diamond,chrome,Profile 1,chatgpt.com,learning,2026-02-05,5,Thursday
2026-02-05 05:38:14.457930,https://chatgpt.com/g/g-p-697e55982cf481919bde8d42fd4e7c85/c/6980ab78-3b90-8321-b977-ebaf64e2d679,Diamond - Project Statement and Code,chrome,Profile 1,chatgpt.com,learning,2026-02-05,5,Thursday
2026-02-05 05:38:14.457930,https://chatgpt.com/g/g-p-697e55982cf481919bde8d42fd4e7c85/c/6980ab78-3b90-8321-b977-ebaf64e2d679,Diamond - Project Statement and Code,edge,Default,chatgpt.com,learning,2026-02-05,5,Thursday
2026-02-05 05:43:33.561302,https://www.python.org/downloads/windows/,Python Releases for Windows | Python.org,edge,Default,python.org,other,2026-02-05,5,Thursday
2026-02-05 05:43:33.561302,https://www.python.org/downloads/windows/,Python Releases for Windows | Python.org,chrome,Profile 1,python.org,other,2026-02-05,5,Thursday
2026-02-05 05:43:34.991374,https://colab.research.google.com/drive/16bhUM8WVsh9Cu8FUN3FD9lJOiyPV8EkD#scrollTo=HfHJCbVeZA90,EcoType.ipynb - Colab,edge,Default,google.com,search,2026-02-05,5,Thursday
2026-02-05 05:43:34.991374,https://colab.research.google.com/drive/16bhUM8WVsh9Cu8FUN3FD9lJOiyPV8EkD#scrollTo=HfHJCbVeZA90,Google Colab,chrome,Profile 1,google.com,search,2026-02-05,5,Thursday
2026-02-05 05:44:33.153511,https://accounts.google.com/o/oauth2/v2/auth,Sign in - Google Accounts,chrome,Profile 1,google.com,search,2026-02-05,5,Thursday
2026-02-05 05:44:33.153511,https://accounts.google.com/v3/signin/accountchooser,Sign in - Google Accounts,chrome,Profile 1,google.com,search,2026-02-05,5,Thursday
2026-02-05 05:44:33.153511,https://accounts.google.com/v3/signin/accountchooser,Sign in - Google Accounts,edge,Default,google.com,search,2026-02-05,5,Thursday
2026-02-05 05:44:37.917361,https://github.com/sessions/social/google/callback,GitHub · Where software is built,chrome,Profile 1,github.com,learning,2026-02-05,5,Thursday
2026-02-05 05:44:37.917361,https://accounts.google.com/ServiceLogin,GitHub · Where software is built,chrome,Profile 1,google.com,search,2026-02-05,5,Thursday
2026-02-05 05:44:37.917361,https://accounts.google.com/signin/oauth/consent,GitHub · Where software is built,chrome,Profile 1,google.com,search,2026-02-05,5,Thursday
2026-02-05 05:44:37.917361,https://github.com/sessions/verified-device,GitHub · Where software is built,edge,Default,github.com,learning,2026-02-05,5,Thursday
2026-02-05 05:44:37.917361,https://accounts.google.com/InteractiveLogin,GitHub · Where software is built,chrome,Profile 1,google.com,search,2026-02-05,5,Thursday
2026-02-05 05:44:37.917361,https://github.com/sessions/verified-device,GitHub · Where software is built,chrome,Profile 1,github.com,learning,2026-02-05,5,Thursday
2026-02-05 05:44:56.670861,https://mail.google.com/mail/u/0/,[GitHub] Please verify your device - ssubasangkari@gmail.com - Gmail,edge,Default,google.com,search,2026-02-05,5,Thursday
2026-02-05 05:44:56.670861,https://mail.google.com/mail/u/0/,[GitHub] Please verify your device - ssubasangkari@gmail.com - Gmail,chrome,Profile 1,google.com,search,2026-02-05,5,Thursday
2026-02-05 05:47:45.202846,https://github.com/Subasangkarisaravanan/Data_Science_Projects/blob/main/Diamond/Diamond.ipynb,Data_Science_Projects/Diamond/Diamond.ipynb at main · Subasangkarisaravanan/Data_Science_Projects,edge,Default,github.com,learning,2026-02-05,5,Thursday
2026-02-05 05:47:45.202846,https://github.com/Subasangkarisaravanan/Data_Science_Projects/blob/main/Diamond/Diamond.ipynb,Data_Science_Projects/Diamond/Diamond.ipynb at main · Subasangkarisaravanan/Data_Science_Projects,chrome,Profile 1,github.com,learning,2026-02-05,5,Thursday
2026-02-05 05:49:14.370124,https://github.com/Subasangkarisaravanan/Data_Science_Projects/upload/main/Diamond/plots,Upload files · Subasangkarisaravanan/Data_Science_Projects,edge,Default,github.com,learning,2026-02-05,5,Thursday
2026-02-05 05:49:14.370124,https://github.com/Subasangkarisaravanan/Data_Science_Projects/upload/main/Diamond/plots,Upload files · Subasangkarisaravanan/Data_Science_Projects,chrome,Profile 1,github.com,learning,2026-02-05,5,Thursday
2026-02-05 05:50:25.222211,https://github.com/Subasangkarisaravanan/Data_Science_Projects/new/main/Diamond/models,New File at Diamond/models · Subasangkarisaravanan/Data_Science_Projects,chrome,Profile 1,github.com,learning,2026-02-05,5,Thursday
2026-02-05 05:50:25.222211,https://github.com/Subasangkarisaravanan/Data_Science_Projects/new/main/Diamond/models,New File at Diamond/models · Subasangkarisaravanan/Data_Science_Projects,edge,Default,github.com,learning,2026-02-05,5,Thursday
2026-02-05 05:50:33.359654,https://github.com/Subasangkarisaravanan/Data_Science_Projects/upload/main/Diamond/models,Upload files · Subasangkarisaravanan/Data_Science_Projects,chrome,Profile 1,github.com,learning,2026-02-05,5,Thursday
2026-02-05 05:50:33.359654,https://github.com/Subasangkarisaravanan/Data_Science_Projects/upload/main/Diamond/models,Upload files · Subasangkarisaravanan/Data_Science_Projects,edge,Default,github.com,learning,2026-02-05,5,Thursday
2026-02-05 05:51:58.947459,https://github.com/Subasangkarisaravanan/Data_Science_Projects/tree/main,Subasangkarisaravanan/Data_Science_Projects: Projects for Data Science,edge,Default,github.com,learning,2026-02-05,5,Thursday
2026-02-05 05:51:58.947459,https://github.com/Subasangkarisaravanan/Data_Science_Projects/tree/main,Subasangkarisaravanan/Data_Science_Projects: Projects for Data Science,chrome,Profile 1,github.com,learning,2026-02-05,5,Thursday
2026-02-05 05:55:23.957281,https://chatgpt.com/g/g-p-698430c742808191b361fb8f311f857d/project,ChatGPT - ecoType,chrome,Profile 1,chatgpt.com,learning,2026-02-05,5,Thursday
2026-02-05 05:55:23.957281,https://chatgpt.com/g/g-p-698430c742808191b361fb8f311f857d/project,ChatGPT - ecoType,edge,Default,chatgpt.com,learning,2026-02-05,5,Thursday
2026-02-05 12:04:32.438128,https://www.google.com/search,gmail login - Google Search,edge,Default,google.com,search,2026-02-05,12,Thursday
2026-02-05 12:04:32.438128,https://www.google.com/search,gmail login - Google Search,chrome,Profile 1,google.com,search,2026-02-05,12,Thursday
2026-02-05 12:04:34.247100,https://mail.google.com/mail/u/0/,"Inbox (2,225) - ssubasangkari@gmail.com - Gmail",chrome,Profile 1,google.com,search,2026-02-05,12,Thursday
2026-02-05 12:04:57.348527,https://mail.google.com/mail/u/0/#inbox/FMfcgzQfBZptkwrDmzhShzPQfrRppbCP,Project-Live_Evaluation Invite_Evening[05:30 pm - 06:30 pm]!!!!! - ssubasangkari@gmail.com - Gmail,edge,Default,google.com,search,2026-02-05,12,Thursday
2026-02-05 12:04:57.348527,https://mail.google.com/mail/u/0/#inbox/FMfcgzQfBZptkwrDmzhShzPQfrRppbCP,Project-Live_Evaluation Invite_Evening[05:30 pm - 06:30 pm]!!!!! - ssubasangkari@gmail.com - Gmail,chrome,Profile 1,google.com,search,2026-02-05,12,Thursday
2026-02-05 12:05:03.754166,https://docs.google.com/document/d/12rLBZ2duozAsZHBm_qKO3e9pnJnufENzCosDwBGuzQM/edit,Project Live-Evaluation Session Link (Evening) 05:30 pm - 06:30 pm - Google Docs,edge,Default,google.com,search,2026-02-05,12,Thursday
2026-02-05 12:05:03.754166,https://docs.google.com/document/d/12rLBZ2duozAsZHBm_qKO3e9pnJnufENzCosDwBGuzQM/edit,Project Live-Evaluation Session Link (Evening) 05:30 pm - 06:30 pm - Google Docs,chrome,Profile 1,google.com,search,2026-02-05,12,Thursday
2026-02-05 12:05:06.631225,https://docs.google.com/document/d/12rLBZ2duozAsZHBm_qKO3e9pnJnufENzCosDwBGuzQM/edit,Project Live-Evaluation Session Link (Evening) 05:30 pm - 06:30 pm - Google Docs,edge,Default,google.com,search,2026-02-05,12,Thursday
2026-02-05 12:05:06.631225,https://docs.google.com/document/d/12rLBZ2duozAsZHBm_qKO3e9pnJnufENzCosDwBGuzQM/edit,Project Live-Evaluation Session Link (Evening) 05:30 pm - 06:30 pm - Google Docs,chrome,Profile 1,google.com,search,2026-02-05,12,Thursday
2026-02-05 12:06:00.215967,https://accounts.google.com/ServiceLogin,Meet - vgt-jrii-gdw,chrome,Profile 1,google.com,search,2026-02-05,12,Thursday
2026-02-05 12:06:00.215967,https://meet.google.com/accounts/SetOSID,Meet - vgt-jrii-gdw,chrome,Profile 1,google.com,search,2026-02-05,12,Thursday
2026-02-05 12:06:11.773125,https://mail.google.com/mail/u/0/#inbox,"Inbox (2,225) - ssubasangkari@gmail.com - Gmail",chrome,Profile 1,google.com,search,2026-02-05,12,Thursday
2026-02-05 12:06:11.773125,https://mail.google.com/mail/u/0/#inbox,Inbox (748) - nakshatrasreesaravanan@gmail.com - Gmail,edge,Default,google.com,search,2026-02-05,12,Thursday
2026-02-05 12:14:36.827216,https://meet.google.com/vgt-jrii-gdw,Meet - vgt-jrii-gdw,edge,Default,google.com,search,2026-02-05,12,Thursday
2026-02-05 12:14:36.827216,https://meet.google.com/vgt-jrii-gdw,Meet - vgt-jrii-gdw,chrome,Profile 1,google.com,search,2026-02-05,12,Thursday
2026-02-05 14:17:05.842848,https://mail.google.com/mail/u/0/#inbox/FMfcgzQfBkFbHCsDrtdhZVRQRLGFffTp,Class 40 - Computer Vision (DS-S-WD-T-B105) @9:00AM has been Scheduled - ssubasangkari@gmail.com - Gmail,chrome,Profile 1,google.com,search,2026-02-05,14,Thursday
2026-02-05 14:17:05.842848,https://mail.google.com/mail/u/0/#inbox/FMfcgzQfBkFbHCsDrtdhZVRQRLGFffTp,Class 40 - Computer Vision (DS-S-WD-T-B105) @9:00AM has been Scheduled - ssubasangkari@gmail.com - Gmail,edge,Default,google.com,search,2026-02-05,14,Thursday
2026-02-05 14:18:59.803670,https://colab.research.google.com/,Welcome To Colab - Colab,edge,Default,google.com,search,2026-02-05,14,Thursday
2026-02-05 14:18:59.803670,https://colab.research.google.com/,Welcome To Colab - Colab,chrome,Profile 1,google.com,search,2026-02-05,14,Thursday
2026-02-05 14:19:09.717074,https://colab.research.google.com/drive/1JwPWWawc8CdR1uz7n1n7_DbhM6zjVySH,Untitled3.ipynb - Colab,edge,Default,google.com,search,2026-02-05,14,Thursday
2026-02-05 14:19:09.717074,https://colab.research.google.com/drive/1JwPWWawc8CdR1uz7n1n7_DbhM6zjVySH,Diamond.ipynb - Colab,chrome,Profile 1,google.com,search,2026-02-05,14,Thursday
2026-02-05 16:11:31.571053,https://www.google.com/search,canva - Google Search,edge,Default,google.com,search,2026-02-05,16,Thursday
2026-02-05 16:11:31.571053,https://www.google.com/search,canva - Google Search,chrome,Profile 1,google.com,search,2026-02-05,16,Thursday
2026-02-05 16:19:07.071106,https://www.google.com/search,canva - Google Search,edge,Default,google.com,search,2026-02-05,16,Thursday
2026-02-05 16:19:07.071106,https://www.google.com/search,canva - Google Search,chrome,Profile 1,google.com,search,2026-02-05,16,Thursday
2026-02-05 16:19:56.803738,https://www.google.com/search,canva login phone number - Google Search,chrome,Profile 1,google.com,search,2026-02-05,16,Thursday
2026-02-05 16:19:56.803738,https://www.google.com/search,canva login phone number - Google Search,edge,Default,google.com,search,2026-02-05,16,Thursday
2026-02-05 16:20:41.865442,https://www.canva.com/emails/,Email design maker: Design beautiful emails for free | Canva,chrome,Profile 1,canva.com,design,2026-02-05,16,Thursday
2026-02-05 16:20:41.865442,https://www.canva.com/emails/,Email design maker: Design beautiful emails for free | Canva,edge,Default,canva.com,design,2026-02-05,16,Thursday
2026-02-05 16:20:46.845581,https://www.canva.com/en_in/help/log-in-sign-up-canva-mobile-number-india/,Log in or sign up with your mobile number in India - Canva Help Centre,chrome,Profile 1,canva.com,design,2026-02-05,16,Thursday
2026-02-05 16:20:46.845581,https://www.canva.com/en_in/help/log-in-sign-up-canva-mobile-number-india/,Log in or sign up with your mobile number in India - Canva Help Centre,edge,Default,canva.com,design,2026-02-05,16,Thursday
2026-02-05 16:20:47.539612,https://www.google.com/search,canva login with mobile number - Google Search,edge,Default,google.com,search,2026-02-05,16,Thursday
2026-02-05 16:20:47.539612,https://www.google.com/search,canva login with mobile number - Google Search,chrome,Profile 1,google.com,search,2026-02-05,16,Thursday
2026-02-05 17:04:31.802254,https://www.google.com/search,calorie calculator - Google Search,edge,Default,google.com,search,2026-02-05,17,Thursday
2026-02-05 17:04:31.802254,https://www.google.com/search,calorie calculator - Google Search,chrome,Profile 1,google.com,search,2026-02-05,17,Thursday
2026-02-05 17:04:53.210459,https://www.calculator.net/calorie-calculator.html,Calorie Calculator,edge,Default,calculator.net,other,2026-02-05,17,Thursday
2026-02-05 17:04:53.210459,https://www.calculator.net/calorie-calculator.html,Calorie Calculator,chrome,Profile 1,calculator.net,other,2026-02-05,17,Thursday
2026-02-05 17:05:08.760317,https://www.calculator.net/calorie-calculator.html,Calorie Calculator,chrome,Profile 1,calculator.net,other,2026-02-05,17,Thursday
2026-02-05 17:05:08.760317,https://www.calculator.net/calorie-calculator.html,Calorie Calculator,edge,Default,calculator.net,other,2026-02-05,17,Thursday
2026-02-05 17:05:21.256805,https://www.calculator.net/calorie-calculator.html,Calorie Calculator,chrome,Profile 1,calculator.net,other,2026-02-05,17,Thursday
2026-02-05 17:05:21.256805,https://www.calculator.net/calorie-calculator.html,Calorie Calculator,edge,Default,calculator.net,other,2026-02-05,17,Thursday
2026-02-06 13:53:05.918748,https://www.google.com/search,chatgpt.com - Google Search,chrome,Profile 1,google.com,search,2026-02-06,13,Friday
2026-02-06 13:53:05.918748,https://www.google.com/search,chatgpt.com - Google Search,edge,Default,google.com,search,2026-02-06,13,Friday
2026-02-06 13:53:11.158813,https://chatgpt.com/,ChatGPT,edge,Default,chatgpt.com,learning,2026-02-06,13,Friday
2026-02-06 13:53:11.158813,https://www.google.com/aclk,ChatGPT,chrome,Profile 1,google.com,search,2026-02-06,13,Friday
2026-02-06 13:53:11.158813,https://chatgpt.com/,ChatGPT,chrome,Profile 1,chatgpt.com,learning,2026-02-06,13,Friday
2026-02-06 13:53:19.213584,https://chatgpt.com/c/698377e3-b134-8323-91bf-9d9ef0897f73,Phonics Exercises,edge,Default,chatgpt.com,learning,2026-02-06,13,Friday
2026-02-06 13:53:19.213584,https://chatgpt.com/c/698377e3-b134-8323-91bf-9d9ef0897f73,Phonics Exercises for Kids,chrome,Profile 1,chatgpt.com,learning,2026-02-06,13,Friday
2026-02-06 13:56:05.528725,https://www.google.com/search,Another Practice (Mixed Words) - Google Search,edge,Default,google.com,search,2026-02-06,13,Friday
2026-02-06 13:56:05.528725,https://www.google.com/search,Another Practice (Mixed Words) - Google Search,chrome,Profile 1,google.com,search,2026-02-06,13,Friday
2026-02-06 18:33:22.696376,https://www.kalyanamelam.in/,,chrome,Profile 1,kalyanamelam.in,other,2026-02-06,18,Friday
2026-02-06 18:33:22.696376,https://kalyanamelam.in/,,chrome,Profile 1,kalyanamelam.in,other,2026-02-06,18,Friday
2026-02-06 18:33:37.431029,https://kalyanamelam.in/myprofile.php,,chrome,Profile 1,kalyanamelam.in,other,2026-02-06,18,Friday
2026-02-06 18:33:50.438943,https://kalyanamelam.in/myprofile.php,,chrome,Profile 1,kalyanamelam.in,other,2026-02-06,18,Friday
2026-02-06 18:33:54.336585,https://kalyanamelam.in/chart.php,,chrome,Profile 1,kalyanamelam.in,other,2026-02-06,18,Friday
2026-02-06 18:34:37.633833,https://kalyanamelam.in/chart.php,,chrome,Profile 1,kalyanamelam.in,other,2026-02-06,18,Friday
2026-02-07 05:35:00.136448,https://www.bus.irctc.co.in/home,IRCTC Bus - Online Bus Ticket Booking | Bus Reservation,chrome,Profile 1,irctc.co.in,other,2026-02-07,5,Saturday
2026-02-07 05:35:00.136448,https://googleads.g.doubleclick.net/pcs/click,IRCTC Bus - Online Bus Ticket Booking | Bus Reservation,chrome,Profile 1,doubleclick.net,other,2026-02-07,5,Saturday
2026-02-07 12:53:24.206110,https://www.guvi.in/,HCL GUVI | Learn to code in your native language,chrome,Profile 1,guvi.in,learning,2026-02-07,12,Saturday
2026-02-07 12:54:05.564555,https://zen.guvi.in/authenticate/70cc46fbb4c44d906e059570d25d29bdac803019012b55a9d361d8e700caabc9878bb29c992a9a73c5dc5399e472b0a63d3a2e35e6468096898b8e8595d55645,Zen Automation,chrome,Profile 1,guvi.in,learning,2026-02-07,12,Saturday
2026-02-07 16:02:51.083644,https://hpitprod.service-now.com/$m.do#/list/incident,ServiceNow,chrome,Profile 1,service-now.com,professional,2026-02-07,16,Saturday
2026-02-07 16:03:31.036433,https://hpitprod.service-now.com/$m.do#/login,HP NOW - Log In,chrome,Profile 1,service-now.com,professional,2026-02-07,16,Saturday
2026-02-07 16:03:31.861464,https://hpitprod.service-now.com/auth_redirect.do,Continue with HP OneUID,chrome,Profile 1,service-now.com,professional,2026-02-07,16,Saturday
2026-02-07 16:03:31.861464,https://hpitprod.service-now.com/login_with_sso.do,Continue with HP OneUID,chrome,Profile 1,service-now.com,professional,2026-02-07,16,Saturday
2026-02-07 16:03:38.075426,https://login.external.hp.com/idp/SSO.saml2,Continue with HP OneUID,chrome,Profile 1,hp.com,technology,2026-02-07,16,Saturday
2026-02-07 16:03:54.119545,https://authenticator.pingone.com/pingid/ppm/auth,,chrome,Profile 1,pingone.com,other,2026-02-07,16,Saturday
2026-02-07 16:04:05.702677,https://authenticator.pingone.com/pingid/ppm/auth/response,,chrome,Profile 1,pingone.com,other,2026-02-07,16,Saturday
2026-02-07 16:04:09.239250,https://login.external.hp.com/idp/Nquzl/resumeSAML20/idp/SSO.ping,HP Network Detector,chrome,Profile 1,hp.com,technology,2026-02-07,16,Saturday
2026-02-07 16:04:11.396432,https://hpitprod.service-now.com/navpage.do,ServiceNow,chrome,Profile 1,service-now.com,professional,2026-02-07,16,Saturday
2026-02-07 16:04:25.482084,https://hpitprod.service-now.com/nav_to.do,CHG0179965 | Change Request | ServiceNow,chrome,Profile 1,service-now.com,professional,2026-02-07,16,Saturday
2026-02-07 16:05:14.439679,https://hpitprod.service-now.com/change_request.do,,chrome,Profile 1,service-now.com,professional,2026-02-07,16,Saturday
2026-02-07 16:05:14.439679,https://hpitprod.service-now.com/text_search_exact_match.do,,chrome,Profile 1,service-now.com,professional,2026-02-07,16,Saturday
2026-02-07 16:05:23.729477,https://hpitprod.service-now.com/nav_to.do,CHG-HPI-IMP-WEXP-DXC | Group | ServiceNow,chrome,Profile 1,service-now.com,professional,2026-02-07,16,Saturday
2026-02-07 16:05:38.776973,https://hpitprod.service-now.com/sys_user_group.do,,chrome,Profile 1,service-now.com,professional,2026-02-07,16,Saturday
2026-02-07 16:05:45.290406,https://hpitprod.service-now.com/nav_to.do,CHG-HPI-IMP-WEXP-DXC | Group | ServiceNow,chrome,Profile 1,service-now.com,professional,2026-02-07,16,Saturday
2026-02-08 18:06:47.751636,https://forms.gle/1m2Gsro41fLtZurRA,Live Evaluation Slot Booking Form,chrome,Profile 1,forms.gle,other,2026-02-08,18,Sunday
2026-02-08 18:06:47.751636,https://docs.google.com/forms/d/e/1FAIpQLSfoH8QGS8NP9npJKWyerMDksrjilMZFLSr8EZitRXib4NgvAw/viewform,Live Evaluation Slot Booking Form,chrome,Profile 1,google.com,search,2026-02-08,18,Sunday
2026-02-08 18:06:49.103247,https://docs.google.com/forms/d/e/1FAIpQLSfoH8QGS8NP9npJKWyerMDksrjilMZFLSr8EZitRXib4NgvAw/viewform,Live Evaluation Slot Booking Form,chrome,Profile 1,google.com,search,2026-02-08,18,Sunday
2026-02-08 18:09:23.251309,https://github.com/Subasangkarisaravanan/Data_Science_Projects/tree/main/EcoType_Forest_Cover,Subasangkarisaravanan/Data_Science_Projects: Projects for Data Science,chrome,Profile 1,github.com,learning,2026-02-08,18,Sunday
2026-02-09 03:32:06.934980,https://classify.zenclass.in/meet-dashboard-new,Classify,chrome,Profile 1,zenclass.in,learning,2026-02-09,3,Monday
2026-02-09 03:51:04.991976,https://classify.zenclass.in/integration,Classify,chrome,Profile 1,zenclass.in,learning,2026-02-09,3,Monday
2026-02-09 03:51:04.991976,https://classify.zenclass.in/integration,Classify,edge,Default,zenclass.in,learning,2026-02-09,3,Monday
2026-02-09 03:51:06.215627,https://classify.zenclass.in/meet-dashboard-new,Classify,chrome,Profile 1,zenclass.in,learning,2026-02-09,3,Monday
2026-02-09 04:18:40.637593,https://www.google.com/search,guvi - Google Search,edge,Default,google.com,search,2026-02-09,4,Monday
2026-02-09 04:18:40.637593,https://www.google.com/search,guvi - Google Search,chrome,Profile 1,google.com,search,2026-02-09,4,Monday
2026-02-09 04:18:44.192712,https://www.google.com/aclk,HCL GUVI | Learn to code in your native language,chrome,Profile 1,google.com,search,2026-02-09,4,Monday
2026-02-09 04:18:44.192712,https://www.guvi.in/,HCL GUVI | Learn to code in your native language,edge,Default,guvi.in,learning,2026-02-09,4,Monday
2026-02-09 04:18:44.192712,https://www.guvi.in/,HCL GUVI | Learn to code in your native language,chrome,Profile 1,guvi.in,learning,2026-02-09,4,Monday
2026-02-09 04:40:52.396806,https://www.google.com/search,whatsapp web - Google Search,chrome,Profile 1,google.com,search,2026-02-09,4,Monday
2026-02-09 04:40:52.396806,https://www.google.com/search,whatsapp web - Google Search,edge,Default,google.com,search,2026-02-09,4,Monday
2026-02-09 04:46:05.686943,https://www.google.com/search,whatsapp web - Google Search,chrome,Profile 1,google.com,search,2026-02-09,4,Monday
2026-02-09 04:46:05.686943,https://www.google.com/search,whatsapp web - Google Search,edge,Default,google.com,search,2026-02-09,4,Monday
2026-02-09 14:01:01.663500,http://cbs.wondershare.net/go.php,Thanks for installing Wondershare Filmora Video Editor for Windows,chrome,Profile 1,wondershare.net,other,2026-02-09,14,Monday
2026-02-09 14:01:01.663500,https://filmora.wondershare.net/install/filmora-win-idco.html,Thanks for installing Wondershare Filmora Video Editor for Windows,chrome,Profile 1,wondershare.net,other,2026-02-09,14,Monday
2026-02-09 14:01:01.663500,https://cbs.wondershare.net/go.php,Thanks for installing Wondershare Filmora Video Editor for Windows,chrome,Profile 1,wondershare.net,other,2026-02-09,14,Monday
2026-02-09 14:01:01.663500,https://filmora.wondershare.net/install/filmora-win-idco.html,Thanks for installing Wondershare Filmora Video Editor for Windows,edge,Default,wondershare.net,other,2026-02-09,14,Monday
2026-02-09 14:04:08.198060,https://accounts.google.com/v3/signin/accountchooser,Sign in - Google Accounts,chrome,Profile 1,google.com,search,2026-02-09,14,Monday
2026-02-09 14:04:08.198060,https://accounts.google.com/o/oauth2/auth,Sign in - Google Accounts,chrome,Profile 1,google.com,search,2026-02-09,14,Monday
2026-02-09 14:04:08.198060,https://accounts.wondershare.com/api/v3/social/6/login,Sign in - Google Accounts,chrome,Profile 1,wondershare.com,other,2026-02-09,14,Monday
2026-02-09 14:04:08.198060,https://accounts.google.com/v3/signin/accountchooser,Sign in - Google Accounts,edge,Default,google.com,search,2026-02-09,14,Monday
2026-02-09 14:04:10.861838,https://accounts.google.com/v3/signin/identifier,Sign in to continue to Wondershare Account,edge,Default,google.com,search,2026-02-09,14,Monday
2026-02-09 14:04:10.861838,https://accounts.google.com/v3/signin/identifier,Sign in to continue to Wondershare Account,chrome,Profile 1,google.com,search,2026-02-09,14,Monday
2026-02-09 14:04:54.491619,https://accounts.google.com/v3/signin/challenge/pwd,Welcome,chrome,Profile 1,google.com,search,2026-02-09,14,Monday
2026-02-09 14:04:54.491619,https://accounts.google.com/v3/signin/challenge/pwd,Welcome,edge,Default,google.com,search,2026-02-09,14,Monday
2026-02-09 14:05:23.217914,https://accounts.google.co.in/accounts/SetSID,Redirecting,chrome,Profile 1,google.co.in,other,2026-02-09,14,Monday
2026-02-09 14:05:23.217914,https://accounts.youtube.com/accounts/SetSID,Redirecting,chrome,Profile 1,youtube.com,entertainment,2026-02-09,14,Monday
2026-02-09 14:05:23.217914,https://accounts.google.co.in/accounts/SetSID,Redirecting,edge,Default,google.co.in,other,2026-02-09,14,Monday
2026-02-09 14:05:25.825631,https://accounts.google.com/signin/oauth/id,Sign in - Google Accounts,chrome,Profile 1,google.com,search,2026-02-09,14,Monday
2026-02-09 14:05:25.825631,https://accounts.google.com/signin/oauth/consent,Sign in - Google Accounts,chrome,Profile 1,google.com,search,2026-02-09,14,Monday
2026-02-09 14:05:25.825631,https://accounts.google.com/ServiceLogin,Sign in - Google Accounts,chrome,Profile 1,google.com,search,2026-02-09,14,Monday
2026-02-09 14:05:25.825631,https://accounts.google.com/InteractiveLogin,Sign in - Google Accounts,chrome,Profile 1,google.com,search,2026-02-09,14,Monday
2026-02-09 14:05:25.825631,https://accounts.google.com/signin/oauth/id,Sign in - Google Accounts,edge,Default,google.com,search,2026-02-09,14,Monday
2026-02-09 14:05:45.708284,https://accounts.google.com/signin/oauth/consent,Wondershare Account Center,chrome,Profile 1,google.com,search,2026-02-09,14,Monday
2026-02-09 14:05:45.708284,https://accounts.wondershare.com/web/success,Wondershare Account Center,edge,Default,wondershare.com,other,2026-02-09,14,Monday
2026-02-09 14:05:45.708284,https://accounts.wondershare.com/web/success,Wondershare Account Center,chrome,Profile 1,wondershare.com,other,2026-02-09,14,Monday
2026-02-09 14:05:45.708284,https://accounts.wondershare.com/api/v3/social/callback/product/3ad2a1972fb9049589adfbf895f7472a7,Wondershare Account Center,chrome,Profile 1,wondershare.com,other,2026-02-09,14,Monday
2026-02-09 14:05:45.708284,https://accounts.wondershare.com/api/v3/social/callback/google,Wondershare Account Center,chrome,Profile 1,wondershare.com,other,2026-02-09,14,Monday
2026-02-09 14:05:46.555020,https://accounts.wondershare.com/web/success,Wondershare Account Center,edge,Default,wondershare.com,other,2026-02-09,14,Monday
2026-02-09 14:05:46.555020,https://accounts.wondershare.com/web/success,Wondershare Account Center,chrome,Profile 1,wondershare.com,other,2026-02-09,14,Monday
2026-02-09 14:07:06.026864,https://filmora.wondershare.net/shop/buy/buy-filmora-win-idco.html,Buy Wondershare Filmora - Official Online Shop,chrome,Profile 1,wondershare.net,other,2026-02-09,14,Monday
2026-02-09 14:07:28.721142,https://filmora.wondershare.net/shop/buy/buy-filmora-win-idco.html,Buy Wondershare Filmora - Official Online Shop,chrome,Profile 1,wondershare.net,other,2026-02-09,14,Monday
2026-02-10 03:22:43.154663,https://classify.zenclass.in/meet-dashboard-new,Classify,edge,Default,zenclass.in,learning,2026-02-10,3,Tuesday
2026-02-10 03:24:25.834309,https://test.hyrenet.in/onto-it-thy/integration,HyreNet,edge,Default,hyrenet.in,technology,2026-02-10,3,Tuesday
2026-02-10 03:24:25.834309,https://test.hyrenet.in/onto-it-thy/integration,HyreNet,chrome,Profile 1,hyrenet.in,technology,2026-02-10,3,Tuesday
2026-02-10 03:30:42.476198,https://mail.google.com/mail/u/0/,Class 38 - Natural Language Processing (DS-S-WD-T-B105) @9:00AM has been Scheduled - ssubasangkari@gmail.com - Gmail,chrome,Profile 1,google.com,search,2026-02-10,3,Tuesday
2026-02-10 03:30:42.476198,https://mail.google.com/mail/u/0/,Class 38 - Natural Language Processing (DS-S-WD-T-B105) @9:00AM has been Scheduled - ssubasangkari@gmail.com - Gmail,edge,Default,google.com,search,2026-02-10,3,Tuesday
2026-02-10 03:30:46.487779,https://www.google.com/url,Classify,chrome,Profile 1,google.com,search,2026-02-10,3,Tuesday
2026-02-10 03:30:51.797820,https://classify.zenclass.in/meet-dashboard-new,Classify,edge,Default,zenclass.in,learning,2026-02-10,3,Tuesday
2026-02-10 03:30:51.797820,https://classify.zenclass.in/meet-dashboard-new,Classify,chrome,Profile 1,zenclass.in,learning,2026-02-10,3,Tuesday
2026-02-10 04:10:50.365972,https://www.google.com/search,i have money in my amazon wallet how can i get tagt money to my account - Google Search,edge,Default,google.com,search,2026-02-10,4,Tuesday
2026-02-10 04:10:50.365972,https://www.google.com/search,i have money in my amazon wallet how can i get tagt money to my account - Google Search,chrome,Profile 1,google.com,search,2026-02-10,4,Tuesday
2026-02-10 04:11:08.602909,https://www.google.com/search,i have money in my amazon wallet how can i get tagt money to my account - Google Search,chrome,Profile 1,google.com,search,2026-02-10,4,Tuesday
2026-02-10 04:20:08.674089,https://mail.google.com/mail/u/0/,Search results - ssubasangkari@gmail.com - Gmail,edge,Default,google.com,search,2026-02-10,4,Tuesday
2026-02-10 04:20:08.674089,https://mail.google.com/mail/u/0/,Search results - ssubasangkari@gmail.com - Gmail,chrome,Profile 1,google.com,search,2026-02-10,4,Tuesday
2026-02-10 04:22:19.943104,https://mail.google.com/mail/u/0/,Search results - ssubasangkari@gmail.com - Gmail,chrome,Profile 1,google.com,search,2026-02-10,4,Tuesday
2026-02-10 04:22:19.943104,https://mail.google.com/mail/u/0/,Search results - ssubasangkari@gmail.com - Gmail,edge,Default,google.com,search,2026-02-10,4,Tuesday
2026-02-10 04:22:38.139393,https://mail.google.com/mail/u/0/,Search results - ssubasangkari@gmail.com - Gmail,chrome,Profile 1,google.com,search,2026-02-10,4,Tuesday
2026-02-10 04:22:38.139393,https://mail.google.com/mail/u/0/,Search results - ssubasangkari@gmail.com - Gmail,edge,Default,google.com,search,2026-02-10,4,Tuesday
2026-02-10 04:22:48.610521,https://mail.google.com/mail/u/0/,Search results - ssubasangkari@gmail.com - Gmail,chrome,Profile 1,google.com,search,2026-02-10,4,Tuesday
2026-02-10 04:22:48.610521,https://mail.google.com/mail/u/0/,Search results - ssubasangkari@gmail.com - Gmail,edge,Default,google.com,search,2026-02-10,4,Tuesday
2026-02-10 04:23:23.887426,https://mail.google.com/mail/u/0/,"""unsubscribe"" - ssubasangkari@gmail.com - Gmail",edge,Default,google.com,search,2026-02-10,4,Tuesday
2026-02-10 04:23:23.887426,https://mail.google.com/mail/u/0/,"""unsubscribe"" - ssubasangkari@gmail.com - Gmail",chrome,Profile 1,google.com,search,2026-02-10,4,Tuesday
2026-02-10 04:23:59.677313,https://mail.google.com/mail/u/0/,"""[Imap]/Sent"" - ssubasangkari@gmail.com - Gmail",edge,Default,google.com,search,2026-02-10,4,Tuesday
2026-02-10 04:23:59.677313,https://mail.google.com/mail/u/0/,"""[Imap]/Sent"" - ssubasangkari@gmail.com - Gmail",chrome,Profile 1,google.com,search,2026-02-10,4,Tuesday
2026-02-10 04:24:12.959413,https://mail.google.com/mail/u/0/,AshrithaK - ssubasangkari@gmail.com - Gmail,edge,Default,google.com,search,2026-02-10,4,Tuesday
2026-02-10 04:24:12.959413,https://mail.google.com/mail/u/0/,AshrithaK - ssubasangkari@gmail.com - Gmail,chrome,Profile 1,google.com,search,2026-02-10,4,Tuesday
2026-02-10 04:24:24.927757,https://mail.google.com/mail/u/0/,Spam - ssubasangkari@gmail.com - Gmail,edge,Default,google.com,search,2026-02-10,4,Tuesday
2026-02-10 04:24:24.927757,https://mail.google.com/mail/u/0/,Spam - ssubasangkari@gmail.com - Gmail,chrome,Profile 1,google.com,search,2026-02-10,4,Tuesday
2026-02-10 04:24:54.517037,https://mail.google.com/mail/u/0/,Folio 14853416 - Processing of Redemption in PPFAS Mutual Fund - ssubasangkari@gmail.com - Gmail,edge,Default,google.com,search,2026-02-10,4,Tuesday
2026-02-10 04:24:54.517037,https://mail.google.com/mail/u/0/,Folio 14853416 - Processing of Redemption in PPFAS Mutual Fund - ssubasangkari@gmail.com - Gmail,chrome,Profile 1,google.com,search,2026-02-10,4,Tuesday
2026-02-10 04:25:04.832433,https://mail.google.com/mail/u/0/,Purchases (56) - ssubasangkari@gmail.com - Gmail,chrome,Profile 1,google.com,search,2026-02-10,4,Tuesday
2026-02-10 04:25:04.832433,https://mail.google.com/mail/u/0/,Purchases (314) - ssubasangkari@gmail.com - Gmail,edge,Default,google.com,search,2026-02-10,4,Tuesday
2026-02-10 04:32:30.896361,https://colab.research.google.com/drive/1lAYCyE-TKGFkEF1FNplxJR2fQ9wrXAS7#scrollTo=adOAR1nHpP7S,Intel Brain_Tumor_Detection.ipynb - Colab,edge,Default,google.com,search,2026-02-10,4,Tuesday
2026-02-10 04:32:30.896361,https://colab.research.google.com/drive/1lAYCyE-TKGFkEF1FNplxJR2fQ9wrXAS7#scrollTo=adOAR1nHpP7S,Intel Brain_Tumor_Detection.ipynb - Colab,chrome,Profile 1,google.com,search,2026-02-10,4,Tuesday
2026-02-10 04:32:50.603045,https://www.google.com/search,whatsapp web - Google Search,edge,Default,google.com,search,2026-02-10,4,Tuesday
2026-02-10 04:32:50.603045,https://www.google.com/search,whatsapp web - Google Search,chrome,Profile 1,google.com,search,2026-02-10,4,Tuesday
2026-02-10 04:33:34.031050,https://www.google.com/search,whatsapp web - Google Search,edge,Default,google.com,search,2026-02-10,4,Tuesday
2026-02-10 04:33:34.031050,https://www.google.com/search,whatsapp web - Google Search,chrome,Profile 1,google.com,search,2026-02-10,4,Tuesday
2026-02-10 04:33:36.123488,https://web.whatsapp.com/,(17) WhatsApp,chrome,Profile 1,whatsapp.com,other,2026-02-10,4,Tuesday
2026-02-10 04:33:36.123488,https://web.whatsapp.com/,(12) WhatsApp,edge,Default,whatsapp.com,other,2026-02-10,4,Tuesday
2026-02-10 11:55:47.355997,https://www.guvi.in/certificate.html,Certification,chrome,Profile 1,guvi.in,learning,2026-02-10,11,Tuesday
2026-02-10 11:55:47.355997,https://www.guvi.in/certificate,Certification,chrome,Profile 1,guvi.in,learning,2026-02-10,11,Tuesday
2026-02-11 03:39:07.458762,https://classify.zenclass.in/integration,Classify,chrome,Profile 1,zenclass.in,learning,2026-02-11,3,Wednesday
2026-02-11 04:31:15.246370,https://classify.zenclass.in/integration,Classify,chrome,Profile 1,zenclass.in,learning,2026-02-11,4,Wednesday
2026-02-11 04:31:15.246370,https://classify.zenclass.in/integration,Classify,edge,Default,zenclass.in,learning,2026-02-11,4,Wednesday
2026-02-11 04:31:16.463428,https://classify.zenclass.in/meet-dashboard-new,Classify,chrome,Profile 1,zenclass.in,learning,2026-02-11,4,Wednesday
2026-02-11 04:31:16.463428,https://classify.zenclass.in/meet-dashboard-new,Classify,edge,Default,zenclass.in,learning,2026-02-11,4,Wednesday
2026-02-11 11:16:20.408760,https://classify.zenclass.in/meet-dashboard-new,Classify,chrome,Profile 1,zenclass.in,learning,2026-02-11,11,Wednesday
2026-02-11 11:16:20.408760,https://classify.zenclass.in/meet-dashboard-new,Classify,edge,Default,zenclass.in,learning,2026-02-11,11,Wednesday
2026-02-11 12:35:14.035236,https://v2.zenclass.in/class/98e607cf-021b-4925-9dd9-f32003afda1e,GUVI,chrome,Profile 1,zenclass.in,learning,2026-02-11,12,Wednesday
2026-02-11 12:35:14.035236,https://v2.zenclass.in/class/98e607cf-021b-4925-9dd9-f32003afda1e,GUVI,edge,Default,zenclass.in,learning,2026-02-11,12,Wednesday
2026-02-11 12:39:18.906880,https://v2.zenclass.in/zengpt,GUVI,edge,Default,zenclass.in,learning,2026-02-11,12,Wednesday
2026-02-11 18:22:44.352806,https://www.google.com/search,leetcode - Google Search,chrome,Profile 1,google.com,search,2026-02-11,18,Wednesday
2026-02-11 18:22:46.927525,https://leetcode.com/,LeetCode - The World's Leading Online Programming Learning Platform,chrome,Profile 1,leetcode.com,other,2026-02-11,18,Wednesday
2026-02-11 18:22:57.249490,https://leetcode.com/accounts/signup/,Loading...,chrome,Profile 1,leetcode.com,other,2026-02-11,18,Wednesday
2026-02-12 03:47:58.686853,https://v2.zenclass.in/class/c6d4d57d-7e92-441a-8cc3-864ad38be827,GUVI,chrome,Profile 1,zenclass.in,learning,2026-02-12,3,Thursday
2026-02-12 03:47:58.686853,https://v2.zenclass.in/class/c6d4d57d-7e92-441a-8cc3-864ad38be827,GUVI,edge,Default,zenclass.in,learning,2026-02-12,3,Thursday
2026-02-12 03:48:01.003365,https://classify.zenclass.in/integration,Classify,chrome,Profile 1,zenclass.in,learning,2026-02-12,3,Thursday
2026-02-12 03:48:01.003365,https://classify.zenclass.in/integration,Classify,edge,Default,zenclass.in,learning,2026-02-12,3,Thursday
2026-02-12 03:48:01.660618,https://classify.zenclass.in/meet-dashboard-new,Classify,edge,Default,zenclass.in,learning,2026-02-12,3,Thursday
2026-02-12 03:48:01.660618,https://classify.zenclass.in/meet-dashboard-new,Classify,chrome,Profile 1,zenclass.in,learning,2026-02-12,3,Thursday
2026-02-12 03:48:25.235326,https://chatgpt.com/c/69896da1-18dc-8322-89d6-09748a26be38,ChatGPT,edge,Default,chatgpt.com,learning,2026-02-12,3,Thursday
2026-02-12 03:48:25.235326,https://chatgpt.com/c/69896da1-18dc-8322-89d6-09748a26be38,SMOTE in Data Science,chrome,Profile 1,chatgpt.com,learning,2026-02-12,3,Thursday
2026-02-12 11:57:59.224664,https://www.bing.com/search,chatgpt - Search,edge,Default,bing.com,search,2026-02-12,11,Thursday
2026-02-12 11:58:55.334774,https://chatgpt.com/c/698dc05b-8ab8-8322-b6fc-7842a416e2e6,Recover Terminal Output,edge,Default,chatgpt.com,learning,2026-02-12,11,Thursday
2026-02-12 11:58:55.334774,https://chatgpt.com/c/698dc05b-8ab8-8322-b6fc-7842a416e2e6,Recover Terminal Output,chrome,Profile 1,chatgpt.com,learning,2026-02-12,11,Thursday
2026-02-12 12:03:25.425196,https://docs.google.com/document/d/1dhvI2Q0vUfr5QXDcHEqBfaROagWHFQzsoWuDHqc2sGw/edit,Project Live-Evaluation Session Link (Evening) 05:30 pm - 06:30 pm - Google Docs,chrome,Profile 1,google.com,search,2026-02-12,12,Thursday
2026-02-12 12:03:25.425196,https://www.google.com/url,Project Live-Evaluation Session Link (Evening) 05:30 pm - 06:30 pm - Google Docs,chrome,Profile 1,google.com,search,2026-02-12,12,Thursday
2026-02-12 12:03:25.425196,https://docs.google.com/document/d/1dhvI2Q0vUfr5QXDcHEqBfaROagWHFQzsoWuDHqc2sGw/edit,Project Live-Evaluation Session Link (Evening) 05:30 pm - 06:30 pm - Google Docs,edge,Default,google.com,search,2026-02-12,12,Thursday
2026-02-12 12:05:05.078625,https://docs.google.com/document/d/1HkI8iCkY9TDVwL8gU4PwpdcAPz05vo5rp_GbbN3rAAs/edit,EcoType: Forest Cover Classification - Google Docs,edge,Default,google.com,search,2026-02-12,12,Thursday
2026-02-12 12:05:05.078625,https://docs.google.com/document/d/1HkI8iCkY9TDVwL8gU4PwpdcAPz05vo5rp_GbbN3rAAs/edit,EcoType: Forest Cover Classification - Google Docs,chrome,Profile 1,google.com,search,2026-02-12,12,Thursday
2026-02-12 12:11:15.432775,https://chatgpt.com/g/g-p-698430c742808191b361fb8f311f857d-ecotype/c/6984641a-fd74-8324-bd5a-9cb75f0d599b,ChatGPT - ecoType,edge,Default,chatgpt.com,learning,2026-02-12,12,Thursday
2026-02-12 12:11:15.432775,https://chatgpt.com/g/g-p-698430c742808191b361fb8f311f857d-ecotype/c/6984641a-fd74-8324-bd5a-9cb75f0d599b,ecoType - SMOTE in Class Imbalance,chrome,Profile 1,chatgpt.com,learning,2026-02-12,12,Thursday
2026-02-12 12:11:24.253403,https://chatgpt.com/g/g-p-698430c742808191b361fb8f311f857d-ecotype/project,ChatGPT - ecoType,edge,Default,chatgpt.com,learning,2026-02-12,12,Thursday
2026-02-12 12:11:24.253403,https://chatgpt.com/g/g-p-698430c742808191b361fb8f311f857d-ecotype/project,ChatGPT - ecoType,chrome,Profile 1,chatgpt.com,learning,2026-02-12,12,Thursday
2026-02-12 12:11:34.768784,https://chatgpt.com/g/g-p-698430c742808191b361fb8f311f857d-ecotype/c/698430ed-4b58-8322-a055-16a55f4f9fdc,ecoType - New chat,chrome,Profile 1,chatgpt.com,learning,2026-02-12,12,Thursday
2026-02-12 12:11:34.768784,https://chatgpt.com/g/g-p-698430c742808191b361fb8f311f857d-ecotype/c/698430ed-4b58-8322-a055-16a55f4f9fdc,ecoType - Hyperparameter Tuning Optimization,edge,Default,chatgpt.com,learning,2026-02-12,12,Thursday
2026-02-12 12:12:15.690218,https://chatgpt.com/g/g-p-6970842831b88191b67899f1483d28a9-ecotype/project,ChatGPT - ecotype,edge,Default,chatgpt.com,learning,2026-02-12,12,Thursday
2026-02-12 12:12:15.690218,https://chatgpt.com/g/g-p-6970842831b88191b67899f1483d28a9-ecotype/project,ChatGPT - ecotype,chrome,Profile 1,chatgpt.com,learning,2026-02-12,12,Thursday
2026-02-12 12:12:31.511740,https://chatgpt.com/g/g-p-6970842831b88191b67899f1483d28a9-ecotype/c/69708434-5460-8322-867b-0d235c9eff5b,ecotype - Upload Dataset to Colab,chrome,Profile 1,chatgpt.com,learning,2026-02-12,12,Thursday
2026-02-12 12:12:31.511740,https://chatgpt.com/g/g-p-6970842831b88191b67899f1483d28a9-ecotype/c/69708434-5460-8322-867b-0d235c9eff5b,ChatGPT - ecotype,edge,Default,chatgpt.com,learning,2026-02-12,12,Thursday
2026-02-12 12:13:27.972003,https://chatgpt.com/g/g-p-696fc0293e888191a50252b828c78080-data-science/project,ChatGPT - data science,edge,Default,chatgpt.com,learning,2026-02-12,12,Thursday
2026-02-12 12:13:27.972003,https://chatgpt.com/g/g-p-696fc0293e888191a50252b828c78080-data-science/project,ChatGPT - data science,chrome,Profile 1,chatgpt.com,learning,2026-02-12,12,Thursday
2026-02-12 12:13:34.847555,https://chatgpt.com/g/g-p-698430c742808191b361fb8f311f857d/c/6984641a-fd74-8324-bd5a-9cb75f0d599b,ecoType - SMOTE in Class Imbalance,chrome,Profile 1,chatgpt.com,learning,2026-02-12,12,Thursday
2026-02-12 12:13:34.847555,https://chatgpt.com/g/g-p-698430c742808191b361fb8f311f857d/c/6984641a-fd74-8324-bd5a-9cb75f0d599b,ecoType - SMOTE in Class Imbalance,edge,Default,chatgpt.com,learning,2026-02-12,12,Thursday
2026-02-12 12:14:56.271336,https://chatgpt.com/g/g-p-698d616021f08191b7b574dd1660d723-cover-type/project,ChatGPT - cover_type,chrome,Profile 1,chatgpt.com,learning,2026-02-12,12,Thursday
2026-02-12 12:14:56.271336,https://chatgpt.com/g/g-p-698d616021f08191b7b574dd1660d723-cover-type/project,ChatGPT - cover_type,edge,Default,chatgpt.com,learning,2026-02-12,12,Thursday
2026-02-12 12:15:00.669940,https://chatgpt.com/g/g-p-698d616021f08191b7b574dd1660d723-cover-type/c/698d6195-5fcc-83aa-82bd-fd3438cc0c02,cover_type - Step-by-step ML Guide,chrome,Profile 1,chatgpt.com,learning,2026-02-12,12,Thursday
2026-02-12 12:15:00.669940,https://chatgpt.com/g/g-p-698d616021f08191b7b574dd1660d723-cover-type/c/698d6195-5fcc-83aa-82bd-fd3438cc0c02,ChatGPT - cover_type,edge,Default,chatgpt.com,learning,2026-02-12,12,Thursday
2026-02-12 12:17:34.850173,https://www.bing.com/search,Notepad++ - Search,edge,Default,bing.com,search,2026-02-12,12,Thursday
2026-02-12 12:17:35.271778,https://www.bing.com/search,Notepad++ - Search,edge,Default,bing.com,search,2026-02-12,12,Thursday
2026-02-12 12:19:19.390782,https://meet.google.com/vgt-jrii-gdw,Meet - vgt-jrii-gdw,edge,Default,google.com,search,2026-02-12,12,Thursday
2026-02-12 12:19:19.390782,https://meet.google.com/vgt-jrii-gdw,Meet - vgt-jrii-gdw,chrome,Profile 1,google.com,search,2026-02-12,12,Thursday
2026-02-12 12:19:23.433167,https://meet.google.com/vgt-jrii-gdw,Meet - vgt-jrii-gdw,chrome,Profile 1,google.com,search,2026-02-12,12,Thursday
2026-02-12 12:19:23.433167,https://meet.google.com/vgt-jrii-gdw,Meet - vgt-jrii-gdw,edge,Default,google.com,search,2026-02-12,12,Thursday
2026-02-12 13:07:50.287251,https://meet.google.com/akr-qekv-sun,Meet,edge,Default,google.com,search,2026-02-12,13,Thursday
2026-02-12 13:07:50.287251,https://meet.google.com/akr-qekv-sun,Meet,chrome,Profile 1,google.com,search,2026-02-12,13,Thursday
2026-02-12 13:07:51.992172,https://meet.google.com/akr-qekv-sun,Meet - akr-qekv-sun,chrome,Profile 1,google.com,search,2026-02-12,13,Thursday
2026-02-12 13:07:51.992172,https://meet.google.com/akr-qekv-sun,Meet - akr-qekv-sun,edge,Default,google.com,search,2026-02-12,13,Thursday
2026-02-12 13:10:00.443802,https://docs.google.com/document/d/1HkI8iCkY9TDVwL8gU4PwpdcAPz05vo5rp_GbbN3rAAs/edit,EcoType: Forest Cover Classification - Google Docs,chrome,Profile 1,google.com,search,2026-02-12,13,Thursday
2026-02-12 13:10:00.443802,https://docs.google.com/document/d/1HkI8iCkY9TDVwL8gU4PwpdcAPz05vo5rp_GbbN3rAAs/edit,EcoType: Forest Cover Classification - Google Docs,edge,Default,google.com,search,2026-02-12,13,Thursday
2026-02-12 13:23:59.980402,https://docs.google.com/document/d/1dhvI2Q0vUfr5QXDcHEqBfaROagWHFQzsoWuDHqc2sGw/edit,Project Live-Evaluation Session Link (Evening) 05:30 pm - 06:30 pm - Google Docs,edge,Default,google.com,search,2026-02-12,13,Thursday
2026-02-12 13:23:59.980402,https://docs.google.com/document/d/1dhvI2Q0vUfr5QXDcHEqBfaROagWHFQzsoWuDHqc2sGw/edit,Project Live-Evaluation Session Link (Evening) 05:30 pm - 06:30 pm - Google Docs,chrome,Profile 1,google.com,search,2026-02-12,13,Thursday
2026-02-12 13:24:01.275113,https://mail.google.com/mail/u/0/,Project Live Evaluation Session Invite_Evening [05:30 pm - 06:30 pm] - ssubasangkari@gmail.com - Gmail,edge,Default,google.com,search,2026-02-12,13,Thursday
2026-02-12 13:24:01.275113,https://mail.google.com/mail/u/0/,Project Live Evaluation Session Invite_Evening [05:30 pm - 06:30 pm] - ssubasangkari@gmail.com - Gmail,chrome,Profile 1,google.com,search,2026-02-12,13,Thursday
2026-02-12 14:12:39.980914,https://hyre-test.guvi.in/onto-it-thy/login,HyreNet,chrome,Profile 1,guvi.in,learning,2026-02-12,14,Thursday
2026-02-12 14:12:39.980914,https://hyre-test.guvi.in/onto-it-thy/login,HyreNet,edge,Default,guvi.in,learning,2026-02-12,14,Thursday
2026-02-12 14:24:33.223716,https://test.hyrenet.in/bow-hit-ride/integration,HyreNet,chrome,Profile 1,hyrenet.in,technology,2026-02-12,14,Thursday
2026-02-12 14:24:33.223716,https://test.hyrenet.in/bow-hit-ride/integration,HyreNet,edge,Default,hyrenet.in,technology,2026-02-12,14,Thursday
2026-02-12 14:24:36.002361,https://test.hyrenet.in/bow-hit-ride/login,HyreNet,edge,Default,hyrenet.in,technology,2026-02-12,14,Thursday
2026-02-12 14:24:36.002361,https://test.hyrenet.in/bow-hit-ride/login,HyreNet,chrome,Profile 1,hyrenet.in,technology,2026-02-12,14,Thursday
2026-02-12 14:24:47.007026,https://test.hyrenet.in/old-last-laid/integration,HyreNet,chrome,Profile 1,hyrenet.in,technology,2026-02-12,14,Thursday
2026-02-12 14:24:47.007026,https://test.hyrenet.in/old-last-laid/integration,HyreNet,edge,Default,hyrenet.in,technology,2026-02-12,14,Thursday
2026-02-12 14:25:01.766016,https://test.hyrenet.in/old-last-laid/details,HyreNet,chrome,Profile 1,hyrenet.in,technology,2026-02-12,14,Thursday
2026-02-12 14:25:01.766016,https://test.hyrenet.in/old-last-laid/details,HyreNet,edge,Default,hyrenet.in,technology,2026-02-12,14,Thursday
2026-02-12 14:25:04.280197,https://test.hyrenet.in/old-last-laid/testDescription/mcq,HyreNet,edge,Default,hyrenet.in,technology,2026-02-12,14,Thursday
2026-02-12 14:25:04.280197,https://test.hyrenet.in/old-last-laid/testDescription/mcq,HyreNet,chrome,Profile 1,hyrenet.in,technology,2026-02-12,14,Thursday
2026-02-12 14:41:39.419266,https://test.hyrenet.in/old-last-laid/mcq,HyreNet,edge,Default,hyrenet.in,technology,2026-02-12,14,Thursday
2026-02-12 14:41:39.419266,https://test.hyrenet.in/old-last-laid/mcq,HyreNet,chrome,Profile 1,hyrenet.in,technology,2026-02-12,14,Thursday
2026-02-12 14:42:10.834156,https://test.hyrenet.in/hat-rule-may/integration,HyreNet,chrome,Profile 1,hyrenet.in,technology,2026-02-12,14,Thursday
2026-02-12 14:42:10.834156,https://test.hyrenet.in/hat-rule-may/integration,HyreNet,edge,Default,hyrenet.in,technology,2026-02-12,14,Thursday
2026-02-12 14:42:23.485460,https://test.hyrenet.in/hat-rule-may/details,HyreNet,edge,Default,hyrenet.in,technology,2026-02-12,14,Thursday
2026-02-12 14:42:23.485460,https://test.hyrenet.in/hat-rule-may/details,HyreNet,chrome,Profile 1,hyrenet.in,technology,2026-02-12,14,Thursday
2026-02-12 14:42:26.897047,https://test.hyrenet.in/hat-rule-may/testDescription/mcq,HyreNet,edge,Default,hyrenet.in,technology,2026-02-12,14,Thursday
2026-02-12 14:42:26.897047,https://test.hyrenet.in/hat-rule-may/testDescription/mcq,HyreNet,chrome,Profile 1,hyrenet.in,technology,2026-02-12,14,Thursday
2026-02-12 14:53:45.822790,https://test.hyrenet.in/hat-rule-may/mcq,HyreNet,edge,Default,hyrenet.in,technology,2026-02-12,14,Thursday
2026-02-12 14:53:45.822790,https://test.hyrenet.in/hat-rule-may/mcq,HyreNet,chrome,Profile 1,hyrenet.in,technology,2026-02-12,14,Thursday
2026-02-12 14:54:19.822702,https://test.hyrenet.in/name-belt-duty/integration,HyreNet,edge,Default,hyrenet.in,technology,2026-02-12,14,Thursday
2026-02-12 14:54:19.822702,https://test.hyrenet.in/name-belt-duty/integration,HyreNet,chrome,Profile 1,hyrenet.in,technology,2026-02-12,14,Thursday
2026-02-12 14:54:38.205350,https://test.hyrenet.in/name-belt-duty/details,HyreNet,edge,Default,hyrenet.in,technology,2026-02-12,14,Thursday
2026-02-12 14:54:38.205350,https://test.hyrenet.in/name-belt-duty/details,HyreNet,chrome,Profile 1,hyrenet.in,technology,2026-02-12,14,Thursday
2026-02-12 14:54:43.652479,https://test.hyrenet.in/name-belt-duty/testDescription/mcq,HyreNet,chrome,Profile 1,hyrenet.in,technology,2026-02-12,14,Thursday
2026-02-12 14:54:43.652479,https://test.hyrenet.in/name-belt-duty/testDescription/mcq,HyreNet,edge,Default,hyrenet.in,technology,2026-02-12,14,Thursday
2026-02-12 15:04:37.448212,https://test.hyrenet.in/name-belt-duty/mcq,HyreNet,edge,Default,hyrenet.in,technology,2026-02-12,15,Thursday
2026-02-12 15:04:37.448212,https://test.hyrenet.in/name-belt-duty/mcq,HyreNet,chrome,Profile 1,hyrenet.in,technology,2026-02-12,15,Thursday
2026-02-12 15:05:27.888334,https://test.hyrenet.in/box-blow-pan/integration,HyreNet,edge,Default,hyrenet.in,technology,2026-02-12,15,Thursday
2026-02-12 15:05:27.888334,https://test.hyrenet.in/box-blow-pan/integration,HyreNet,chrome,Profile 1,hyrenet.in,technology,2026-02-12,15,Thursday
2026-02-12 15:05:38.535349,https://test.hyrenet.in/box-blow-pan/details,HyreNet,edge,Default,hyrenet.in,technology,2026-02-12,15,Thursday
2026-02-12 15:05:38.535349,https://test.hyrenet.in/box-blow-pan/details,HyreNet,chrome,Profile 1,hyrenet.in,technology,2026-02-12,15,Thursday
2026-02-12 15:05:40.835236,https://test.hyrenet.in/box-blow-pan/testDescription/mcq,HyreNet,chrome,Profile 1,hyrenet.in,technology,2026-02-12,15,Thursday
2026-02-12 15:05:40.835236,https://test.hyrenet.in/box-blow-pan/testDescription/mcq,HyreNet,edge,Default,hyrenet.in,technology,2026-02-12,15,Thursday
2026-02-12 15:11:59.148391,https://www.google.com/search,,edge,Default,google.com,search,2026-02-12,15,Thursday
2026-02-12 15:11:59.148391,https://www.google.com/search,,chrome,Profile 1,google.com,search,2026-02-12,15,Thursday
2026-02-12 15:13:03.470315,https://test.hyrenet.in/box-blow-pan/mcq,HyreNet,edge,Default,hyrenet.in,technology,2026-02-12,15,Thursday
2026-02-12 15:13:03.470315,https://test.hyrenet.in/box-blow-pan/mcq,HyreNet,chrome,Profile 1,hyrenet.in,technology,2026-02-12,15,Thursday
2026-02-12 15:16:13.000223,https://test.hyrenet.in/bill-show-only/integration,HyreNet,edge,Default,hyrenet.in,technology,2026-02-12,15,Thursday
2026-02-12 15:16:13.000223,https://test.hyrenet.in/bill-show-only/integration,HyreNet,chrome,Profile 1,hyrenet.in,technology,2026-02-12,15,Thursday
2026-02-12 15:16:28.060785,https://test.hyrenet.in/bill-show-only/details,HyreNet,edge,Default,hyrenet.in,technology,2026-02-12,15,Thursday
2026-02-12 15:16:28.060785,https://test.hyrenet.in/bill-show-only/details,HyreNet,chrome,Profile 1,hyrenet.in,technology,2026-02-12,15,Thursday
2026-02-12 15:16:30.280324,https://test.hyrenet.in/bill-show-only/testDescription/mcq,HyreNet,edge,Default,hyrenet.in,technology,2026-02-12,15,Thursday
2026-02-12 15:16:30.280324,https://test.hyrenet.in/bill-show-only/testDescription/mcq,HyreNet,chrome,Profile 1,hyrenet.in,technology,2026-02-12,15,Thursday
2026-02-12 15:21:07.894564,https://test.hyrenet.in/bill-show-only/mcq,HyreNet,edge,Default,hyrenet.in,technology,2026-02-12,15,Thursday
2026-02-12 15:21:07.894564,https://test.hyrenet.in/bill-show-only/mcq,HyreNet,chrome,Profile 1,hyrenet.in,technology,2026-02-12,15,Thursday
2026-02-12 15:21:37.948652,https://test.hyrenet.in/onto-it-thy/integration,HyreNet,chrome,Profile 1,hyrenet.in,technology,2026-02-12,15,Thursday
2026-02-12 15:21:37.948652,https://test.hyrenet.in/onto-it-thy/integration,HyreNet,edge,Default,hyrenet.in,technology,2026-02-12,15,Thursday
2026-02-12 15:21:37.978329,https://test.hyrenet.in/onto-it-thy/login,HyreNet,edge,Default,hyrenet.in,technology,2026-02-12,15,Thursday
2026-02-12 15:22:40.754853,https://www.guvi.in/courses-video/,Best Data Science & Analytics Course with Certification | GUVI,chrome,Profile 1,guvi.in,learning,2026-02-12,15,Thursday
2026-02-12 15:22:40.754853,https://www.guvi.in/courses-video/,Best Data Science & Analytics Course with Certification | GUVI,edge,Default,guvi.in,learning,2026-02-12,15,Thursday
2026-02-12 15:24:35.864909,https://www.guvi.in/courses-video/,Best Data Science & Analytics Course with Certification | GUVI,chrome,Profile 1,guvi.in,learning,2026-02-12,15,Thursday
2026-02-12 15:24:35.864909,https://www.guvi.in/courses-video/,Best Data Science & Analytics Course with Certification | GUVI,edge,Default,guvi.in,learning,2026-02-12,15,Thursday
2026-02-12 15:24:37.375677,https://www.guvi.in/verify-certificate.html,Certificate,chrome,Profile 1,guvi.in,learning,2026-02-12,15,Thursday
2026-02-12 15:25:12.623029,https://www.guvi.in/courses/,HCL GUVI | courses,edge,Default,guvi.in,learning,2026-02-12,15,Thursday
2026-02-12 15:27:50.889296,https://docs.google.com/document/d/1vBmhazPOcOaqOCVCa8DhSaP9YBTwSYqAdjo6JKLEOfw/edit,💎Diamond Dynamics: Price Prediction and Market Segmentation - Google Docs,chrome,Profile 1,google.com,search,2026-02-12,15,Thursday
2026-02-12 15:27:50.889296,https://docs.google.com/document/d/1vBmhazPOcOaqOCVCa8DhSaP9YBTwSYqAdjo6JKLEOfw/edit,💎Diamond Dynamics: Price Prediction and Market Segmentation - Google Docs,edge,Default,google.com,search,2026-02-12,15,Thursday
2026-02-12 15:31:17.097913,https://chatgpt.com/g/g-p-698df23f1c5c8191abae22392536ad24/project,ChatGPT - Diamond_dynamics,edge,Default,chatgpt.com,learning,2026-02-12,15,Thursday
2026-02-12 15:31:17.097913,https://chatgpt.com/g/g-p-698df23f1c5c8191abae22392536ad24/project,ChatGPT - Diamond_dynamics,chrome,Profile 1,chatgpt.com,learning,2026-02-12,15,Thursday
2026-02-12 15:32:44.378272,https://chatgpt.com/g/g-p-698df23f1c5c8191abae22392536ad24-diamond-dynamics/c/698df295-9438-8323-a83a-478e81c96717,ChatGPT - Diamond_dynamics,edge,Default,chatgpt.com,learning,2026-02-12,15,Thursday
2026-02-12 15:32:44.378272,https://chatgpt.com/g/g-p-698df23f1c5c8191abae22392536ad24-diamond-dynamics/c/698df295-9438-8323-a83a-478e81c96717,ChatGPT - Diamond_dynamics,chrome,Profile 1,chatgpt.com,learning,2026-02-12,15,Thursday
2026-02-12 15:33:18.996965,https://drive.google.com/file/d/1m9HU-CoGXCzLtj9DyAoZt-13BfHKQH0c/view,diamonds.csv - Google Drive,edge,Default,google.com,search,2026-02-12,15,Thursday
2026-02-12 15:33:18.996965,https://drive.google.com/file/d/1m9HU-CoGXCzLtj9DyAoZt-13BfHKQH0c/view,diamonds.csv - Google Drive,chrome,Profile 1,google.com,search,2026-02-12,15,Thursday
2026-02-12 15:33:19.764672,https://drive.google.com/file/d/1m9HU-CoGXCzLtj9DyAoZt-13BfHKQH0c/view,diamonds.csv - Google Drive,chrome,Profile 1,google.com,search,2026-02-12,15,Thursday
2026-02-12 15:33:19.764672,https://drive.google.com/file/d/1m9HU-CoGXCzLtj9DyAoZt-13BfHKQH0c/view,diamonds.csv - Google Drive,edge,Default,google.com,search,2026-02-12,15,Thursday
2026-02-12 16:28:12.038491,https://www.python.org/downloads/release/python-3100/,Python Release Python 3.10.0 | Python.org,chrome,Profile 1,python.org,other,2026-02-12,16,Thursday
2026-02-12 16:28:12.038491,https://www.python.org/downloads/release/python-3100/,Python Release Python 3.10.0 | Python.org,edge,Default,python.org,other,2026-02-12,16,Thursday
2026-02-12 16:29:41.646223,https://www.google.com/search,pycharm download - Google Search,chrome,Profile 1,google.com,search,2026-02-12,16,Thursday
2026-02-12 16:29:41.646223,https://www.google.com/search,pycharm download - Google Search,edge,Default,google.com,search,2026-02-12,16,Thursday
2026-02-12 16:29:46.463500,https://www.jetbrains.com/pycharm/download/,Download PyCharm: The Python IDE for data science and web development by JetBrains,chrome,Profile 1,jetbrains.com,other,2026-02-12,16,Thursday
2026-02-12 16:29:46.463500,https://www.jetbrains.com/pycharm/download/,Download PyCharm: The Python IDE for data science and web development by JetBrains,edge,Default,jetbrains.com,other,2026-02-12,16,Thursday
2026-02-12 16:29:52.372409,https://www.jetbrains.com/pycharm/download/,Download PyCharm: The Python IDE for data science and web development by JetBrains,edge,Default,jetbrains.com,other,2026-02-12,16,Thursday
2026-02-12 16:29:52.372409,https://www.jetbrains.com/pycharm/download/,Download PyCharm: The Python IDE for data science and web development by JetBrains,chrome,Profile 1,jetbrains.com,other,2026-02-12,16,Thursday
2026-02-12 16:29:53.958416,https://www.jetbrains.com/pycharm/download/download-thanks.html,Thank you for downloading PyCharm!,edge,Default,jetbrains.com,other,2026-02-12,16,Thursday
2026-02-12 16:29:53.958416,https://www.jetbrains.com/pycharm/download/download-thanks.html,Thank you for downloading PyCharm!,chrome,Profile 1,jetbrains.com,other,2026-02-12,16,Thursday
2026-02-12 17:38:12.921673,https://www.guvi.in/verify-certificate,Certificate,edge,Default,guvi.in,learning,2026-02-12,17,Thursday
2026-02-12 17:38:12.921673,https://www.guvi.in/verify-certificate,Certificate,chrome,Profile 1,guvi.in,learning,2026-02-12,17,Thursday
2026-02-12 17:38:13.421742,https://www.guvi.in/courses-video/,HCL GUVI | Learn to code in your native language,chrome,Profile 1,guvi.in,learning,2026-02-12,17,Thursday
2026-02-12 17:38:13.421742,https://www.guvi.in/courses-video/,HCL GUVI | Learn to code in your native language,edge,Default,guvi.in,learning,2026-02-12,17,Thursday
2026-02-12 19:13:56.227685,https://docs.google.com/document/d/1vBmhazPOcOaqOCVCa8DhSaP9YBTwSYqAdjo6JKLEOfw/edit,💎Diamond Dynamics: Price Prediction and Market Segmentation - Google Docs,edge,Default,google.com,search,2026-02-12,19,Thursday
2026-02-12 19:13:56.227685,https://docs.google.com/document/d/1vBmhazPOcOaqOCVCa8DhSaP9YBTwSYqAdjo6JKLEOfw/edit,💎Diamond Dynamics: Price Prediction and Market Segmentation - Google Docs,chrome,Profile 1,google.com,search,2026-02-12,19,Thursday
2026-02-13 04:45:24.977482,https://chatgpt.com/g/g-p-698eac6129108191bd93b5b330ffac07/project,ChatGPT - final_diamond,chrome,Profile 1,chatgpt.com,learning,2026-02-13,4,Friday
2026-02-13 04:45:24.977482,https://chatgpt.com/g/g-p-698eac6129108191bd93b5b330ffac07/project,ChatGPT - final_diamond,edge,Default,chatgpt.com,learning,2026-02-13,4,Friday
2026-02-13 04:47:23.414587,https://chatgpt.com/g/g-p-698eac6129108191bd93b5b330ffac07-final-diamond/c/698eacae-e568-8324-aba9-f8e090c4fc42,ChatGPT - final_diamond,chrome,Profile 1,chatgpt.com,learning,2026-02-13,4,Friday
2026-02-13 04:47:23.414587,https://chatgpt.com/g/g-p-698eac6129108191bd93b5b330ffac07-final-diamond/c/698eacae-e568-8324-aba9-f8e090c4fc42,ChatGPT - final_diamond,edge,Default,chatgpt.com,learning,2026-02-13,4,Friday
2026-02-13 06:58:29.468378,https://github.com/Subasangkarisaravanan/Data_Science_Projects/new/main/Diamond,New File at Diamond · Subasangkarisaravanan/Data_Science_Projects,chrome,Profile 1,github.com,learning,2026-02-13,6,Friday
2026-02-13 06:58:29.468378,https://github.com/Subasangkarisaravanan/Data_Science_Projects/new/main/Diamond,New File at Diamond · Subasangkarisaravanan/Data_Science_Projects,edge,Default,github.com,learning,2026-02-13,6,Friday
2026-02-13 06:59:48.320024,https://github.com/Subasangkarisaravanan/Data_Science_Projects/upload/main/Diamond,Upload files · Subasangkarisaravanan/Data_Science_Projects,chrome,Profile 1,github.com,learning,2026-02-13,6,Friday
2026-02-13 06:59:48.320024,https://github.com/Subasangkarisaravanan/Data_Science_Projects/upload/main/Diamond,Upload files · Subasangkarisaravanan/Data_Science_Projects,edge,Default,github.com,learning,2026-02-13,6,Friday
2026-02-13 07:00:05.275660,https://github.com/Subasangkarisaravanan/Data_Science_Projects/upload/main,Upload files · Subasangkarisaravanan/Data_Science_Projects,chrome,Profile 1,github.com,learning,2026-02-13,7,Friday
2026-02-13 07:00:05.275660,https://github.com/Subasangkarisaravanan/Data_Science_Projects/upload/main,Upload files · Subasangkarisaravanan/Data_Science_Projects,edge,Default,github.com,learning,2026-02-13,7,Friday
2026-02-13 07:01:13.849541,https://github.com/Subasangkarisaravanan/Data_Science_Projects/upload/main/Diamond/Diamond_Dynamics/Data,Upload files · Subasangkarisaravanan/Data_Science_Projects,edge,Default,github.com,learning,2026-02-13,7,Friday
2026-02-13 07:01:13.849541,https://github.com/Subasangkarisaravanan/Data_Science_Projects/upload/main/Diamond/Diamond_Dynamics/Data,Upload files · Subasangkarisaravanan/Data_Science_Projects,chrome,Profile 1,github.com,learning,2026-02-13,7,Friday
2026-02-13 07:03:20.972183,https://github.com/Subasangkarisaravanan/Data_Science_Projects/tree/main/Diamond/Diamond_Dynamics/plots,Data_Science_Projects/Diamond/Diamond_Dynamics/plots at main · Subasangkarisaravanan/Data_Science_Projects,edge,Default,github.com,learning,2026-02-13,7,Friday
2026-02-13 07:03:20.972183,https://github.com/Subasangkarisaravanan/Data_Science_Projects/tree/main/Diamond/Diamond_Dynamics/plots,Data_Science_Projects/Diamond/Diamond_Dynamics/plots at main · Subasangkarisaravanan/Data_Science_Projects,chrome,Profile 1,github.com,learning,2026-02-13,7,Friday
2026-02-13 07:03:25.214730,https://github.com/Subasangkarisaravanan/Data_Science_Projects/upload/main/Diamond/Diamond_Dynamics/plots,Upload files · Subasangkarisaravanan/Data_Science_Projects,chrome,Profile 1,github.com,learning,2026-02-13,7,Friday
2026-02-13 07:03:25.214730,https://github.com/Subasangkarisaravanan/Data_Science_Projects/upload/main/Diamond/Diamond_Dynamics/plots,Upload files · Subasangkarisaravanan/Data_Science_Projects,edge,Default,github.com,learning,2026-02-13,7,Friday
2026-02-13 07:04:09.087117,https://github.com/Subasangkarisaravanan/Data_Science_Projects/new/main/Diamond/Diamond_Dynamics,New File at Diamond/Diamond_Dynamics · Subasangkarisaravanan/Data_Science_Projects,edge,Default,github.com,learning,2026-02-13,7,Friday
2026-02-13 07:04:09.087117,https://github.com/Subasangkarisaravanan/Data_Science_Projects/new/main/Diamond/Diamond_Dynamics,New File at Diamond/Diamond_Dynamics · Subasangkarisaravanan/Data_Science_Projects,chrome,Profile 1,github.com,learning,2026-02-13,7,Friday
2026-02-13 07:08:02.822612,https://github.com/Subasangkarisaravanan/Data_Science_Projects/tree/main/Diamond/Diamond_Dynamics/Data,Data_Science_Projects/Diamond/Diamond_Dynamics/Data at main · Subasangkarisaravanan/Data_Science_Projects,chrome,Profile 1,github.com,learning,2026-02-13,7,Friday
2026-02-13 07:08:02.822612,https://github.com/Subasangkarisaravanan/Data_Science_Projects/tree/main/Diamond/Diamond_Dynamics/Data,Data_Science_Projects/Diamond/Diamond_Dynamics/Data at main · Subasangkarisaravanan/Data_Science_Projects,edge,Default,github.com,learning,2026-02-13,7,Friday
2026-02-13 07:08:19.270821,https://github.com/Subasangkarisaravanan/Data_Science_Projects/new/main/Diamond/Diamond_Dynamics/models,New File at Diamond/Diamond_Dynamics/models · Subasangkarisaravanan/Data_Science_Projects,edge,Default,github.com,learning,2026-02-13,7,Friday
2026-02-13 07:08:19.270821,https://github.com/Subasangkarisaravanan/Data_Science_Projects/new/main/Diamond/Diamond_Dynamics/models,New File at Diamond/Diamond_Dynamics/models · Subasangkarisaravanan/Data_Science_Projects,chrome,Profile 1,github.com,learning,2026-02-13,7,Friday
2026-02-13 07:09:04.443807,https://github.com/Subasangkarisaravanan/Data_Science_Projects/upload/main/Diamond/Diamond_Dynamics,Upload files · Subasangkarisaravanan/Data_Science_Projects,edge,Default,github.com,learning,2026-02-13,7,Friday
2026-02-13 07:09:04.443807,https://github.com/Subasangkarisaravanan/Data_Science_Projects/upload/main/Diamond/Diamond_Dynamics,Upload files · Subasangkarisaravanan/Data_Science_Projects,chrome,Profile 1,github.com,learning,2026-02-13,7,Friday
2026-02-13 07:10:29.147703,https://github.com/Subasangkarisaravanan/Data_Science_Projects/tree/main/Diamond/Diamond_Dynamics,Data_Science_Projects/Diamond/Diamond_Dynamics at main · Subasangkarisaravanan/Data_Science_Projects,chrome,Profile 1,github.com,learning,2026-02-13,7,Friday
2026-02-13 07:10:29.147703,https://github.com/Subasangkarisaravanan/Data_Science_Projects/tree/main/Diamond/Diamond_Dynamics,Data_Science_Projects/Diamond/Diamond_Dynamics at main · Subasangkarisaravanan/Data_Science_Projects,edge,Default,github.com,learning,2026-02-13,7,Friday
2026-02-13 07:10:31.582307,https://github.com/Subasangkarisaravanan/Data_Science_Projects/tree/main/Diamond/Diamond_Dynamics/models,Data_Science_Projects/Diamond/Diamond_Dynamics/models at main · Subasangkarisaravanan/Data_Science_Projects,chrome,Profile 1,github.com,learning,2026-02-13,7,Friday
2026-02-13 07:10:31.582307,https://github.com/Subasangkarisaravanan/Data_Science_Projects/tree/main/Diamond/Diamond_Dynamics/models,Data_Science_Projects/Diamond/Diamond_Dynamics/models at main · Subasangkarisaravanan/Data_Science_Projects,edge,Default,github.com,learning,2026-02-13,7,Friday
2026-02-13 07:10:34.207967,https://github.com/Subasangkarisaravanan/Data_Science_Projects/upload/main/Diamond/Diamond_Dynamics/models,Upload files · Subasangkarisaravanan/Data_Science_Projects,chrome,Profile 1,github.com,learning,2026-02-13,7,Friday
2026-02-13 07:10:34.207967,https://github.com/Subasangkarisaravanan/Data_Science_Projects/upload/main/Diamond/Diamond_Dynamics/models,Upload files · Subasangkarisaravanan/Data_Science_Projects,edge,Default,github.com,learning,2026-02-13,7,Friday
2026-02-13 07:10:53.905934,https://github.com/Subasangkarisaravanan/Data_Science_Projects/tree/main/Diamond/models,Data_Science_Projects/Diamond/models at main · Subasangkarisaravanan/Data_Science_Projects,chrome,Profile 1,github.com,learning,2026-02-13,7,Friday
2026-02-13 07:10:53.905934,https://github.com/Subasangkarisaravanan/Data_Science_Projects/tree/main/Diamond/models,Data_Science_Projects/Diamond/models at main · Subasangkarisaravanan/Data_Science_Projects,edge,Default,github.com,learning,2026-02-13,7,Friday
2026-02-13 07:10:59.310632,https://github.com/Subasangkarisaravanan/Data_Science_Projects/tree/main/Diamond/plots,Data_Science_Projects/Diamond/plots at main · Subasangkarisaravanan/Data_Science_Projects,chrome,Profile 1,github.com,learning,2026-02-13,7,Friday
2026-02-13 07:10:59.310632,https://github.com/Subasangkarisaravanan/Data_Science_Projects/tree/main/Diamond/plots,Data_Science_Projects/Diamond/plots at main · Subasangkarisaravanan/Data_Science_Projects,edge,Default,github.com,learning,2026-02-13,7,Friday
2026-02-13 07:11:01.498678,https://github.com/Subasangkarisaravanan/Data_Science_Projects/tree/main/Diamond,Data_Science_Projects/Diamond at main · Subasangkarisaravanan/Data_Science_Projects,edge,Default,github.com,learning,2026-02-13,7,Friday
2026-02-13 07:11:01.498678,https://github.com/Subasangkarisaravanan/Data_Science_Projects/tree/main/Diamond,Data_Science_Projects/Diamond at main · Subasangkarisaravanan/Data_Science_Projects,chrome,Profile 1,github.com,learning,2026-02-13,7,Friday
2026-02-13 07:11:16.487058,https://docs.google.com/document/d/1vBmhazPOcOaqOCVCa8DhSaP9YBTwSYqAdjo6JKLEOfw/edit,💎Diamond Dynamics: Price Prediction and Market Segmentation - Google Docs,edge,Default,google.com,search,2026-02-13,7,Friday
2026-02-13 07:11:16.487058,https://docs.google.com/document/d/1vBmhazPOcOaqOCVCa8DhSaP9YBTwSYqAdjo6JKLEOfw/edit,💎Diamond Dynamics: Price Prediction and Market Segmentation - Google Docs,chrome,Profile 1,google.com,search,2026-02-13,7,Friday
2026-02-13 07:16:42.031971,https://chatgpt.com/g/g-p-698ecb4620148191b1f4194d5a4b19fe/project#pricing,ChatGPT - arieal_object,edge,Default,chatgpt.com,learning,2026-02-13,7,Friday
2026-02-13 07:16:42.031971,https://chatgpt.com/g/g-p-698ecb4620148191b1f4194d5a4b19fe/project#pricing,ChatGPT - arieal_object,chrome,Profile 1,chatgpt.com,learning,2026-02-13,7,Friday
2026-02-13 07:26:26.506703,https://chatgpt.com/g/g-p-698ecb4620148191b1f4194d5a4b19fe/project,ChatGPT - arieal_object,edge,Default,chatgpt.com,learning,2026-02-13,7,Friday
2026-02-13 07:26:26.506703,https://chatgpt.com/g/g-p-698ecb4620148191b1f4194d5a4b19fe/project,ChatGPT - arieal_object,chrome,Profile 1,chatgpt.com,learning,2026-02-13,7,Friday
2026-02-13 10:30:23.489868,https://mail.google.com/mail/,"Inbox (2,046) - ssubasangkari@gmail.com - Gmail",chrome,Profile 1,google.com,search,2026-02-13,10,Friday
2026-02-13 10:30:23.489868,https://mail.google.com/mail/u/0/,"Inbox (2,046) - ssubasangkari@gmail.com - Gmail",chrome,Profile 1,google.com,search,2026-02-13,10,Friday
2026-02-13 10:30:39.407651,https://docs.google.com/document/d/19p27Lpci_Z8u_43CrShr_-eudT0tTrBd9_3Y6yMzUpE/edit,Revision Session- SQL- Tamil - Google Docs,chrome,Profile 1,google.com,search,2026-02-13,10,Friday
2026-02-13 10:30:39.407651,https://docs.google.com/document/d/19p27Lpci_Z8u_43CrShr_-eudT0tTrBd9_3Y6yMzUpE/edit,Revision Session- SQL- Tamil - Google Docs,edge,Default,google.com,search,2026-02-13,10,Friday
2026-02-13 10:30:39.407651,https://www.google.com/url,Revision Session- SQL- Tamil - Google Docs,chrome,Profile 1,google.com,search,2026-02-13,10,Friday
2026-02-13 10:30:57.285629,https://classify.zenclass.in/open-integration,Classify,edge,Default,zenclass.in,learning,2026-02-13,10,Friday
2026-02-13 10:30:57.285629,https://classify.zenclass.in/open-integration,Classify,chrome,Profile 1,zenclass.in,learning,2026-02-13,10,Friday
2026-02-13 10:31:00.031383,https://classify.zenclass.in/meet-dashboard-new,Classify,edge,Default,zenclass.in,learning,2026-02-13,10,Friday
2026-02-13 10:31:00.031383,https://classify.zenclass.in/meet-dashboard-new,Classify,chrome,Profile 1,zenclass.in,learning,2026-02-13,10,Friday
2026-02-13 12:43:21.118366,https://docs.google.com/document/d/1vLOhgeTKLvYzgYEb0AC89lJWeuJbUupUkRpMBaTRKnQ/edit,SQL Frequently Asked Interview Questions - Google Docs,edge,Default,google.com,search,2026-02-13,12,Friday
2026-02-13 12:43:21.118366,https://docs.google.com/document/d/1vLOhgeTKLvYzgYEb0AC89lJWeuJbUupUkRpMBaTRKnQ/edit,SQL Frequently Asked Interview Questions - Google Docs,chrome,Profile 1,google.com,search,2026-02-13,12,Friday
2026-02-13 12:43:21.626123,https://docs.google.com/document/d/1vLOhgeTKLvYzgYEb0AC89lJWeuJbUupUkRpMBaTRKnQ/edit,SQL Frequently Asked Interview Questions - Google Docs,chrome,Profile 1,google.com,search,2026-02-13,12,Friday
2026-02-13 12:43:21.626123,https://docs.google.com/document/d/1vLOhgeTKLvYzgYEb0AC89lJWeuJbUupUkRpMBaTRKnQ/edit,SQL Frequently Asked Interview Questions - Google Docs,edge,Default,google.com,search,2026-02-13,12,Friday
2026-02-13 12:43:22.271282,https://docs.google.com/document/d/1vLOhgeTKLvYzgYEb0AC89lJWeuJbUupUkRpMBaTRKnQ/edit,SQL Frequently Asked Interview Questions - Google Docs,edge,Default,google.com,search,2026-02-13,12,Friday
2026-02-13 12:43:22.271282,https://docs.google.com/document/d/1vLOhgeTKLvYzgYEb0AC89lJWeuJbUupUkRpMBaTRKnQ/edit,SQL Frequently Asked Interview Questions - Google Docs,chrome,Profile 1,google.com,search,2026-02-13,12,Friday
2026-02-13 12:44:49.420461,https://drive.google.com/drive/folders/1eQJlYGv51l4Wk3W2d3_wNrYk6dlYa0E0,SQL_revision - Google Drive,edge,Default,google.com,search,2026-02-13,12,Friday
2026-02-13 12:44:49.420461,https://drive.google.com/drive/folders/1eQJlYGv51l4Wk3W2d3_wNrYk6dlYa0E0,SQL_revision - Google Drive,chrome,Profile 1,google.com,search,2026-02-13,12,Friday
2026-02-13 12:44:50.003413,https://drive.google.com/drive/folders/1eQJlYGv51l4Wk3W2d3_wNrYk6dlYa0E0,SQL_revision - Google Drive,chrome,Profile 1,google.com,search,2026-02-13,12,Friday
2026-02-13 12:44:50.003413,https://drive.google.com/drive/folders/1eQJlYGv51l4Wk3W2d3_wNrYk6dlYa0E0,SQL_revision - Google Drive,edge,Default,google.com,search,2026-02-13,12,Friday
2026-02-13 12:45:14.698002,https://mail.google.com/mail/u/0/,Revision Session: Core Concepts Refresher [SQL]_04:00 pm - 06:30 pm IST[Tamil] - ssubasangkari@gmail.com - Gmail,edge,Default,google.com,search,2026-02-13,12,Friday
2026-02-13 12:45:14.698002,https://mail.google.com/mail/u/0/,Revision Session: Core Concepts Refresher [SQL]_04:00 pm - 06:30 pm IST[Tamil] - ssubasangkari@gmail.com - Gmail,chrome,Profile 1,google.com,search,2026-02-13,12,Friday
2026-02-13 12:45:21.403622,https://mail.google.com/mail/u/0/,"Inbox (2,046) - ssubasangkari@gmail.com - Gmail",chrome,Profile 1,google.com,search,2026-02-13,12,Friday
2026-02-13 12:45:21.403622,https://mail.google.com/mail/u/0/,"Inbox (2,092) - ssubasangkari@gmail.com - Gmail",edge,Default,google.com,search,2026-02-13,12,Friday
2026-02-13 12:45:29.613364,https://mail.google.com/mail/u/0/,Revision Session: Core Concepts Refresher [Data Cleaning with pandas]_04:00 pm - 06:30 pm IST[Tamil] - ssubasangkari@gmail.com - Gmail,edge,Default,google.com,search,2026-02-13,12,Friday
2026-02-13 12:45:29.613364,https://mail.google.com/mail/u/0/,Revision Session: Core Concepts Refresher [Data Cleaning with pandas]_04:00 pm - 06:30 pm IST[Tamil] - ssubasangkari@gmail.com - Gmail,chrome,Profile 1,google.com,search,2026-02-13,12,Friday
2026-02-13 12:57:47.123019,https://docs.google.com/document/d/19p27Lpci_Z8u_43CrShr_-eudT0tTrBd9_3Y6yMzUpE/edit,Revision Session- SQL- Tamil - Google Docs,edge,Default,google.com,search,2026-02-13,12,Friday
2026-02-13 12:57:47.123019,https://docs.google.com/document/d/19p27Lpci_Z8u_43CrShr_-eudT0tTrBd9_3Y6yMzUpE/edit,Revision Session- SQL- Tamil - Google Docs,chrome,Profile 1,google.com,search,2026-02-13,12,Friday
2026-02-13 12:58:13.471510,https://classify.zenclass.in/,Classify,edge,Default,zenclass.in,learning,2026-02-13,12,Friday
2026-02-13 12:58:13.964425,https://classify.zenclass.in/home,Classify,edge,Default,zenclass.in,learning,2026-02-13,12,Friday
2026-02-13 13:28:02.911599,https://drive.google.com/drive/folders/1nn1vqsh8juhafkJcleembrjQ9EqtIoMh,classification_dataset - Google Drive,chrome,Profile 1,google.com,search,2026-02-13,13,Friday
2026-02-13 13:28:02.911599,https://drive.google.com/drive/folders/1nn1vqsh8juhafkJcleembrjQ9EqtIoMh,classification_dataset - Google Drive,edge,Default,google.com,search,2026-02-13,13,Friday
2026-02-13 13:28:12.653254,https://drive.google.com/drive/folders/114wV_igIhWldcG0HftNIZZsivrs8G22p,object_detection_Dataset - Google Drive,edge,Default,google.com,search,2026-02-13,13,Friday
2026-02-13 13:28:12.653254,https://drive.google.com/drive/folders/114wV_igIhWldcG0HftNIZZsivrs8G22p,object_detection_Dataset - Google Drive,chrome,Profile 1,google.com,search,2026-02-13,13,Friday
2026-02-13 13:28:13.486464,https://drive.google.com/drive/folders/114wV_igIhWldcG0HftNIZZsivrs8G22p,object_detection_Dataset - Google Drive,chrome,Profile 1,google.com,search,2026-02-13,13,Friday
2026-02-13 13:28:13.486464,https://drive.google.com/drive/folders/114wV_igIhWldcG0HftNIZZsivrs8G22p,object_detection_Dataset - Google Drive,edge,Default,google.com,search,2026-02-13,13,Friday
2026-02-13 13:30:01.037689,https://drive.google.com/drive/folders/1NJISNyTcwa6AiVQEaLzwh4g_1wbXZADV,bird - Google Drive,chrome,Profile 1,google.com,search,2026-02-13,13,Friday
2026-02-13 13:30:01.037689,https://drive.google.com/drive/folders/1NJISNyTcwa6AiVQEaLzwh4g_1wbXZADV,bird - Google Drive,edge,Default,google.com,search,2026-02-13,13,Friday
2026-02-13 13:30:23.652605,https://drive.google.com/drive/folders/14RZMExVPoAbiMicamAqYj9A31RieHJ0L,test - Google Drive,edge,Default,google.com,search,2026-02-13,13,Friday
2026-02-13 13:30:23.652605,https://drive.google.com/drive/folders/14RZMExVPoAbiMicamAqYj9A31RieHJ0L,test - Google Drive,chrome,Profile 1,google.com,search,2026-02-13,13,Friday
2026-02-13 13:30:25.201419,https://drive.google.com/drive/folders/1nn1vqsh8juhafkJcleembrjQ9EqtIoMh,classification_dataset - Google Drive,edge,Default,google.com,search,2026-02-13,13,Friday
2026-02-13 13:30:25.201419,https://drive.google.com/drive/folders/1nn1vqsh8juhafkJcleembrjQ9EqtIoMh,classification_dataset - Google Drive,chrome,Profile 1,google.com,search,2026-02-13,13,Friday
2026-02-13 13:59:15.083004,https://drive.google.com/drive/folders/1c4R7w0Cz6w66_mtP2gU8NMhCvc3O8hyE,train - Google Drive,edge,Default,google.com,search,2026-02-13,13,Friday
2026-02-13 13:59:15.083004,https://drive.google.com/drive/folders/1c4R7w0Cz6w66_mtP2gU8NMhCvc3O8hyE,train - Google Drive,chrome,Profile 1,google.com,search,2026-02-13,13,Friday
2026-02-13 15:29:51.498863,https://www.google.com/search,canva - Google Search,chrome,Profile 1,google.com,search,2026-02-13,15,Friday
2026-02-13 15:29:51.498863,https://www.google.com/search,canva - Google Search,edge,Default,google.com,search,2026-02-13,15,Friday
2026-02-13 15:29:56.939411,https://www.canva.com/,Templates - Canva,chrome,Profile 1,canva.com,design,2026-02-13,15,Friday
2026-02-13 15:29:56.939411,https://www.canva.com/en_in/login/,Templates - Canva,edge,Default,canva.com,design,2026-02-13,15,Friday
2026-02-13 15:29:56.939411,https://www.canva.com/,Home - Canva,edge,Default,canva.com,design,2026-02-13,15,Friday
2026-02-13 15:29:56.939411,https://www.canva.com/en_in/login/,Templates - Canva,chrome,Profile 1,canva.com,design,2026-02-13,15,Friday
2026-02-13 15:29:57.539137,https://www.canva.com/templates,Templates - Canva,edge,Default,canva.com,design,2026-02-13,15,Friday
2026-02-13 15:29:57.539137,https://www.canva.com/templates,Templates - Canva,chrome,Profile 1,canva.com,design,2026-02-13,15,Friday
2026-02-13 15:30:11.334830,https://www.canva.com/design/DAG-3nu3NAU/er1nB1nkPN2T57CpvieGdQ/edit,Phonics Letters (A–Z - Presentation,chrome,Profile 1,canva.com,design,2026-02-13,15,Friday
2026-02-13 15:43:51.273827,https://www.canva.com/design/DAHA7fexLDU/yjcykkkaEHKX86jcQMmwfw/edit,Conference Research Education Presentation,edge,Default,canva.com,design,2026-02-13,15,Friday
2026-02-13 15:43:51.273827,https://www.canva.com/design/DAHA7fexLDU/yjcykkkaEHKX86jcQMmwfw/edit,Conference Research Education Presentation,chrome,Profile 1,canva.com,design,2026-02-13,15,Friday
2026-02-13 15:44:20.734199,https://www.canva.com/oauth/authorize/GOOGLE,Sign in - Google Accounts,chrome,Profile 1,canva.com,design,2026-02-13,15,Friday
2026-02-13 15:44:20.734199,https://accounts.google.com/o/oauth2/v2/auth,Sign in - Google Accounts,chrome,Profile 1,google.com,search,2026-02-13,15,Friday
2026-02-13 15:44:20.734199,https://accounts.google.com/v3/signin/accountchooser,Sign in - Google Accounts,chrome,Profile 1,google.com,search,2026-02-13,15,Friday
2026-02-13 15:44:20.734199,https://accounts.google.com/v3/signin/accountchooser,Sign in - Google Accounts,edge,Default,google.com,search,2026-02-13,15,Friday
2026-02-13 15:44:26.052901,https://accounts.google.com/v3/signin/challenge/pwd,Welcome,edge,Default,google.com,search,2026-02-13,15,Friday
2026-02-13 15:44:26.052901,https://accounts.google.com/v3/signin/challenge/pwd,Welcome,chrome,Profile 1,google.com,search,2026-02-13,15,Friday
2026-02-13 15:44:27.906203,https://accounts.google.com/v3/signin/challenge/pwd,Welcome,edge,Default,google.com,search,2026-02-13,15,Friday
2026-02-13 15:44:27.906203,https://accounts.google.com/v3/signin/challenge/pwd,Welcome,chrome,Profile 1,google.com,search,2026-02-13,15,Friday
2026-02-13 15:44:40.865200,https://accounts.youtube.com/accounts/SetSID,Redirecting,chrome,Profile 1,youtube.com,entertainment,2026-02-13,15,Friday
2026-02-13 15:44:40.865200,https://accounts.google.co.in/accounts/SetSID,Redirecting,edge,Default,google.co.in,other,2026-02-13,15,Friday
2026-02-13 15:44:40.865200,https://accounts.google.co.in/accounts/SetSID,Redirecting,chrome,Profile 1,google.co.in,other,2026-02-13,15,Friday
2026-02-13 15:44:42.766703,https://accounts.google.com/InteractiveLogin,Sign in - Google Accounts,chrome,Profile 1,google.com,search,2026-02-13,15,Friday
2026-02-13 15:44:42.766703,https://accounts.google.com/signin/oauth/consent,Sign in - Google Accounts,chrome,Profile 1,google.com,search,2026-02-13,15,Friday
2026-02-13 15:44:42.766703,https://accounts.google.com/ServiceLogin,Sign in - Google Accounts,chrome,Profile 1,google.com,search,2026-02-13,15,Friday
2026-02-13 15:44:42.766703,https://accounts.google.com/signin/oauth/id,Sign in - Google Accounts,chrome,Profile 1,google.com,search,2026-02-13,15,Friday
2026-02-13 15:44:42.766703,https://accounts.google.com/signin/oauth/id,Sign in - Google Accounts,edge,Default,google.com,search,2026-02-13,15,Friday
2026-02-13 15:44:46.530422,https://www.canva.com/oauth/authorized/google,Canva,edge,Default,canva.com,design,2026-02-13,15,Friday
2026-02-13 15:44:46.530422,https://www.canva.com/oauth/authorized/google,Canva,chrome,Profile 1,canva.com,design,2026-02-13,15,Friday
2026-02-13 15:44:46.530422,https://accounts.google.com/signin/oauth/consent,Canva,chrome,Profile 1,google.com,search,2026-02-13,15,Friday
2026-02-13 15:44:48.743020,https://www.canva.com/design/DAHA7fexLDU/yjcykkkaEHKX86jcQMmwfw/edit,Conference Research Education Presentation - Presentation,chrome,Profile 1,canva.com,design,2026-02-13,15,Friday
2026-02-13 15:44:48.743020,https://www.canva.com/design/DAHA7fexLDU/yjcykkkaEHKX86jcQMmwfw/edit,Conference Research Education Presentation - Presentation,edge,Default,canva.com,design,2026-02-13,15,Friday
2026-02-13 15:45:15.978037,https://chatgpt.com/c/698f46f6-f77c-8322-bd67-787d22868bf5,Phonetics Exercises for Pronunciation,chrome,Profile 1,chatgpt.com,learning,2026-02-13,15,Friday
2026-02-13 15:45:15.978037,https://chatgpt.com/c/698f46f6-f77c-8322-bd67-787d22868bf5,Phonetics Exercises for Pronunciation,edge,Default,chatgpt.com,learning,2026-02-13,15,Friday
2026-02-13 16:14:37.546809,https://chatgpt.com/c/698f4725-d744-8320-aa8a-0298d77402c1,English Phonetics for Kids,edge,Default,chatgpt.com,learning,2026-02-13,16,Friday
2026-02-13 16:14:37.546809,https://chatgpt.com/c/698f4725-d744-8320-aa8a-0298d77402c1,English Phonetics for Kids,chrome,Profile 1,chatgpt.com,learning,2026-02-13,16,Friday
2026-02-13 16:15:52.703148,https://www.msn.com/en-in,"MSN | Personalized News, Top Headlines, Live Updates and more",edge,Default,msn.com,other,2026-02-13,16,Friday
2026-02-13 16:16:45.836029,https://www.canva.com/projects,Projects - Canva,chrome,Profile 1,canva.com,design,2026-02-13,16,Friday
2026-02-13 17:16:33.676595,https://chatgpt.com/c/698f5c17-b68c-8324-b335-d56754307d12,Vowels in Words,chrome,Profile 1,chatgpt.com,learning,2026-02-13,17,Friday
2026-02-14 06:55:56.774092,https://app.zoom.us/wc/join/86475835254,Zoom,edge,Default,zoom.us,other,2026-02-14,6,Saturday
2026-02-14 06:55:56.774092,https://app.zoom.us/wc/join/86475835254,Zoom,chrome,Profile 1,zoom.us,other,2026-02-14,6,Saturday
2026-02-14 06:55:59.094745,https://app.zoom.us/wc/86475835254/join,Zoom,edge,Default,zoom.us,other,2026-02-14,6,Saturday
2026-02-14 06:55:59.094745,https://app.zoom.us/wc/86475835254/join,Zoom,chrome,Profile 1,zoom.us,other,2026-02-14,6,Saturday
2026-02-14 07:02:27.049307,https://google.zoom.us/client_google_signin,Sign in - Google Accounts,chrome,Profile 1,zoom.us,other,2026-02-14,7,Saturday
2026-02-14 07:02:27.049307,https://accounts.google.com/v3/signin/accountchooser,Sign in - Google Accounts,edge,Default,google.com,search,2026-02-14,7,Saturday
2026-02-14 07:02:27.049307,https://accounts.google.com/v3/signin/accountchooser,Sign in - Google Accounts,chrome,Profile 1,google.com,search,2026-02-14,7,Saturday
2026-02-14 07:02:27.049307,https://accounts.google.com/o/oauth2/v2/auth,Sign in - Google Accounts,chrome,Profile 1,google.com,search,2026-02-14,7,Saturday
2026-02-14 07:02:29.464806,https://accounts.google.com/v3/signin/identifier,Sign in to continue to Zoom,edge,Default,google.com,search,2026-02-14,7,Saturday
2026-02-14 07:02:29.464806,https://accounts.google.com/v3/signin/identifier,Sign in to continue to Zoom,chrome,Profile 1,google.com,search,2026-02-14,7,Saturday
2026-02-14 07:02:59.206357,https://accounts.google.com/v3/signin/challenge/pwd,Welcome,edge,Default,google.com,search,2026-02-14,7,Saturday
2026-02-14 07:02:59.206357,https://accounts.google.com/v3/signin/challenge/pwd,Welcome,chrome,Profile 1,google.com,search,2026-02-14,7,Saturday
2026-02-14 07:03:12.426984,https://accounts.youtube.com/accounts/SetSID,Redirecting,chrome,Profile 1,youtube.com,entertainment,2026-02-14,7,Saturday
2026-02-14 07:03:12.426984,https://accounts.google.co.in/accounts/SetSID,Redirecting,chrome,Profile 1,google.co.in,other,2026-02-14,7,Saturday
2026-02-14 07:03:12.426984,https://accounts.google.co.in/accounts/SetSID,Redirecting,edge,Default,google.co.in,other,2026-02-14,7,Saturday
2026-02-14 07:03:12.462923,https://accounts.google.co.in/accounts/SetSID,Sign in - Google Accounts,chrome,Profile 1,google.co.in,other,2026-02-14,7,Saturday
2026-02-14 07:03:14.084071,https://accounts.google.com/signin/oauth/id,Sign in – Google accounts,chrome,Profile 1,google.com,search,2026-02-14,7,Saturday
2026-02-14 07:03:14.084071,https://accounts.google.com/signin/oauth/consent,Sign in – Google accounts,chrome,Profile 1,google.com,search,2026-02-14,7,Saturday
2026-02-14 07:03:14.084071,https://accounts.google.com/InteractiveLogin,Sign in – Google accounts,chrome,Profile 1,google.com,search,2026-02-14,7,Saturday
2026-02-14 07:03:14.084071,https://accounts.google.com/ServiceLogin,Sign in – Google accounts,chrome,Profile 1,google.com,search,2026-02-14,7,Saturday
2026-02-14 07:03:14.084071,https://accounts.google.com/signin/oauth/id,Sign in – Google accounts,edge,Default,google.com,search,2026-02-14,7,Saturday
2026-02-14 07:03:23.052988,https://us05web.zoom.us/signin/term,Agree to the Terms of Service - Zoom,edge,Default,zoom.us,other,2026-02-14,7,Saturday
2026-02-14 07:03:23.052988,https://us05web.zoom.us/signin/term,Agree to the Terms of Service - Zoom,chrome,Profile 1,zoom.us,other,2026-02-14,7,Saturday
2026-02-14 07:03:23.052988,https://google.zoom.us/google/oauth/client_login,Agree to the Terms of Service - Zoom,chrome,Profile 1,zoom.us,other,2026-02-14,7,Saturday
2026-02-14 07:03:23.052988,https://zoom.us/google/oauth,Agree to the Terms of Service - Zoom,chrome,Profile 1,zoom.us,other,2026-02-14,7,Saturday
2026-02-14 07:03:23.052988,https://accounts.google.com/signin/oauth/consent,Agree to the Terms of Service - Zoom,chrome,Profile 1,google.com,search,2026-02-14,7,Saturday
2026-02-14 07:03:33.145073,https://us05web.zoom.us/signin/term,Agree to the Terms of Service - Zoom,edge,Default,zoom.us,other,2026-02-14,7,Saturday
2026-02-14 07:03:33.145073,https://us05web.zoom.us/signin/term,Agree to the Terms of Service - Zoom,chrome,Profile 1,zoom.us,other,2026-02-14,7,Saturday
2026-02-14 07:03:50.592898,https://us05web.zoom.us/signin/term,Agree to the Terms of Service - Zoom,edge,Default,zoom.us,other,2026-02-14,7,Saturday
2026-02-14 07:03:50.592898,https://us05web.zoom.us/signin/term,Agree to the Terms of Service - Zoom,chrome,Profile 1,zoom.us,other,2026-02-14,7,Saturday
2026-02-14 07:03:50.627408,https://us05web.zoom.us/signin/term,Agree to the Terms of Service - Zoom,chrome,Profile 1,zoom.us,other,2026-02-14,7,Saturday
2026-02-14 07:03:50.627408,https://us05web.zoom.us/signin/term,Agree to the Terms of Service - Zoom,edge,Default,zoom.us,other,2026-02-14,7,Saturday
2026-02-14 07:04:01.791185,https://us05web.zoom.us/signin/success/launch,Welcome to Zoom - Zoom,chrome,Profile 1,zoom.us,other,2026-02-14,7,Saturday
2026-02-14 07:04:01.791185,https://us05web.zoom.us/signin/success/launch,Welcome to Zoom - Zoom,edge,Default,zoom.us,other,2026-02-14,7,Saturday
2026-02-14 07:04:03.220997,https://us05web.zoom.us/signin/success/launch,Welcome to Zoom - Zoom,edge,Default,zoom.us,other,2026-02-14,7,Saturday
2026-02-14 07:04:03.220997,https://us05web.zoom.us/signin/success/launch,Welcome to Zoom - Zoom,chrome,Profile 1,zoom.us,other,2026-02-14,7,Saturday
2026-02-14 07:04:03.684285,https://us05web.zoom.us/signin/success/launch,Welcome to Zoom - Zoom,chrome,Profile 1,zoom.us,other,2026-02-14,7,Saturday
2026-02-14 07:04:03.684285,https://us05web.zoom.us/signin/success/launch,Welcome to Zoom - Zoom,edge,Default,zoom.us,other,2026-02-14,7,Saturday
2026-02-14 07:09:43.058817,https://us06web.zoom.us/postattendee,Post Attendee - Zoom,chrome,Profile 1,zoom.us,other,2026-02-14,7,Saturday
2026-02-14 07:09:43.058817,https://us06web.zoom.us/postattendee,Post Attendee - Zoom,edge,Default,zoom.us,other,2026-02-14,7,Saturday
2026-02-14 07:25:43.922228,https://us06web.zoom.us/wc/join/86475835254,Zoom,chrome,Profile 1,zoom.us,other,2026-02-14,7,Saturday
2026-02-14 07:25:43.922228,https://app.zoom.us/wc/join/86475835254,Zoom,chrome,Profile 1,zoom.us,other,2026-02-14,7,Saturday
2026-02-14 07:25:43.922228,https://app.zoom.us/wc/join/86475835254,Zoom,edge,Default,zoom.us,other,2026-02-14,7,Saturday
2026-02-14 07:25:50.681202,https://us06web.zoom.us/j/86475835254,Join from Zoom Workplace app - Zoom,chrome,Profile 1,zoom.us,other,2026-02-14,7,Saturday
2026-02-14 07:25:50.681202,https://us06web.zoom.us/j/86475835254,Join from Zoom Workplace app - Zoom,edge,Default,zoom.us,other,2026-02-14,7,Saturday
2026-02-14 07:25:52.129280,https://us06web.zoom.us/j/86475835254,Join from Zoom Workplace app - Zoom,chrome,Profile 1,zoom.us,other,2026-02-14,7,Saturday
2026-02-14 07:25:52.129280,https://us06web.zoom.us/j/86475835254,Join from Zoom Workplace app - Zoom,edge,Default,zoom.us,other,2026-02-14,7,Saturday
2026-02-14 07:30:52.055763,https://us06web.zoom.us/postattendee,Post Attendee - Zoom,chrome,Profile 1,zoom.us,other,2026-02-14,7,Saturday
2026-02-14 07:30:52.055763,https://us06web.zoom.us/postattendee,Post Attendee - Zoom,edge,Default,zoom.us,other,2026-02-14,7,Saturday
2026-02-14 16:44:17.084321,https://www.google.com/search,shatabdi express chennai to coimbatore food menu - Google Search,chrome,Profile 1,google.com,search,2026-02-14,16,Saturday
2026-02-15 05:19:01.042079,https://www.google.com/search,train running status - Google Search,chrome,Profile 1,google.com,search,2026-02-15,5,Sunday
2026-02-15 05:19:04.859811,https://www.google.com/amp/s/www.confirmtkt.com/train-running-status,Train Running Status | Where is My Train | Live Train Status,chrome,Profile 1,google.com,search,2026-02-15,5,Sunday
2026-02-15 05:52:15.810013,https://www.confirmtkt.com/train-running-status-input,Train running status | Live train status | Spot your train,chrome,Profile 1,confirmtkt.com,other,2026-02-15,5,Sunday
2026-02-15 05:53:58.718374,https://www.confirmtkt.com/train-running-status/12243,,chrome,Profile 1,confirmtkt.com,other,2026-02-15,5,Sunday
2026-02-15 13:50:30.156298,https://www.guvi.in/courses/,HCL GUVI | courses,chrome,Profile 1,guvi.in,learning,2026-02-15,13,Sunday
2026-02-15 13:59:20.128374,https://test.hyrenet.in/onto-it-thy,HyreNet,chrome,Profile 1,hyrenet.in,technology,2026-02-15,13,Sunday
2026-02-15 13:59:20.128374,https://www.google.com/url,HyreNet,chrome,Profile 1,google.com,search,2026-02-15,13,Sunday
2026-02-15 14:00:56.922215,https://test.hyrenet.in/onto-it-thy/login,HyreNet,chrome,Profile 1,hyrenet.in,technology,2026-02-15,14,Sunday
2026-02-15 14:01:16.789192,https://test.hyrenet.in/onto-it-thy/details,HyreNet,chrome,Profile 1,hyrenet.in,technology,2026-02-15,14,Sunday
2026-02-15 14:01:29.821726,https://test.hyrenet.in/onto-it-thy/testDescription/mcq,HyreNet,chrome,Profile 1,hyrenet.in,technology,2026-02-15,14,Sunday
2026-02-15 14:14:15.765351,https://test.hyrenet.in/onto-it-thy/mcq,HyreNet,chrome,Profile 1,hyrenet.in,technology,2026-02-15,14,Sunday
2026-02-16 03:31:43.748418,https://classify.zenclass.in/integration,Classify,chrome,Profile 1,zenclass.in,learning,2026-02-16,3,Monday
2026-02-16 05:56:38.181489,https://www.google.com/url,Classify,chrome,Profile 1,google.com,search,2026-02-16,5,Monday
2026-02-16 05:56:42.995047,https://classify.zenclass.in/meet-dashboard-new,Classify,chrome,Profile 1,zenclass.in,learning,2026-02-16,5,Monday
2026-02-18 16:09:37.945441,https://onedrive.live.com/personal/93c09b05740e9241/_layouts/15/Doc.aspx,3B Percentage details.xlsx,chrome,Profile 1,live.com,other,2026-02-18,16,Wednesday
2026-02-18 16:09:38.281539,https://onedrive.live.com/:x:/g/personal/93c09b05740e9241/IQCnZn4OvWTIQJnOROG-OU8CAZ6gfpAWzzmRNNV0GJRfwMc,3B Percentage details.xlsx,chrome,Profile 1,live.com,other,2026-02-18,16,Wednesday
2026-02-18 16:39:33.324297,https://onedrive.live.com/:x:/g/personal/93C09B05740E9241/IQCnZn4OvWTIQJnOROG-OU8CAZ6gfpAWzzmRNNV0GJRfwMc,3B Percentage details.xlsx,chrome,Profile 1,live.com,other,2026-02-18,16,Wednesday
2026-02-18 16:39:33.324297,https://1drv.ms/x/c/93c09b05740e9241/IQCnZn4OvWTIQJnOROG-OU8CAZ6gfpAWzzmRNNV0GJRfwMc,3B Percentage details.xlsx,chrome,Profile 1,1drv.ms,other,2026-02-18,16,Wednesday
2026-02-18 16:39:33.483628,https://onedrive.live.com/:x:/g/personal/93C09B05740E9241/IQCnZn4OvWTIQJnOROG-OU8CAZ6gfpAWzzmRNNV0GJRfwMc,3B Percentage details.xlsx,chrome,Profile 1,live.com,other,2026-02-18,16,Wednesday
2026-02-19 02:17:30.290460,https://one.google.com/storage,Google One Storage,chrome,Profile 1,google.com,search,2026-02-19,2,Thursday
2026-02-19 02:17:30.290460,https://one.google.com/storage/whatsapp,Google One Storage,chrome,Profile 1,google.com,search,2026-02-19,2,Thursday
2026-02-19 02:18:11.725557,https://one.google.com/storage/management/drive/large,Google One Storage Management,chrome,Profile 1,google.com,search,2026-02-19,2,Thursday
2026-02-19 02:20:11.692143,https://one.google.com/storage,Google One Storage,chrome,Profile 1,google.com,search,2026-02-19,2,Thursday
2026-02-19 02:24:01.440945,https://one.google.com/storage/management/gmail/trash,Google One Storage Management,chrome,Profile 1,google.com,search,2026-02-19,2,Thursday
2026-02-19 02:24:16.375339,https://one.google.com/storage/management/gmail/spam,Google One Storage Management,chrome,Profile 1,google.com,search,2026-02-19,2,Thursday
2026-02-19 02:24:25.117599,https://one.google.com/storage/management/gmail/large,Google One Storage Management,chrome,Profile 1,google.com,search,2026-02-19,2,Thursday
2026-02-19 02:24:37.724089,https://one.google.com/storage/management/drive,Google One Storage Management,chrome,Profile 1,google.com,search,2026-02-19,2,Thursday
2026-02-19 02:24:40.704477,https://one.google.com/storage/management/drive/trash,Google One Storage Management,chrome,Profile 1,google.com,search,2026-02-19,2,Thursday
2026-02-19 02:24:43.441623,https://one.google.com/storage/management,Google One Storage Management,chrome,Profile 1,google.com,search,2026-02-19,2,Thursday
2026-02-19 02:24:56.012235,https://one.google.com/storage/management/photos,Google One Storage Management,chrome,Profile 1,google.com,search,2026-02-19,2,Thursday
2026-02-19 02:24:58.875890,https://one.google.com/storage/management/photos/unsupported,Google One Storage Management,chrome,Profile 1,google.com,search,2026-02-19,2,Thursday
2026-02-19 02:25:01.098446,https://one.google.com/storage/management/photos/large,Google One Storage Management,chrome,Profile 1,google.com,search,2026-02-19,2,Thursday
2026-02-19 03:30:15.266873,https://classify.zenclass.in/integration,Classify,chrome,Profile 1,zenclass.in,learning,2026-02-19,3,Thursday
2026-02-19 03:30:36.148030,https://classify.zenclass.in/meet-dashboard-new,Classify,chrome,Profile 1,zenclass.in,learning,2026-02-19,3,Thursday
2026-02-19 14:02:19.136503,https://drive.google.com/drive/folders/1E0dK0un0UQYMIBQonLv8GFtsYWcxn_YN,FUNDAMENTALS OF BIOMEDICAL - Google Drive,chrome,Profile 1,google.com,search,2026-02-19,14,Thursday
2026-02-19 14:02:28.285848,https://drive.google.com/drive/folders/1E0dK0un0UQYMIBQonLv8GFtsYWcxn_YN,FUNDAMENTALS OF BIOMEDICAL - Google Drive,chrome,Profile 1,google.com,search,2026-02-19,14,Thursday
2026-02-19 14:02:40.448509,https://accounts.google.com/v3/signin/identifier,Google Drive,chrome,Profile 1,google.com,search,2026-02-19,14,Thursday
2026-02-19 14:02:40.448509,https://accounts.google.com/AddSession,Google Drive,chrome,Profile 1,google.com,search,2026-02-19,14,Thursday
2026-02-19 14:03:02.011438,https://accounts.google.com/v3/signin/challenge/pwd,Welcome,chrome,Profile 1,google.com,search,2026-02-19,14,Thursday
2026-02-19 14:03:19.147242,https://accounts.google.co.in/accounts/SetSID,FUNDAMENTALS OF BIOMEDICAL - Google Drive,chrome,Profile 1,google.co.in,other,2026-02-19,14,Thursday
2026-02-19 14:03:19.147242,https://drive.google.com/drive/folders/1E0dK0un0UQYMIBQonLv8GFtsYWcxn_YN,FUNDAMENTALS OF BIOMEDICAL - Google Drive,chrome,Profile 1,google.com,search,2026-02-19,14,Thursday
2026-02-19 14:03:19.147242,https://accounts.google.com/ServiceLogin,FUNDAMENTALS OF BIOMEDICAL - Google Drive,chrome,Profile 1,google.com,search,2026-02-19,14,Thursday
2026-02-19 14:03:19.147242,https://accounts.youtube.com/accounts/SetSID,FUNDAMENTALS OF BIOMEDICAL - Google Drive,chrome,Profile 1,youtube.com,entertainment,2026-02-19,14,Thursday
2026-02-19 14:03:19.147242,https://drive.google.com/drive/u/3/folders/1E0dK0un0UQYMIBQonLv8GFtsYWcxn_YN,FUNDAMENTALS OF BIOMEDICAL - Google Drive,chrome,Profile 1,google.com,search,2026-02-19,14,Thursday
2026-02-19 14:03:19.147242,https://drive.google.com/accounts/SetOSID,FUNDAMENTALS OF BIOMEDICAL - Google Drive,chrome,Profile 1,google.com,search,2026-02-19,14,Thursday
2026-02-19 14:03:20.067461,https://drive.google.com/drive/u/3/folders/1E0dK0un0UQYMIBQonLv8GFtsYWcxn_YN,FUNDAMENTALS OF BIOMEDICAL - Google Drive,chrome,Profile 1,google.com,search,2026-02-19,14,Thursday
2026-02-19 14:03:20.131293,https://drive.google.com/drive/u/3/folders/1E0dK0un0UQYMIBQonLv8GFtsYWcxn_YN,FUNDAMENTALS OF BIOMEDICAL - Google Drive,chrome,Profile 1,google.com,search,2026-02-19,14,Thursday
2026-02-19 14:03:26.721226,https://drive.google.com/drive/u/3/folders/1pnC7D5gwguBRRfdgHn0IjdAtSJbQ6YEk,PPT - Google Drive,chrome,Profile 1,google.com,search,2026-02-19,14,Thursday
2026-02-19 14:03:33.126853,https://drive.google.com/drive/u/3/folders/1dXpTfH2YMWnJ8CiLDWxCSSqYJprKtdIB,UNIT-2 - Google Drive,chrome,Profile 1,google.com,search,2026-02-19,14,Thursday
2026-02-19 14:03:47.883677,https://docs.google.com/presentation/d/10persPGL7nuGG3Vk0x3J2VM-OAFPbLCp/edit,S-2 ECG LEADS.pptx - Google Slides,chrome,Profile 1,google.com,search,2026-02-19,14,Thursday
2026-02-19 14:03:48.807027,https://docs.google.com/presentation/d/10persPGL7nuGG3Vk0x3J2VM-OAFPbLCp/edit,S-2 ECG LEADS.pptx - Google Slides,chrome,Profile 1,google.com,search,2026-02-19,14,Thursday
2026-02-19 14:03:49.927921,https://docs.google.com/presentation/d/10persPGL7nuGG3Vk0x3J2VM-OAFPbLCp/edit,S-2 ECG LEADS.pptx - Google Slides,chrome,Profile 1,google.com,search,2026-02-19,14,Thursday
2026-02-19 14:03:50.228715,https://docs.google.com/presentation/d/10persPGL7nuGG3Vk0x3J2VM-OAFPbLCp/edit,S-2 ECG LEADS.pptx - Google Slides,chrome,Profile 1,google.com,search,2026-02-19,14,Thursday
2026-02-19 14:03:53.285856,https://docs.google.com/presentation/d/10persPGL7nuGG3Vk0x3J2VM-OAFPbLCp/edit,S-2 ECG LEADS.pptx - Google Slides,chrome,Profile 1,google.com,search,2026-02-19,14,Thursday
2026-02-19 14:03:54.018229,https://docs.google.com/presentation/d/10persPGL7nuGG3Vk0x3J2VM-OAFPbLCp/edit,S-2 ECG LEADS.pptx - Google Slides,chrome,Profile 1,google.com,search,2026-02-19,14,Thursday
2026-02-19 14:03:54.718202,https://docs.google.com/presentation/d/10persPGL7nuGG3Vk0x3J2VM-OAFPbLCp/edit,S-2 ECG LEADS.pptx - Google Slides,chrome,Profile 1,google.com,search,2026-02-19,14,Thursday
2026-02-19 14:03:55.388534,https://docs.google.com/presentation/d/10persPGL7nuGG3Vk0x3J2VM-OAFPbLCp/edit,S-2 ECG LEADS.pptx - Google Slides,chrome,Profile 1,google.com,search,2026-02-19,14,Thursday
2026-02-19 14:03:56.003178,https://docs.google.com/presentation/d/10persPGL7nuGG3Vk0x3J2VM-OAFPbLCp/edit,S-2 ECG LEADS.pptx - Google Slides,chrome,Profile 1,google.com,search,2026-02-19,14,Thursday
2026-02-19 14:03:56.646930,https://docs.google.com/presentation/d/10persPGL7nuGG3Vk0x3J2VM-OAFPbLCp/edit,S-2 ECG LEADS.pptx - Google Slides,chrome,Profile 1,google.com,search,2026-02-19,14,Thursday
2026-02-19 14:03:57.452469,https://docs.google.com/presentation/d/10persPGL7nuGG3Vk0x3J2VM-OAFPbLCp/edit,S-2 ECG LEADS.pptx - Google Slides,chrome,Profile 1,google.com,search,2026-02-19,14,Thursday
2026-02-19 14:03:58.144736,https://docs.google.com/presentation/d/10persPGL7nuGG3Vk0x3J2VM-OAFPbLCp/edit,S-2 ECG LEADS.pptx - Google Slides,chrome,Profile 1,google.com,search,2026-02-19,14,Thursday
2026-02-19 14:03:58.705349,https://docs.google.com/presentation/d/10persPGL7nuGG3Vk0x3J2VM-OAFPbLCp/edit,S-2 ECG LEADS.pptx - Google Slides,chrome,Profile 1,google.com,search,2026-02-19,14,Thursday
2026-02-19 14:03:59.785828,https://docs.google.com/presentation/d/10persPGL7nuGG3Vk0x3J2VM-OAFPbLCp/edit,S-2 ECG LEADS.pptx - Google Slides,chrome,Profile 1,google.com,search,2026-02-19,14,Thursday
2026-02-19 14:04:33.443575,https://docs.google.com/presentation/d/10persPGL7nuGG3Vk0x3J2VM-OAFPbLCp/edit,S-2 ECG LEADS.pptx - Google Slides,chrome,Profile 1,google.com,search,2026-02-19,14,Thursday
2026-02-19 14:04:34.879419,https://docs.google.com/presentation/d/10persPGL7nuGG3Vk0x3J2VM-OAFPbLCp/edit,S-2 ECG LEADS.pptx - Google Slides,chrome,Profile 1,google.com,search,2026-02-19,14,Thursday
2026-02-19 14:04:35.324814,https://docs.google.com/presentation/d/10persPGL7nuGG3Vk0x3J2VM-OAFPbLCp/edit,S-2 ECG LEADS.pptx - Google Slides,chrome,Profile 1,google.com,search,2026-02-19,14,Thursday
2026-02-19 14:04:36.123871,https://docs.google.com/presentation/d/10persPGL7nuGG3Vk0x3J2VM-OAFPbLCp/edit,S-2 ECG LEADS.pptx - Google Slides,chrome,Profile 1,google.com,search,2026-02-19,14,Thursday
2026-02-19 14:04:36.496529,https://docs.google.com/presentation/d/10persPGL7nuGG3Vk0x3J2VM-OAFPbLCp/edit,S-2 ECG LEADS.pptx - Google Slides,chrome,Profile 1,google.com,search,2026-02-19,14,Thursday
2026-02-19 14:04:37.094449,https://docs.google.com/presentation/d/10persPGL7nuGG3Vk0x3J2VM-OAFPbLCp/edit,S-2 ECG LEADS.pptx - Google Slides,chrome,Profile 1,google.com,search,2026-02-19,14,Thursday
2026-02-19 14:04:37.448347,https://docs.google.com/presentation/d/10persPGL7nuGG3Vk0x3J2VM-OAFPbLCp/edit,S-2 ECG LEADS.pptx - Google Slides,chrome,Profile 1,google.com,search,2026-02-19,14,Thursday
2026-02-19 14:04:37.786941,https://docs.google.com/presentation/d/10persPGL7nuGG3Vk0x3J2VM-OAFPbLCp/edit,S-2 ECG LEADS.pptx - Google Slides,chrome,Profile 1,google.com,search,2026-02-19,14,Thursday
2026-02-19 14:04:38.252579,https://docs.google.com/presentation/d/10persPGL7nuGG3Vk0x3J2VM-OAFPbLCp/edit,S-2 ECG LEADS.pptx - Google Slides,chrome,Profile 1,google.com,search,2026-02-19,14,Thursday
2026-02-19 14:04:38.789635,https://docs.google.com/presentation/d/10persPGL7nuGG3Vk0x3J2VM-OAFPbLCp/edit,S-2 ECG LEADS.pptx - Google Slides,chrome,Profile 1,google.com,search,2026-02-19,14,Thursday
2026-02-19 14:04:39.203335,https://docs.google.com/presentation/d/10persPGL7nuGG3Vk0x3J2VM-OAFPbLCp/edit,S-2 ECG LEADS.pptx - Google Slides,chrome,Profile 1,google.com,search,2026-02-19,14,Thursday
2026-02-19 14:04:39.695512,https://docs.google.com/presentation/d/10persPGL7nuGG3Vk0x3J2VM-OAFPbLCp/edit,S-2 ECG LEADS.pptx - Google Slides,chrome,Profile 1,google.com,search,2026-02-19,14,Thursday
2026-02-19 14:04:40.146422,https://docs.google.com/presentation/d/10persPGL7nuGG3Vk0x3J2VM-OAFPbLCp/edit,S-2 ECG LEADS.pptx - Google Slides,chrome,Profile 1,google.com,search,2026-02-19,14,Thursday
2026-02-19 14:04:40.805838,https://docs.google.com/presentation/d/10persPGL7nuGG3Vk0x3J2VM-OAFPbLCp/edit,S-2 ECG LEADS.pptx - Google Slides,chrome,Profile 1,google.com,search,2026-02-19,14,Thursday
2026-02-19 14:04:41.265230,https://docs.google.com/presentation/d/10persPGL7nuGG3Vk0x3J2VM-OAFPbLCp/edit,S-2 ECG LEADS.pptx - Google Slides,chrome,Profile 1,google.com,search,2026-02-19,14,Thursday
2026-02-19 14:04:41.667902,https://docs.google.com/presentation/d/10persPGL7nuGG3Vk0x3J2VM-OAFPbLCp/edit,S-2 ECG LEADS.pptx - Google Slides,chrome,Profile 1,google.com,search,2026-02-19,14,Thursday
2026-02-19 14:04:42.568339,https://docs.google.com/presentation/d/10persPGL7nuGG3Vk0x3J2VM-OAFPbLCp/edit,S-2 ECG LEADS.pptx - Google Slides,chrome,Profile 1,google.com,search,2026-02-19,14,Thursday
2026-02-19 14:04:45.550480,https://docs.google.com/presentation/d/10persPGL7nuGG3Vk0x3J2VM-OAFPbLCp/edit,S-2 ECG LEADS.pptx - Google Slides,chrome,Profile 1,google.com,search,2026-02-19,14,Thursday
2026-02-19 14:04:46.427337,https://docs.google.com/presentation/d/10persPGL7nuGG3Vk0x3J2VM-OAFPbLCp/edit,S-2 ECG LEADS.pptx - Google Slides,chrome,Profile 1,google.com,search,2026-02-19,14,Thursday
2026-02-19 14:04:46.995506,https://docs.google.com/presentation/d/10persPGL7nuGG3Vk0x3J2VM-OAFPbLCp/edit,S-2 ECG LEADS.pptx - Google Slides,chrome,Profile 1,google.com,search,2026-02-19,14,Thursday
2026-02-19 14:04:48.181712,https://docs.google.com/presentation/d/10persPGL7nuGG3Vk0x3J2VM-OAFPbLCp/edit,S-2 ECG LEADS.pptx - Google Slides,chrome,Profile 1,google.com,search,2026-02-19,14,Thursday
2026-02-19 14:04:48.864724,https://docs.google.com/presentation/d/10persPGL7nuGG3Vk0x3J2VM-OAFPbLCp/edit,S-2 ECG LEADS.pptx - Google Slides,chrome,Profile 1,google.com,search,2026-02-19,14,Thursday
2026-02-19 14:07:03.849908,https://docs.google.com/presentation/d/1qDYpgAhwM0hiHuI3CxAq9xt-30LJ73XU/edit,S-3 EFFECTS OF ECG ARITIFACT [Autosaved].pptx - Google Slides,chrome,Profile 1,google.com,search,2026-02-19,14,Thursday
2026-02-19 14:07:04.557612,https://docs.google.com/presentation/d/1qDYpgAhwM0hiHuI3CxAq9xt-30LJ73XU/edit,S-3 EFFECTS OF ECG ARITIFACT [Autosaved].pptx - Google Slides,chrome,Profile 1,google.com,search,2026-02-19,14,Thursday
2026-02-19 14:07:05.589638,https://docs.google.com/presentation/d/1qDYpgAhwM0hiHuI3CxAq9xt-30LJ73XU/edit,S-3 EFFECTS OF ECG ARITIFACT [Autosaved].pptx - Google Slides,chrome,Profile 1,google.com,search,2026-02-19,14,Thursday
2026-02-19 14:07:22.718684,https://docs.google.com/presentation/d/1QTUyEakkxXG0PbuWvga8Vtc8sOXzx3Gx/edit,Loading Google Slides,chrome,Profile 1,google.com,search,2026-02-19,14,Thursday
2026-02-19 14:07:44.972564,https://docs.google.com/presentation/d/1qDYpgAhwM0hiHuI3CxAq9xt-30LJ73XU/edit,S-3 EFFECTS OF ECG ARITIFACT [Autosaved].pptx - Google Slides,chrome,Profile 1,google.com,search,2026-02-19,14,Thursday
2026-02-19 14:07:46.002608,https://docs.google.com/presentation/d/1qDYpgAhwM0hiHuI3CxAq9xt-30LJ73XU/edit,S-3 EFFECTS OF ECG ARITIFACT [Autosaved].pptx - Google Slides,chrome,Profile 1,google.com,search,2026-02-19,14,Thursday
2026-02-19 14:08:10.263734,https://docs.google.com/presentation/d/1qDYpgAhwM0hiHuI3CxAq9xt-30LJ73XU/edit,S-3 EFFECTS OF ECG ARITIFACT [Autosaved].pptx - Google Slides,chrome,Profile 1,google.com,search,2026-02-19,14,Thursday
2026-02-19 14:08:37.531266,https://docs.google.com/presentation/d/1qDYpgAhwM0hiHuI3CxAq9xt-30LJ73XU/edit,S-3 EFFECTS OF ECG ARITIFACT [Autosaved].pptx - Google Slides,chrome,Profile 1,google.com,search,2026-02-19,14,Thursday
2026-02-19 14:12:22.579513,https://docs.google.com/presentation/d/1qDYpgAhwM0hiHuI3CxAq9xt-30LJ73XU/edit,S-3 EFFECTS OF ECG ARITIFACT [Autosaved].pptx - Google Slides,chrome,Profile 1,google.com,search,2026-02-19,14,Thursday
2026-02-19 15:48:04.462844,https://docs.google.com/presentation/d/1qDYpgAhwM0hiHuI3CxAq9xt-30LJ73XU/edit,S-3 EFFECTS OF ECG ARITIFACT [Autosaved].pptx - Google Slides,chrome,Profile 1,google.com,search,2026-02-19,15,Thursday
2026-02-19 15:55:32.837771,https://docs.google.com/presentation/d/1qDYpgAhwM0hiHuI3CxAq9xt-30LJ73XU/edit,S-3 EFFECTS OF ECG ARITIFACT [Autosaved].pptx - Google Slides,chrome,Profile 1,google.com,search,2026-02-19,15,Thursday
2026-02-19 15:55:33.138941,https://docs.google.com/presentation/d/1qDYpgAhwM0hiHuI3CxAq9xt-30LJ73XU/edit,S-3 EFFECTS OF ECG ARITIFACT [Autosaved].pptx - Google Slides,chrome,Profile 1,google.com,search,2026-02-19,15,Thursday
2026-02-19 15:55:33.401207,https://docs.google.com/presentation/d/1qDYpgAhwM0hiHuI3CxAq9xt-30LJ73XU/edit,S-3 EFFECTS OF ECG ARITIFACT [Autosaved].pptx - Google Slides,chrome,Profile 1,google.com,search,2026-02-19,15,Thursday
2026-02-19 15:55:33.586994,https://docs.google.com/presentation/d/1qDYpgAhwM0hiHuI3CxAq9xt-30LJ73XU/edit,S-3 EFFECTS OF ECG ARITIFACT [Autosaved].pptx - Google Slides,chrome,Profile 1,google.com,search,2026-02-19,15,Thursday
2026-02-19 15:55:33.835801,https://docs.google.com/presentation/d/1qDYpgAhwM0hiHuI3CxAq9xt-30LJ73XU/edit,S-3 EFFECTS OF ECG ARITIFACT [Autosaved].pptx - Google Slides,chrome,Profile 1,google.com,search,2026-02-19,15,Thursday
2026-02-19 15:55:34.066109,https://docs.google.com/presentation/d/1qDYpgAhwM0hiHuI3CxAq9xt-30LJ73XU/edit,S-3 EFFECTS OF ECG ARITIFACT [Autosaved].pptx - Google Slides,chrome,Profile 1,google.com,search,2026-02-19,15,Thursday
2026-02-19 15:55:34.597142,https://docs.google.com/presentation/d/1qDYpgAhwM0hiHuI3CxAq9xt-30LJ73XU/edit,S-3 EFFECTS OF ECG ARITIFACT [Autosaved].pptx - Google Slides,chrome,Profile 1,google.com,search,2026-02-19,15,Thursday
2026-02-19 16:19:18.730621,https://docs.google.com/presentation/d/1qDYpgAhwM0hiHuI3CxAq9xt-30LJ73XU/edit,S-3 EFFECTS OF ECG ARITIFACT [Autosaved].pptx - Google Slides,chrome,Profile 1,google.com,search,2026-02-19,16,Thursday
2026-02-19 16:19:19.576434,https://docs.google.com/presentation/d/1qDYpgAhwM0hiHuI3CxAq9xt-30LJ73XU/edit,S-3 EFFECTS OF ECG ARITIFACT [Autosaved].pptx - Google Slides,chrome,Profile 1,google.com,search,2026-02-19,16,Thursday
2026-02-19 16:19:20.343020,https://docs.google.com/presentation/d/1qDYpgAhwM0hiHuI3CxAq9xt-30LJ73XU/edit,S-3 EFFECTS OF ECG ARITIFACT [Autosaved].pptx - Google Slides,chrome,Profile 1,google.com,search,2026-02-19,16,Thursday
2026-02-20 03:03:47.077740,https://www.flipkart.com/prestige-svachh-deluxe-alpha-8-l-outer-lid-induction-bottom-pressure-cooker/p/itm106f37c0646c7,Prestige Svachh Deluxe Alpha 8 L Outer Lid Induction Bottom Pressure Cooker Price in India - Buy Prestige Svachh Deluxe Alpha 8 L Outer Lid Induction Bottom Pressure Cooker online at Flipkart.com,chrome,Profile 1,flipkart.com,shopping,2026-02-20,3,Friday
2026-02-20 03:03:47.077740,http://www.flipkart.com/prestige-svachh-deluxe-alpha-8-l-outer-lid-induction-bottom-pressure-cooker/p/itm106f37c0646c7,Prestige Svachh Deluxe Alpha 8 L Outer Lid Induction Bottom Pressure Cooker Price in India - Buy Prestige Svachh Deluxe Alpha 8 L Outer Lid Induction Bottom Pressure Cooker online at Flipkart.com,chrome,Profile 1,flipkart.com,shopping,2026-02-20,3,Friday
2026-02-20 03:11:16.393116,https://www.flipkart.com/prestige-svachh-7-5-l-outer-lid-induction-bottom-pressure-cooker/p/itm83927acece7d5,Prestige Svachh Deluxe Alpha 8 L Outer Lid Induction Bottom Pressure Cooker Price in India - Buy Prestige Svachh Deluxe Alpha 8 L Outer Lid Induction Bottom Pressure Cooker online at Flipkart.com,chrome,Profile 1,flipkart.com,shopping,2026-02-20,3,Friday
2026-02-20 03:11:20.776363,https://www.flipkart.com/prestige-svachh-3-l-outer-lid-induction-bottom-pressure-cooker/p/itm5dd452b188025,Prestige Svachh Deluxe Alpha 8 L Outer Lid Induction Bottom Pressure Cooker Price in India - Buy Prestige Svachh Deluxe Alpha 8 L Outer Lid Induction Bottom Pressure Cooker online at Flipkart.com,chrome,Profile 1,flipkart.com,shopping,2026-02-20,3,Friday
2026-02-20 06:04:28.572301,https://www.google.com/search,dxc technology electronic city bangalore - Google Search,chrome,Profile 1,google.com,search,2026-02-20,6,Friday
2026-02-20 06:04:46.417504,https://www.google.com/search,dxc technology electronic city bangalore - Google Search,chrome,Profile 1,google.com,search,2026-02-20,6,Friday
2026-02-20 06:06:22.379139,https://www.google.com/search,Charitha Blossom Bengaluru - Google Search,chrome,Profile 1,google.com,search,2026-02-20,6,Friday
2026-02-20 06:06:22.379139,https://g.co/kgs/yxWEwFu,Charitha Blossom Bengaluru - Google Search,chrome,Profile 1,g.co,other,2026-02-20,6,Friday
2026-02-20 06:06:26.956226,https://www.google.com/search,Charitha Blossom Bengaluru - Google Search,chrome,Profile 1,google.com,search,2026-02-20,6,Friday
2026-02-20 06:09:43.945673,https://www.google.com/search,dxc technology ec1 campus electronic city Bangalore - Google Search,chrome,Profile 1,google.com,search,2026-02-20,6,Friday
2026-02-20 06:09:53.799679,https://dxc.com/,DXC Technology | Impossible Delivered | Enterprise Technology & Innovation Solutions,chrome,Profile 1,dxc.com,other,2026-02-20,6,Friday
2026-02-20 06:10:16.673145,https://dxc.com/contact-us,Contact Us | DXC Technology,chrome,Profile 1,dxc.com,other,2026-02-20,6,Friday
2026-02-20 06:11:33.269724,https://dxc.com/about-us,About our company | DXC Technology,chrome,Profile 1,dxc.com,other,2026-02-20,6,Friday
2026-02-21 13:19:19.002834,https://v2.zenclass.in/class/play-recording/05067f7d-3d78-408b-8dee-74faf19dca9e,GUVI,chrome,Profile 1,zenclass.in,learning,2026-02-21,13,Saturday
2026-02-22 06:47:31.644954,https://www.guvi.in/code-kata/,HCL GUVI | Learn to code in your native language,chrome,Profile 1,guvi.in,learning,2026-02-22,6,Sunday
2026-02-22 06:47:35.053691,https://www.guvi.in/code-kata/,HCL GUVI | Learn to code in your native language,chrome,Profile 1,guvi.in,learning,2026-02-22,6,Sunday
2026-02-22 06:47:37.673275,https://www.guvi.in/code-kata/odd-or-even-sum/,HCL GUVI | Learn to code in your native language,chrome,Profile 1,guvi.in,learning,2026-02-22,6,Sunday
2026-02-22 06:49:27.051821,https://www.guvi.in/leader-board/,Leader Board | HCL GUVI,chrome,Profile 1,guvi.in,learning,2026-02-22,6,Sunday
2026-02-22 06:49:44.251349,https://www.guvi.in/sign-in/,HCL GUVI | Learn to code in your native language,chrome,Profile 1,guvi.in,learning,2026-02-22,6,Sunday
2026-02-22 06:49:48.902371,http://www.guvi.in/,HCL GUVI | Learn to code in your native language,chrome,Profile 1,guvi.in,learning,2026-02-22,6,Sunday
2026-02-22 06:49:48.902371,https://www.guvi.in/,HCL GUVI | Learn to code in your native language,chrome,Profile 1,guvi.in,learning,2026-02-22,6,Sunday
2026-02-22 06:50:59.393140,https://www.guvi.in/code-kata/,HCL GUVI | Learn to code in your native language,chrome,Profile 1,guvi.in,learning,2026-02-22,6,Sunday
2026-02-22 06:51:09.246007,https://www.guvi.in/code-kata/,HCL GUVI | Learn to code in your native language,chrome,Profile 1,guvi.in,learning,2026-02-22,6,Sunday
2026-02-22 06:51:32.443901,https://www.guvi.in/code-kata/,HCL GUVI | Learn to code in your native language,chrome,Profile 1,guvi.in,learning,2026-02-22,6,Sunday
2026-02-22 06:51:33.092169,https://apps.apple.com/in/app/guvi/id1521834413,‎HCL GUVI App - App Store,chrome,Profile 1,apple.com,other,2026-02-22,6,Sunday
2026-02-22 06:51:33.092169,https://apps.apple.com/in/app/hcl-guvi/id1521834413,‎HCL GUVI App - App Store,chrome,Profile 1,apple.com,other,2026-02-22,6,Sunday
2026-02-22 06:51:53.663636,https://www.guvi.in/code-kata/topic/aptitude/,HCL GUVI | Learn to code in your native language,chrome,Profile 1,guvi.in,learning,2026-02-22,6,Sunday
2026-02-22 06:51:53.663636,https://www.guvi.in/code-kata/topic/aptitude,HCL GUVI | Learn to code in your native language,chrome,Profile 1,guvi.in,learning,2026-02-22,6,Sunday
2026-02-22 08:20:54.567890,https://www.google.com/search,arvind scans - Google Search,chrome,Profile 1,google.com,search,2026-02-22,8,Sunday
2026-02-22 08:20:55.989694,https://www.google.com/search,arvind scans - Google Search,chrome,Profile 1,google.com,search,2026-02-22,8,Sunday
2026-02-23 03:26:59.364907,https://www.google.com/search,np brothers - Google Search,chrome,Profile 1,google.com,search,2026-02-23,3,Monday
2026-02-23 03:27:03.794839,https://www.google.com/search,np brothers - Google Search,chrome,Profile 1,google.com,search,2026-02-23,3,Monday
2026-02-23 03:27:13.860056,https://www.google.com/search,np brothers - Google Search,chrome,Profile 1,google.com,search,2026-02-23,3,Monday
2026-02-23 03:27:15.504054,https://www.google.com/search,narendra brother - Google Search,chrome,Profile 1,google.com,search,2026-02-23,3,Monday
2026-02-23 03:27:30.911272,https://www.google.com/search,narendra brother - Google Search,chrome,Profile 1,google.com,search,2026-02-23,3,Monday
2026-02-23 03:27:32.540753,https://www.google.com/search,narendra prasad no brothers - Google Search,chrome,Profile 1,google.com,search,2026-02-23,3,Monday
2026-02-23 03:27:35.877456,https://www.google.com/search,narendra prasad no brothers - Google Search,chrome,Profile 1,google.com,search,2026-02-23,3,Monday
2026-02-23 03:27:40.214607,https://www.google.com/search,narendra prasad np brothers - Google Search,chrome,Profile 1,google.com,search,2026-02-23,3,Monday
2026-02-23 03:27:58.204042,https://www.google.com/search,narendra prasad np brothers - Google Search,chrome,Profile 1,google.com,search,2026-02-23,3,Monday
2026-02-23 03:28:19.377876,https://m.imdb.com/name/nm12031589/,Narendra Prasath - IMDb,chrome,Profile 1,imdb.com,other,2026-02-23,3,Monday
2026-02-23 03:30:46.922589,https://www.google.com/url,Classify,chrome,Profile 1,google.com,search,2026-02-23,3,Monday
2026-02-23 04:30:44.646007,https://www.google.com/search,narendra prasad np tami top cooku duoe cooku brothers - Google Search,chrome,Profile 1,google.com,search,2026-02-23,4,Monday
2026-02-23 04:30:50.008257,https://www.google.com/search,iob net banking - Google Search,chrome,Profile 1,google.com,search,2026-02-23,4,Monday
2026-02-23 04:30:52.011381,https://netbanking.iob.bank.in/,IOB Net Banking,chrome,Profile 1,iob.bank.in,other,2026-02-23,4,Monday
2026-02-23 04:30:52.808014,https://netbanking.iob.bank.in/ibanking/html/index.html,IOB Net Banking,chrome,Profile 1,iob.bank.in,other,2026-02-23,4,Monday
2026-02-23 04:30:58.535362,https://netbanking.iob.bank.in/ibanking/html/index1.html,IOB Net Banking,chrome,Profile 1,iob.bank.in,other,2026-02-23,4,Monday
2026-02-23 04:31:02.263934,https://netbanking.iob.bank.in/ibanking/login.do,IOB Net Banking,chrome,Profile 1,iob.bank.in,other,2026-02-23,4,Monday
2026-02-23 04:32:15.744095,https://netbanking.iob.bank.in/ibanking/loginsuccess.do,IOB NetBanking,chrome,Profile 1,iob.bank.in,other,2026-02-23,4,Monday
2026-02-23 04:36:46.725809,https://netbanking.iob.bank.in/ibanking/rendermenu.do,IOB NetBanking,chrome,Profile 1,iob.bank.in,other,2026-02-23,4,Monday
2026-02-23 04:37:10.272876,https://www.google.com/search,amazon - Google Search,chrome,Profile 1,google.com,search,2026-02-23,4,Monday
2026-02-23 04:37:17.234730,https://www.google.com/search,amazon - Google Search,chrome,Profile 1,google.com,search,2026-02-23,4,Monday
2026-02-23 04:37:50.155850,https://www.google.com/search,amazon pay kyc time - Google Search,chrome,Profile 1,google.com,search,2026-02-23,4,Monday
2026-02-23 04:38:31.437457,https://www.google.com/search,amazon pay kyc time - Google Search,chrome,Profile 1,google.com,search,2026-02-23,4,Monday
2026-02-23 04:51:25.306163,https://www.google.com/search,is tgere any way i can withdraw amount without kyc from ammazon wallet - Google Search,chrome,Profile 1,google.com,search,2026-02-23,4,Monday
2026-02-23 04:51:32.939054,https://www.google.com/search,spleen meaning - Google Search,chrome,Profile 1,google.com,search,2026-02-23,4,Monday
2026-02-23 04:51:34.182316,https://www.google.com/search,spleen meaning - Google Search,chrome,Profile 1,google.com,search,2026-02-23,4,Monday
2026-02-23 06:47:48.018132,https://classify.zenclass.in/meet-dashboard-new,Classify,chrome,Profile 1,zenclass.in,learning,2026-02-23,6,Monday
2026-02-23 16:28:28.372455,https://login.microsoftonline.com/93f33571-550f-43cf-b09f-cd331338d086/saml2,Sign in to your account,chrome,Profile 1,microsoftonline.com,other,2026-02-23,16,Monday
2026-02-23 16:28:28.372455,https://sso.connect.pingidentity.com/sso/sp/initsso,Sign in to your account,chrome,Profile 1,pingidentity.com,other,2026-02-23,16,Monday
2026-02-23 16:28:28.372455,https://dxc.udemy.com/organization/init-sso-login/,Sign in to your account,chrome,Profile 1,udemy.com,other,2026-02-23,16,Monday
2026-02-23 16:28:28.372455,https://dxc.udemy.com/,Sign in to your account,chrome,Profile 1,udemy.com,other,2026-02-23,16,Monday
2026-02-23 16:28:49.185795,https://login.microsoftonline.com/93f33571-550f-43cf-b09f-cd331338d086/saml2,Sign in to your account,chrome,Profile 1,microsoftonline.com,other,2026-02-23,16,Monday
2026-02-23 16:28:49.840290,https://login.microsoft.com/93f33571-550f-43cf-b09f-cd331338d086/fido/get,Sign in to your account,chrome,Profile 1,microsoft.com,other,2026-02-23,16,Monday
2026-02-23 16:29:17.349762,https://login.microsoftonline.com/93f33571-550f-43cf-b09f-cd331338d086/resume,Sign in to your account,chrome,Profile 1,microsoftonline.com,other,2026-02-23,16,Monday
2026-02-23 16:29:35.857185,https://login.microsoftonline.com/93f33571-550f-43cf-b09f-cd331338d086/login,Sign in to your account,chrome,Profile 1,microsoftonline.com,other,2026-02-23,16,Monday
2026-02-24 05:32:30.027832,https://classify.zenclass.in/meet-dashboard-new,Classify,chrome,Profile 1,zenclass.in,learning,2026-02-24,5,Tuesday
2026-02-24 08:06:01.897434,https://www.msn.com/en-in,"MSN | Personalized News, Top Headlines, Live Updates and more",edge,Default,msn.com,other,2026-02-24,8,Tuesday
2026-02-24 08:07:11.733538,https://www.canva.com/login/,Log into your Canva account,edge,Default,canva.com,design,2026-02-24,8,Tuesday
2026-02-24 08:07:11.733538,https://www.canva.com/projects,Log into your Canva account,edge,Default,canva.com,design,2026-02-24,8,Tuesday
2026-02-24 08:07:11.733538,https://www.canva.com/en_in/login/,Log into your Canva account,edge,Default,canva.com,design,2026-02-24,8,Tuesday
2026-02-24 08:07:24.592646,https://chatgpt.com/c/698f5c17-b68c-8324-b335-d56754307d12,ChatGPT,edge,Default,chatgpt.com,learning,2026-02-24,8,Tuesday
2026-02-24 08:07:25.180541,https://www.canva.com/login/,Log into your Canva account,edge,Default,canva.com,design,2026-02-24,8,Tuesday
2026-02-24 08:07:25.180541,https://www.canva.com/design/DAG-3nu3NAU/er1nB1nkPN2T57CpvieGdQ/edit,Log into your Canva account,edge,Default,canva.com,design,2026-02-24,8,Tuesday
2026-02-24 08:07:25.180541,https://www.canva.com/en_in/login/,Log into your Canva account,edge,Default,canva.com,design,2026-02-24,8,Tuesday
2026-02-24 11:57:05.999953,https://www.google.com/share.google,TCS iON National Qualifier Test,chrome,Profile 1,google.com,search,2026-02-24,11,Tuesday
2026-02-24 11:57:05.999953,https://share.google/xo0UPnFkeVIMjYTA8,TCS iON National Qualifier Test,chrome,Profile 1,share.google,other,2026-02-24,11,Tuesday
2026-02-24 11:57:18.036038,https://accounts.google.com/o/oauth2/auth,Sign in - Google Accounts,chrome,Profile 1,google.com,search,2026-02-24,11,Tuesday
2026-02-24 11:57:18.036038,https://accounts.google.com/v3/signin/accountchooser,Sign in - Google Accounts,chrome,Profile 1,google.com,search,2026-02-24,11,Tuesday
2026-02-24 11:57:23.534063,https://accounts.google.com/ServiceLogin,TCS iON National Qualifier Test,chrome,Profile 1,google.com,search,2026-02-24,11,Tuesday
2026-02-24 11:57:23.534063,https://accounts.google.com/signin/oauth/consent,TCS iON National Qualifier Test,chrome,Profile 1,google.com,search,2026-02-24,11,Tuesday
2026-02-24 11:57:23.534063,https://accounts.google.com/InteractiveLogin,TCS iON National Qualifier Test,chrome,Profile 1,google.com,search,2026-02-24,11,Tuesday
2026-02-24 11:57:23.534063,https://www.tcsion.com/iDH/ExternalLogin,TCS iON National Qualifier Test,chrome,Profile 1,tcsion.com,other,2026-02-24,11,Tuesday
2026-02-24 11:57:23.534063,https://www.tcsion.com/hub/national-qualifier-test/,TCS iON National Qualifier Test,chrome,Profile 1,tcsion.com,other,2026-02-24,11,Tuesday
2026-02-24 12:00:18.426747,https://www.tcsion.com/LX/content_players/content_home_new,TCS iON Digital Learning,chrome,Profile 1,tcsion.com,other,2026-02-24,12,Tuesday
2026-02-24 12:00:18.426747,https://www.tcsion.com/iDH/ECH/content/forward,TCS iON Digital Learning,chrome,Profile 1,tcsion.com,other,2026-02-24,12,Tuesday
2026-02-24 12:00:18.426747,https://www.tcsion.com/LX/contents/content_home,TCS iON Digital Learning,chrome,Profile 1,tcsion.com,other,2026-02-24,12,Tuesday
2026-02-24 12:00:18.426747,https://www.tcsion.com/LX/INDEXES/AppLaunchSAML,TCS iON Digital Learning,chrome,Profile 1,tcsion.com,other,2026-02-24,12,Tuesday
2026-02-24 12:00:19.048466,https://www.tcsion.com/LX/content_players/content_home_new,TCS iON Digital Learning,chrome,Profile 1,tcsion.com,other,2026-02-24,12,Tuesday
2026-02-24 12:00:28.015006,https://www.tcsion.com/LX/alm_assessment_players/launch_assessment,,chrome,Profile 1,tcsion.com,other,2026-02-24,12,Tuesday
2026-02-24 12:00:28.368690,https://cdn4.digialm.com/OnlineAssessment/configurationCheck.html,Pre Requisites,chrome,Profile 1,digialm.com,other,2026-02-24,12,Tuesday
2026-02-24 12:00:33.711132,https://cdn4.digialm.com/OnlineAssessment/instructions.html,Instructions - Assessment Center,chrome,Profile 1,digialm.com,other,2026-02-24,12,Tuesday
2026-02-24 12:00:43.985053,https://cdn4.digialm.com/OnlineAssessment/quiz.html,Remote Assessment,chrome,Profile 1,digialm.com,other,2026-02-24,12,Tuesday
2026-02-25 03:52:08.481629,https://classify.zenclass.in/home,Classify,chrome,Profile 1,zenclass.in,learning,2026-02-25,3,Wednesday
2026-02-25 03:57:25.495465,https://classify.zenclass.in/,Classify,chrome,Profile 1,zenclass.in,learning,2026-02-25,3,Wednesday
2026-02-25 03:57:25.894933,https://classify.zenclass.in/home,Classify,chrome,Profile 1,zenclass.in,learning,2026-02-25,3,Wednesday
2026-02-25 03:57:31.875407,https://classify.zenclass.in/meet-dashboard-new,Classify,chrome,Profile 1,zenclass.in,learning,2026-02-25,3,Wednesday
2026-02-25 04:37:49.878984,https://www.google.com/search,define back - Google Search,chrome,Profile 1,google.com,search,2026-02-25,4,Wednesday
2026-02-26 02:21:34.722396,https://en.wikipedia.org/wiki/Purple_Line_(Namma_Metro),Purple Line (Namma Metro) - Wikipedia,chrome,Profile 1,wikipedia.org,learning,2026-02-26,2,Thursday
2026-02-26 02:21:37.635651,https://www.google.com/search,bangalore purple line metro - Google Search,chrome,Profile 1,google.com,search,2026-02-26,2,Thursday
2026-02-26 02:21:38.474818,https://www.google.com/search,bangalore purple line metro - Google Search,chrome,Profile 1,google.com,search,2026-02-26,2,Thursday
2026-02-27 13:52:07.027070,https://test.hyrenet.in/bow-hit-ride/integration,HyreNet,chrome,Profile 1,hyrenet.in,technology,2026-02-27,13,Friday
2026-02-27 13:52:39.889586,https://v2.zenclass.in/zengpt,GUVI,chrome,Profile 1,zenclass.in,learning,2026-02-27,13,Friday
2026-02-27 14:39:32.801696,https://v2.zenclass.in/class/play-recording/7e481d35-6354-4b2e-8bc1-64187baf9a53,GUVI,chrome,Profile 1,zenclass.in,learning,2026-02-27,14,Friday
2026-02-28 05:29:47.436405,https://www.google.com/search,🌙 moon - Google Search,chrome,Profile 1,google.com,search,2026-02-28,5,Saturday
2026-02-28 05:30:19.578574,https://www.google.com/search,🌙 moon - Google Search,chrome,Profile 1,google.com,search,2026-02-28,5,Saturday
2026-02-28 05:30:21.936071,https://www.google.com/search,🌙 moon - Google Search,chrome,Profile 1,google.com,search,2026-02-28,5,Saturday
2026-02-28 09:19:39.822718,https://accounts.google.com/ServiceLogin,Google Calendar,chrome,Profile 1,google.com,search,2026-02-28,9,Saturday
2026-02-28 09:19:39.822718,https://calendar.google.com/calendar/marksenderasknown,Google Calendar,chrome,Profile 1,google.com,search,2026-02-28,9,Saturday
2026-02-28 09:19:39.822718,https://calendar.google.com/accounts/SetOSID,Google Calendar,chrome,Profile 1,google.com,search,2026-02-28,9,Saturday
2026-02-28 09:19:39.822718,https://calendar.google.com/calendar/u/0/marksenderasknown,Google Calendar,chrome,Profile 1,google.com,search,2026-02-28,9,Saturday
2026-02-28 09:19:39.822718,https://calendar.google.com/calendar/u/0/r,Google Calendar,chrome,Profile 1,google.com,search,2026-02-28,9,Saturday
2026-02-28 10:31:49.410607,https://www.google.com/url,Classify,chrome,Profile 1,google.com,search,2026-02-28,10,Saturday
2026-02-28 10:31:49.811604,https://classify.zenclass.in/open-integration,Classify,chrome,Profile 1,zenclass.in,learning,2026-02-28,10,Saturday
2026-02-28 10:31:51.544046,https://classify.zenclass.in/meet-dashboard-new,Classify,chrome,Profile 1,zenclass.in,learning,2026-02-28,10,Saturday
2026-03-01 08:09:52.335449,https://drive.google.com/drive/folders/1xVFFAlizmtUHIKeo9gK6X4WqvUX2Q1kZ,Access Denied,chrome,Profile 1,google.com,search,2026-03-01,8,Sunday
2026-03-01 12:33:00.971846,https://www.guvi.in/free-resume-builder/,"Free Resume Builder Tool- Create, Check ATS Score & Optimize",chrome,Profile 1,guvi.in,learning,2026-03-01,12,Sunday
2026-03-01 14:10:28.316584,https://www.guvi.in/code-kata/string-rotation/,HCL GUVI | Learn to code in your native language,edge,Default,guvi.in,learning,2026-03-01,14,Sunday
2026-03-01 14:10:28.316584,https://www.guvi.in/code-kata/string-rotation/,HCL GUVI | Learn to code in your native language,chrome,Profile 1,guvi.in,learning,2026-03-01,14,Sunday
2026-03-01 14:11:12.772997,https://www.guvi.in/code-kata/,www.guvi.in,chrome,Profile 1,guvi.in,learning,2026-03-01,14,Sunday
2026-03-01 14:11:12.772997,https://www.guvi.in/code-kata/,HCL GUVI | Learn to code in your native language,edge,Default,guvi.in,learning,2026-03-01,14,Sunday
2026-03-01 14:12:18.674517,https://test.hyrenet.in/fair-herd-high/integration,HyreNet,chrome,Profile 1,hyrenet.in,technology,2026-03-01,14,Sunday
2026-03-01 14:12:18.674517,https://test.hyrenet.in/fair-herd-high/integration,HyreNet,edge,Default,hyrenet.in,technology,2026-03-01,14,Sunday
2026-03-01 14:12:29.130627,https://test.hyrenet.in/fair-herd-high/details,HyreNet,chrome,Profile 1,hyrenet.in,technology,2026-03-01,14,Sunday
2026-03-01 14:12:29.130627,https://test.hyrenet.in/fair-herd-high/details,HyreNet,edge,Default,hyrenet.in,technology,2026-03-01,14,Sunday
2026-03-01 14:12:38.928739,https://test.hyrenet.in/fair-herd-high/testDescription/mcq,HyreNet,chrome,Profile 1,hyrenet.in,technology,2026-03-01,14,Sunday
2026-03-01 14:12:38.928739,https://test.hyrenet.in/fair-herd-high/testDescription/mcq,HyreNet,edge,Default,hyrenet.in,technology,2026-03-01,14,Sunday
2026-03-01 14:21:43.287386,https://test.hyrenet.in/fair-herd-high/mcq,HyreNet,edge,Default,hyrenet.in,technology,2026-03-01,14,Sunday
2026-03-01 14:21:43.287386,https://test.hyrenet.in/fair-herd-high/mcq,HyreNet,chrome,Profile 1,hyrenet.in,technology,2026-03-01,14,Sunday
2026-03-01 14:21:43.305806,https://test.hyrenet.in/finish,HyreNet,chrome,Profile 1,hyrenet.in,technology,2026-03-01,14,Sunday
2026-03-01 14:21:43.305806,https://test.hyrenet.in/finish,HyreNet,edge,Default,hyrenet.in,technology,2026-03-01,14,Sunday
2026-03-01 14:21:49.086667,https://v2.zenclass.in/tasks,GUVI,chrome,Profile 1,zenclass.in,learning,2026-03-01,14,Sunday
2026-03-01 14:21:49.086667,https://v2.zenclass.in/tasks,GUVI,edge,Default,zenclass.in,learning,2026-03-01,14,Sunday
2026-03-01 14:22:09.379613,https://docs.google.com/document/d/1Iizn8qG2BBYl3KTzLHYG82rcjoXy7TyjyFjBPkscUks/edit,Aerial Object Classification & Detection - Google Docs,chrome,Profile 1,google.com,search,2026-03-01,14,Sunday
2026-03-01 14:22:09.379613,https://docs.google.com/document/d/1Iizn8qG2BBYl3KTzLHYG82rcjoXy7TyjyFjBPkscUks/edit,Aerial Object Classification & Detection - Google Docs,edge,Default,google.com,search,2026-03-01,14,Sunday
2026-03-01 15:40:32.342316,https://docs.google.com/document/d/1Iizn8qG2BBYl3KTzLHYG82rcjoXy7TyjyFjBPkscUks/edit,Aerial Object Classification & Detection - Google Docs,edge,Default,google.com,search,2026-03-01,15,Sunday
2026-03-01 15:40:32.342316,https://docs.google.com/document/d/1Iizn8qG2BBYl3KTzLHYG82rcjoXy7TyjyFjBPkscUks/edit,Aerial Object Classification & Detection - Google Docs,chrome,Profile 1,google.com,search,2026-03-01,15,Sunday
2026-03-02 05:06:02.381110,https://lakshmikrishnanaturals.com/products/nalangu-mavu,Buy Nalangu Mavu Powder Online | Lakshmi Krishna Naturals,edge,Default,lakshmikrishnanaturals.com,other,2026-03-02,5,Monday
2026-03-02 05:06:02.381110,https://lakshmikrishnanaturals.com/products/nalangu-mavu,Buy Nalangu Mavu Powder Online | Lakshmi Krishna Naturals,chrome,Profile 1,lakshmikrishnanaturals.com,other,2026-03-02,5,Monday
2026-03-02 05:06:02.381110,https://lakshmikrishnanaturals.com/product/nalangu-mavu,Buy Nalangu Mavu Powder Online | Lakshmi Krishna Naturals,chrome,Profile 1,lakshmikrishnanaturals.com,other,2026-03-02,5,Monday
2026-03-02 05:06:02.381110,https://lakshmikrishnanaturals.com/product/nalangu-mavu/,Buy Nalangu Mavu Powder Online | Lakshmi Krishna Naturals,chrome,Profile 1,lakshmikrishnanaturals.com,other,2026-03-02,5,Monday
2026-03-02 05:06:37.525174,https://lakshmikrishnanaturals.com/collections/face-care,Face Care – Lakshmi Krishna Naturals,chrome,Profile 1,lakshmikrishnanaturals.com,other,2026-03-02,5,Monday
2026-03-02 05:06:37.525174,https://lakshmikrishnanaturals.com/collections/face-care,Face Care – Lakshmi Krishna Naturals,edge,Default,lakshmikrishnanaturals.com,other,2026-03-02,5,Monday
2026-03-02 05:06:41.040838,https://lakshmikrishnanaturals.com/collections/body-care,Body Care – Lakshmi Krishna Naturals,edge,Default,lakshmikrishnanaturals.com,other,2026-03-02,5,Monday
2026-03-02 05:06:41.040838,https://lakshmikrishnanaturals.com/collections/body-care,Body Care – Lakshmi Krishna Naturals,chrome,Profile 1,lakshmikrishnanaturals.com,other,2026-03-02,5,Monday
2026-03-02 05:07:04.261781,https://lakshmikrishnanaturals.com/products/buy-2-get-1-saffron-goat-milk-soap,Buy Combo of 3 Saffron Goat Milk Soap | Lakshmi Krishna Naturals,chrome,Profile 1,lakshmikrishnanaturals.com,other,2026-03-02,5,Monday
2026-03-02 05:07:04.261781,https://lakshmikrishnanaturals.com/products/buy-2-get-1-saffron-goat-milk-soap,Buy Combo of 3 Saffron Goat Milk Soap | Lakshmi Krishna Naturals,edge,Default,lakshmikrishnanaturals.com,other,2026-03-02,5,Monday
2026-03-02 10:09:10.323062,https://www.flipkart.com/clo/~cs-avrnbn935t/pr,,chrome,Profile 1,flipkart.com,shopping,2026-03-02,10,Monday
2026-03-02 10:09:10.323062,https://www.flipkart.com/clo/~cs-avrnbn935t/pr,,edge,Default,flipkart.com,shopping,2026-03-02,10,Monday
2026-03-02 10:09:10.323062,https://www.googleadservices.com/pagead/aclk,,chrome,Profile 1,googleadservices.com,other,2026-03-02,10,Monday
2026-03-02 15:16:08.759838,https://www.google.com/search,pink gym salem - Google Search,edge,Default,google.com,search,2026-03-02,15,Monday
2026-03-02 15:16:08.759838,https://www.google.com/search,pink gym salem - Google Search,chrome,Profile 1,google.com,search,2026-03-02,15,Monday
2026-03-02 15:16:09.978435,https://www.google.com/search,pink gym salem - Google Search,edge,Default,google.com,search,2026-03-02,15,Monday
2026-03-02 15:16:09.978435,https://www.google.com/search,pink gym salem - Google Search,chrome,Profile 1,google.com,search,2026-03-02,15,Monday
2026-03-02 15:16:10.607849,https://www.google.com/search,pink gym salem - Google Search,edge,Default,google.com,search,2026-03-02,15,Monday
2026-03-02 15:16:10.607849,https://www.google.com/search,pink gym salem - Google Search,chrome,Profile 1,google.com,search,2026-03-02,15,Monday
2026-03-02 15:35:24.372885,https://chatgpt.com/c/69a155eb-8248-8322-9ce3-f38b7656ad9c,Groom Profile Assistance,edge,Default,chatgpt.com,learning,2026-03-02,15,Monday
2026-03-02 15:35:24.372885,https://chatgpt.com/c/69a155eb-8248-8322-9ce3-f38b7656ad9c,Groom Profile Assistance,chrome,Profile 1,chatgpt.com,learning,2026-03-02,15,Monday
2026-03-02 15:35:34.462938,https://chatgpt.com/c/69a15578-5514-8323-b361-bb65faf0cccd,Translation Request,edge,Default,chatgpt.com,learning,2026-03-02,15,Monday
2026-03-02 15:35:34.462938,https://chatgpt.com/c/69a15578-5514-8323-b361-bb65faf0cccd,Translation Request,chrome,Profile 1,chatgpt.com,learning,2026-03-02,15,Monday
2026-03-02 15:51:13.680446,https://chatgpt.com/g/g-p-69a5b1f0ebc481919a25073d4c890857/project,ChatGPT - Final_Project,edge,Default,chatgpt.com,learning,2026-03-02,15,Monday
2026-03-02 15:51:13.680446,https://chatgpt.com/g/g-p-69a5b1f0ebc481919a25073d4c890857/project,ChatGPT - Final_Project,chrome,Profile 1,chatgpt.com,learning,2026-03-02,15,Monday
2026-03-02 15:51:53.642447,https://docs.google.com/document/d/1T-025gZuZ4tcYl8Wl8Ez8bZSQUKTVjY7/edit,DS105_Final_Project.docx - Google Docs,edge,Default,google.com,search,2026-03-02,15,Monday
2026-03-02 15:51:53.642447,https://docs.google.com/document/d/1T-025gZuZ4tcYl8Wl8Ez8bZSQUKTVjY7/edit,DS105_Final_Project.docx - Google Docs,chrome,Profile 1,google.com,search,2026-03-02,15,Monday
2026-03-02 15:51:55.108140,https://docs.google.com/document/d/1T-025gZuZ4tcYl8Wl8Ez8bZSQUKTVjY7/edit,DS105_Final_Project.docx - Google Docs,edge,Default,google.com,search,2026-03-02,15,Monday
2026-03-02 15:51:55.108140,https://docs.google.com/document/d/1T-025gZuZ4tcYl8Wl8Ez8bZSQUKTVjY7/edit,DS105_Final_Project.docx - Google Docs,chrome,Profile 1,google.com,search,2026-03-02,15,Monday
2026-03-02 15:51:57.717951,https://docs.google.com/document/d/1T-025gZuZ4tcYl8Wl8Ez8bZSQUKTVjY7/edit,DS105_Final_Project.docx - Google Docs,edge,Default,google.com,search,2026-03-02,15,Monday
2026-03-02 15:51:57.717951,https://docs.google.com/document/d/1T-025gZuZ4tcYl8Wl8Ez8bZSQUKTVjY7/edit,DS105_Final_Project.docx - Google Docs,chrome,Profile 1,google.com,search,2026-03-02,15,Monday
2026-03-02 15:51:58.776749,https://docs.google.com/document/d/1T-025gZuZ4tcYl8Wl8Ez8bZSQUKTVjY7/edit,DS105_Final_Project.docx - Google Docs,edge,Default,google.com,search,2026-03-02,15,Monday
2026-03-02 15:51:58.776749,https://docs.google.com/document/d/1T-025gZuZ4tcYl8Wl8Ez8bZSQUKTVjY7/edit,DS105_Final_Project.docx - Google Docs,chrome,Profile 1,google.com,search,2026-03-02,15,Monday
2026-03-02 17:56:04.801088,https://www.google.com/search,job vacancy salem - Google Search,edge,Default,google.com,search,2026-03-02,17,Monday
2026-03-02 17:56:04.801088,https://www.google.com/search,job vacancy salem - Google Search,chrome,Profile 1,google.com,search,2026-03-02,17,Monday
2026-03-02 17:56:06.273192,https://www.google.com/search,job vacancy salem - Google Search,chrome,Profile 1,google.com,search,2026-03-02,17,Monday
2026-03-02 17:56:06.273192,https://www.google.com/search,job vacancy salem - Google Search,edge,Default,google.com,search,2026-03-02,17,Monday
2026-03-02 17:56:07.540917,https://www.google.com/search,job vacancy salem - Google Search,chrome,Profile 1,google.com,search,2026-03-02,17,Monday
2026-03-02 17:56:07.540917,https://www.google.com/search,job vacancy salem - Google Search,edge,Default,google.com,search,2026-03-02,17,Monday
2026-03-02 17:56:37.936070,https://chatgpt.com/c/69a5cf40-e260-8320-b528-4fbed2abac5b,Billing Job Keywords,edge,Default,chatgpt.com,learning,2026-03-02,17,Monday
2026-03-02 17:56:37.936070,https://chatgpt.com/c/69a5cf40-e260-8320-b528-4fbed2abac5b,Billing Job Keywords,chrome,Profile 1,chatgpt.com,learning,2026-03-02,17,Monday
2026-03-02 17:57:17.957872,https://www.google.com/search,local job vacancy - Google Search,edge,Default,google.com,search,2026-03-02,17,Monday
2026-03-02 17:57:17.957872,https://www.google.com/search,local job vacancy - Google Search,chrome,Profile 1,google.com,search,2026-03-02,17,Monday
2026-03-02 17:57:19.000415,https://www.google.com/search,local job vacancy - Google Search,edge,Default,google.com,search,2026-03-02,17,Monday
2026-03-02 17:57:19.000415,https://www.google.com/search,local job vacancy - Google Search,chrome,Profile 1,google.com,search,2026-03-02,17,Monday
2026-03-02 17:57:33.872548,https://in.indeed.com/q-local-job-in-salem-l-tamil-nadu-jobs.html,24 Local Job in Salem Jobs and Vacancies in Tamil Nadu - 2 March 2026 | Indeed,edge,Default,indeed.com,other,2026-03-02,17,Monday
2026-03-02 17:57:33.872548,https://in.indeed.com/q-local-job-in-salem-l-tamil-nadu-jobs.html,24 Local Job in Salem Jobs and Vacancies in Tamil Nadu - 2 March 2026 | Indeed,chrome,Profile 1,indeed.com,other,2026-03-02,17,Monday
2026-03-02 17:57:36.672452,https://in.indeed.com/q-local-job-in-salem-l-tamil-nadu-jobs.html,24 Local Job in Salem Jobs and Vacancies in Tamil Nadu - 2 March 2026 | Indeed,chrome,Profile 1,indeed.com,other,2026-03-02,17,Monday
2026-03-02 17:57:36.672452,https://in.indeed.com/q-local-job-in-salem-l-tamil-nadu-jobs.html,24 Local Job in Salem Jobs and Vacancies in Tamil Nadu - 2 March 2026 | Indeed,edge,Default,indeed.com,other,2026-03-02,17,Monday
2026-03-02 18:00:09.259529,https://in.indeed.com/jobs,"3,000 Fresher Job Vacancies in Tamil Nadu | Indeed",chrome,Profile 1,indeed.com,other,2026-03-02,18,Monday
2026-03-02 18:00:09.259529,https://in.indeed.com/jobs,"3,000 Fresher Job Vacancies in Tamil Nadu | Indeed",edge,Default,indeed.com,other,2026-03-02,18,Monday
2026-03-02 18:00:11.962616,https://in.indeed.com/jobs,"3,000 Fresher Job Vacancies in Tamil Nadu | Indeed",edge,Default,indeed.com,other,2026-03-02,18,Monday
2026-03-02 18:00:11.962616,https://in.indeed.com/jobs,"3,000 Fresher Job Vacancies in Tamil Nadu | Indeed",chrome,Profile 1,indeed.com,other,2026-03-02,18,Monday
2026-03-02 18:01:18.660754,https://in.indeed.com/jobs,"21 Billing Jobs and Vacancies in Salem, Tamil Nadu - 2 March 2026 | Indeed",edge,Default,indeed.com,other,2026-03-02,18,Monday
2026-03-02 18:01:18.660754,https://in.indeed.com/jobs,"21 Billing Jobs and Vacancies in Salem, Tamil Nadu - 2 March 2026 | Indeed",chrome,Profile 1,indeed.com,other,2026-03-02,18,Monday
2026-03-02 18:01:20.245926,https://in.indeed.com/jobs,"21 Billing Jobs and Vacancies in Salem, Tamil Nadu - 2 March 2026 | Indeed",chrome,Profile 1,indeed.com,other,2026-03-02,18,Monday
2026-03-02 18:01:20.245926,https://in.indeed.com/jobs,"21 Billing Jobs and Vacancies in Salem, Tamil Nadu - 2 March 2026 | Indeed",edge,Default,indeed.com,other,2026-03-02,18,Monday
2026-03-02 18:01:39.868900,https://in.indeed.com/jobs,"21 Billing Jobs and Vacancies in Salem, Tamil Nadu - 2 March 2026 | Indeed",chrome,Profile 1,indeed.com,other,2026-03-02,18,Monday
2026-03-02 18:01:39.868900,https://in.indeed.com/jobs,"21 Billing Jobs and Vacancies in Salem, Tamil Nadu - 2 March 2026 | Indeed",edge,Default,indeed.com,other,2026-03-02,18,Monday
2026-03-02 18:01:49.858814,https://smartapply.indeed.com/beta/indeedapply/applybyapplyablejobid,Sign In | Indeed Accounts,chrome,Profile 1,indeed.com,other,2026-03-02,18,Monday
2026-03-02 18:01:50.407150,https://secure.indeed.com/auth,Sign In | Indeed Accounts,edge,Default,indeed.com,other,2026-03-02,18,Monday
2026-03-02 18:01:50.407150,https://secure.indeed.com/auth,Sign In | Indeed Accounts,chrome,Profile 1,indeed.com,other,2026-03-02,18,Monday
2026-03-02 18:02:32.818518,https://accounts.google.com/v3/signin/identifier,Sign in - Google Accounts,edge,Default,google.com,search,2026-03-02,18,Monday
2026-03-02 18:02:32.818518,https://accounts.google.com/o/oauth2/v2/auth,Sign in - Google Accounts,chrome,Profile 1,google.com,search,2026-03-02,18,Monday
2026-03-02 18:02:32.818518,https://accounts.google.com/v3/signin/identifier,Sign in - Google Accounts,chrome,Profile 1,google.com,search,2026-03-02,18,Monday
2026-03-02 18:02:58.097556,https://accounts.google.com/v3/signin/challenge/pwd,Hi Sowbarnika,chrome,Profile 1,google.com,search,2026-03-02,18,Monday
2026-03-02 18:02:58.097556,https://accounts.google.com/v3/signin/challenge/pwd,Hi Sowbarnika,edge,Default,google.com,search,2026-03-02,18,Monday
2026-03-02 18:03:15.896420,https://accounts.google.com/v3/signin/challenge/pk/presend,Use your passkey to confirm it’s really you,chrome,Profile 1,google.com,search,2026-03-02,18,Monday
2026-03-02 18:03:15.896420,https://accounts.google.com/v3/signin/challenge/pk/presend,Use your passkey to confirm it’s really you,edge,Default,google.com,search,2026-03-02,18,Monday
2026-03-02 18:03:22.375264,https://accounts.google.com/v3/signin/challenge/selection,Hi Sowbarnika,chrome,Profile 1,google.com,search,2026-03-02,18,Monday
2026-03-02 18:03:22.375264,https://accounts.google.com/v3/signin/challenge/selection,Hi Sowbarnika,edge,Default,google.com,search,2026-03-02,18,Monday
2026-03-02 18:03:25.343230,https://accounts.google.com/v3/signin/challenge/dp/presend,"Account recovery To help keep your account safe, Google wants to make sure it’s really you trying to sign in",edge,Default,google.com,search,2026-03-02,18,Monday
2026-03-02 18:03:25.343230,https://accounts.google.com/v3/signin/challenge/dp/presend,"Account recovery To help keep your account safe, Google wants to make sure it’s really you trying to sign in",chrome,Profile 1,google.com,search,2026-03-02,18,Monday
2026-03-02 18:03:28.035933,https://accounts.google.com/v3/signin/challenge/selection,"Account recovery To help keep your account safe, Google wants to make sure it’s really you trying to sign in",chrome,Profile 1,google.com,search,2026-03-02,18,Monday
2026-03-02 18:03:28.035933,https://accounts.google.com/v3/signin/challenge/selection,"Account recovery To help keep your account safe, Google wants to make sure it’s really you trying to sign in",edge,Default,google.com,search,2026-03-02,18,Monday
2026-03-02 18:04:06.576346,https://accounts.google.com/v3/signin/rejected,Couldn’t sign you in,edge,Default,google.com,search,2026-03-02,18,Monday
2026-03-02 18:04:06.576346,https://accounts.google.com/v3/signin/rejected,Couldn’t sign you in,chrome,Profile 1,google.com,search,2026-03-02,18,Monday
2026-03-02 18:04:09.441286,https://accounts.google.com/v3/signin/recoveryidentifier,Sign in - Google Accounts,edge,Default,google.com,search,2026-03-02,18,Monday
2026-03-02 18:04:09.441286,https://accounts.google.com/signin/recovery,Sign in - Google Accounts,chrome,Profile 1,google.com,search,2026-03-02,18,Monday
2026-03-02 18:04:09.441286,https://accounts.google.com/v3/signin/recoveryidentifier,Sign in - Google Accounts,chrome,Profile 1,google.com,search,2026-03-02,18,Monday
2026-03-02 18:04:12.926247,https://accounts.google.com/signin/v2/usernamerecovery,Sign in - Google Accounts,edge,Default,google.com,search,2026-03-02,18,Monday
2026-03-02 18:04:12.926247,https://accounts.google.com/signin/v2/usernamerecovery,Sign in - Google Accounts,chrome,Profile 1,google.com,search,2026-03-02,18,Monday
2026-03-02 18:04:20.918287,https://accounts.google.com/signin/v2/queryname,Sign in - Google Accounts,chrome,Profile 1,google.com,search,2026-03-02,18,Monday
2026-03-02 18:04:20.918287,https://accounts.google.com/signin/v2/queryname,Sign in - Google Accounts,edge,Default,google.com,search,2026-03-02,18,Monday
2026-03-02 18:04:50.257238,https://accounts.google.com/signin/v2/usernamerecovery/challenge/ipp,Sign in - Google Accounts,chrome,Profile 1,google.com,search,2026-03-02,18,Monday
2026-03-02 18:04:50.257238,https://accounts.google.com/signin/v2/usernamerecovery/challenge/ipp,Sign in - Google Accounts,edge,Default,google.com,search,2026-03-02,18,Monday
2026-03-02 18:05:05.324072,https://accounts.google.com/signin/v2/recoverychooser,Sign in - Google Accounts,chrome,Profile 1,google.com,search,2026-03-02,18,Monday
2026-03-02 18:05:05.324072,https://accounts.google.com/signin/v2/recoverychooser,Sign in - Google Accounts,edge,Default,google.com,search,2026-03-02,18,Monday
2026-03-02 18:05:08.780500,https://accounts.google.com/signin/v2/recoverychooser,Sign in - Google Accounts,chrome,Profile 1,google.com,search,2026-03-02,18,Monday
2026-03-02 18:05:08.780500,https://accounts.google.com/signin/v2/recoverychooser,Sign in - Google Accounts,edge,Default,google.com,search,2026-03-02,18,Monday
2026-03-02 18:05:10.553068,https://accounts.google.com/v3/signin/challenge/pwd,Sign in - Google Accounts,chrome,Profile 1,google.com,search,2026-03-02,18,Monday
2026-03-02 18:05:10.553068,https://accounts.google.com/v3/signin/challenge/pwd,Sign in - Google Accounts,edge,Default,google.com,search,2026-03-02,18,Monday
2026-03-02 18:05:38.865711,https://support.google.com/accounts,Google Account Help,chrome,Profile 1,google.com,search,2026-03-02,18,Monday
2026-03-02 18:05:38.865711,https://support.google.com/accounts,Google Account Help,edge,Default,google.com,search,2026-03-02,18,Monday
2026-03-02 18:05:40.241171,https://support.google.com/accounts,Google Account Help,chrome,Profile 1,google.com,search,2026-03-02,18,Monday
2026-03-02 18:05:40.241171,https://support.google.com/accounts,Google Account Help,edge,Default,google.com,search,2026-03-02,18,Monday
2026-03-02 18:05:45.214168,https://accounts.google.com/v3/signin/accountchooser,Sign in - Google Accounts,chrome,Profile 1,google.com,search,2026-03-02,18,Monday
2026-03-02 18:05:45.214168,https://accounts.google.com/o/oauth2/v2/auth,Sign in - Google Accounts,chrome,Profile 1,google.com,search,2026-03-02,18,Monday
2026-03-02 18:05:45.214168,https://accounts.google.com/v3/signin/accountchooser,Sign in - Google Accounts,edge,Default,google.com,search,2026-03-02,18,Monday
2026-03-02 18:05:47.440600,https://accounts.google.com/v3/signin/identifier,Sign in to continue to Indeed,chrome,Profile 1,google.com,search,2026-03-02,18,Monday
2026-03-02 18:05:47.440600,https://accounts.google.com/v3/signin/identifier,Sign in to continue to Indeed,edge,Default,google.com,search,2026-03-02,18,Monday
2026-03-02 18:05:53.059518,https://accounts.google.com/lifecycle/steps/signup/name,Create your Google Account,edge,Default,google.com,search,2026-03-02,18,Monday
2026-03-02 18:05:53.059518,https://accounts.google.com/lifecycle/steps/signup/name,Create your Google Account,chrome,Profile 1,google.com,search,2026-03-02,18,Monday
2026-03-02 18:05:53.059518,https://accounts.google.com/lifecycle/flows/signup,Create your Google Account,chrome,Profile 1,google.com,search,2026-03-02,18,Monday
2026-03-02 18:06:12.952868,https://accounts.google.com/lifecycle/steps/signup/birthdaygender,Basic information Enter your birthday and gender,edge,Default,google.com,search,2026-03-02,18,Monday
2026-03-02 18:06:12.952868,https://accounts.google.com/lifecycle/steps/signup/birthdaygender,Basic information Enter your birthday and gender,chrome,Profile 1,google.com,search,2026-03-02,18,Monday
2026-03-02 18:06:37.415848,https://accounts.google.com/lifecycle/steps/signup/username,Create an email address Create a Gmail address for signing in to your Google Account,edge,Default,google.com,search,2026-03-02,18,Monday
2026-03-02 18:06:37.415848,https://accounts.google.com/lifecycle/steps/signup/username,Create an email address Create a Gmail address for signing in to your Google Account,chrome,Profile 1,google.com,search,2026-03-02,18,Monday
2026-03-02 18:07:05.696672,https://accounts.google.com/v3/signin/identifier,Sign in - Google Accounts,chrome,Profile 1,google.com,search,2026-03-02,18,Monday
2026-03-02 18:07:05.696672,https://accounts.google.com/v3/signin/identifier,Sign in - Google Accounts,edge,Default,google.com,search,2026-03-02,18,Monday
2026-03-02 18:07:52.374608,https://accounts.google.com/v3/signin/identifier,Sign in - Google Accounts,edge,Default,google.com,search,2026-03-02,18,Monday
2026-03-02 18:07:52.374608,https://accounts.google.com/v3/signin/identifier,Sign in - Google Accounts,chrome,Profile 1,google.com,search,2026-03-02,18,Monday
2026-03-02 18:07:52.374608,https://accounts.google.com/AddSession,Sign in - Google Accounts,chrome,Profile 1,google.com,search,2026-03-02,18,Monday
2026-03-02 18:07:57.190120,https://support.google.com/chrome/answer/6130773,Browse Chrome as a guest - Computer - Google Chrome Help,edge,Default,google.com,search,2026-03-02,18,Monday
2026-03-02 18:07:57.190120,https://support.google.com/chrome/answer/6130773,Browse Chrome as a guest - Computer - Google Chrome Help,chrome,Profile 1,google.com,search,2026-03-02,18,Monday
2026-03-02 18:08:11.689329,https://accounts.google.com/v3/signin/challenge/pwd,Welcome,edge,Default,google.com,search,2026-03-02,18,Monday
2026-03-02 18:08:11.689329,https://accounts.google.com/v3/signin/challenge/pwd,Welcome,chrome,Profile 1,google.com,search,2026-03-02,18,Monday
2026-03-02 18:08:51.993646,https://accounts.google.com/v3/signin/accountchooser,Sign in - Google Accounts,edge,Default,google.com,search,2026-03-02,18,Monday
2026-03-02 18:08:51.993646,https://accounts.google.com/v3/signin/accountchooser,Sign in - Google Accounts,chrome,Profile 1,google.com,search,2026-03-02,18,Monday
2026-03-02 18:08:51.993646,https://accounts.google.com/AccountChooser,Sign in - Google Accounts,chrome,Profile 1,google.com,search,2026-03-02,18,Monday
2026-03-02 18:08:53.889113,https://accounts.google.com/v3/signin/identifier,Sign in with your Google Account. This account will be available to other Google apps in the browser.,chrome,Profile 1,google.com,search,2026-03-02,18,Monday
2026-03-02 18:08:53.889113,https://accounts.google.com/v3/signin/identifier,Sign in with your Google Account. This account will be available to other Google apps in the browser.,edge,Default,google.com,search,2026-03-02,18,Monday
2026-03-02 18:09:19.305505,https://www.google.com/search,local job vacancy - Google Search,chrome,Profile 1,google.com,search,2026-03-02,18,Monday
2026-03-02 18:09:19.305505,https://www.google.com/search,local job vacancy - Google Search,edge,Default,google.com,search,2026-03-02,18,Monday
2026-03-02 18:09:20.112340,https://www.google.com/search,local job vacancy - Google Search,edge,Default,google.com,search,2026-03-02,18,Monday
2026-03-02 18:09:20.112340,https://www.google.com/search,local job vacancy - Google Search,chrome,Profile 1,google.com,search,2026-03-02,18,Monday
2026-03-02 18:09:29.763488,https://myaccount.google.com/,Google Account,chrome,Profile 1,google.com,search,2026-03-02,18,Monday
2026-03-02 18:09:29.763488,https://accounts.google.com/ServiceLogin,Google Account,chrome,Profile 1,google.com,search,2026-03-02,18,Monday
2026-03-02 18:09:29.763488,https://myaccount.google.com/accounts/SetOSID,Google Account,chrome,Profile 1,google.com,search,2026-03-02,18,Monday
2026-03-02 18:09:29.763488,https://myaccount.google.com/,Google Account,edge,Default,google.com,search,2026-03-02,18,Monday
2026-03-02 18:09:40.713420,https://accounts.google.com/v3/signin/identifier,Sign in - Google Accounts,chrome,Profile 1,google.com,search,2026-03-02,18,Monday
2026-03-02 18:09:40.713420,https://accounts.google.com/v3/signin/identifier,Sign in - Google Accounts,edge,Default,google.com,search,2026-03-02,18,Monday
2026-03-02 18:09:40.713420,https://accounts.google.com/AddSession,Sign in - Google Accounts,chrome,Profile 1,google.com,search,2026-03-02,18,Monday
2026-03-02 18:10:10.486970,https://www.google.com/search,local job vacancy - Google Search,chrome,Profile 1,google.com,search,2026-03-02,18,Monday
2026-03-02 18:10:10.486970,https://www.google.com/search,local job vacancy - Google Search,edge,Default,google.com,search,2026-03-02,18,Monday
2026-03-02 18:10:11.161573,https://www.google.com/search,local job vacancy - Google Search,chrome,Profile 1,google.com,search,2026-03-02,18,Monday
2026-03-02 18:10:11.161573,https://www.google.com/search,local job vacancy - Google Search,edge,Default,google.com,search,2026-03-02,18,Monday
2026-03-02 18:10:23.015896,"https://www.glassdoor.co.in/Job/salem-jobs-SRCH_IL.0,5_IC2830069.htm","464 Salem, Tamil Nadu jobs | Glassdoor",chrome,Profile 1,glassdoor.co.in,other,2026-03-02,18,Monday
2026-03-02 18:10:23.015896,"https://www.glassdoor.co.in/Job/salem-jobs-SRCH_IL.0,5_IC2830069.htm","464 Salem, Tamil Nadu jobs | Glassdoor",edge,Default,glassdoor.co.in,other,2026-03-02,18,Monday
2026-03-02 18:39:56.149270,https://www.microsoft.com/en-us/edge/update/145,What's new in Microsoft Edge,edge,Default,microsoft.com,other,2026-03-02,18,Monday
2026-03-02 18:39:56.149270,https://www.microsoft.com/edge/update/,What's new in Microsoft Edge,edge,Default,microsoft.com,other,2026-03-02,18,Monday
2026-03-03 03:20:47.902822,https://chatgpt.com/g/g-p-698ecb4620148191b1f4194d5a4b19fe-arieal-object/project,ChatGPT - arieal_object,chrome,Profile 1,chatgpt.com,learning,2026-03-03,3,Tuesday
2026-03-03 03:20:47.902822,https://chatgpt.com/g/g-p-698ecb4620148191b1f4194d5a4b19fe-arieal-object/project,ChatGPT - arieal_object,edge,Default,chatgpt.com,learning,2026-03-03,3,Tuesday
2026-03-03 03:21:15.833194,https://chatgpt.com/g/g-p-698ecb4620148191b1f4194d5a4b19fe-arieal-object/c/698ed268-7eb4-83a4-8b5f-bb6a5a1bd58f,arieal_object - Project Code Breakdown,chrome,Profile 1,chatgpt.com,learning,2026-03-03,3,Tuesday
2026-03-03 03:21:15.833194,https://chatgpt.com/g/g-p-698ecb4620148191b1f4194d5a4b19fe-arieal-object/c/698ed268-7eb4-83a4-8b5f-bb6a5a1bd58f,ChatGPT - arieal_object,edge,Default,chatgpt.com,learning,2026-03-03,3,Tuesday
2026-03-03 03:40:42.106840,https://github.com/login,Sign in to GitHub · GitHub,edge,Default,github.com,learning,2026-03-03,3,Tuesday
2026-03-03 03:40:42.106840,https://github.com/login,Sign in to GitHub · GitHub,chrome,Profile 1,github.com,learning,2026-03-03,3,Tuesday
2026-03-03 03:40:44.896093,https://github.com/sessions/social/google/initiate,Sign in - Google Accounts,chrome,Profile 1,github.com,learning,2026-03-03,3,Tuesday
2026-03-03 03:40:45.432466,https://accounts.google.com/v3/signin/accountchooser,Sign in - Google Accounts,edge,Default,google.com,search,2026-03-03,3,Tuesday
2026-03-03 03:40:45.432466,https://accounts.google.com/o/oauth2/v2/auth,Sign in - Google Accounts,chrome,Profile 1,google.com,search,2026-03-03,3,Tuesday
2026-03-03 03:40:45.432466,https://accounts.google.com/v3/signin/accountchooser,Sign in - Google Accounts,chrome,Profile 1,google.com,search,2026-03-03,3,Tuesday
2026-03-03 03:40:50.370090,https://github.com/sessions/social/google/callback,GitHub,chrome,Profile 1,github.com,learning,2026-03-03,3,Tuesday
2026-03-03 03:40:50.370090,https://accounts.google.com/ServiceLogin,GitHub,chrome,Profile 1,google.com,search,2026-03-03,3,Tuesday
2026-03-03 03:40:50.370090,https://accounts.google.com/signin/oauth/consent,GitHub,chrome,Profile 1,google.com,search,2026-03-03,3,Tuesday
2026-03-03 03:40:50.370090,https://accounts.google.com/InteractiveLogin,GitHub,chrome,Profile 1,google.com,search,2026-03-03,3,Tuesday
2026-03-03 03:41:04.683011,https://github.com/Subasangkarisaravanan/Data_Science_Projects/new/main,New File at / · Subasangkarisaravanan/Data_Science_Projects,edge,Default,github.com,learning,2026-03-03,3,Tuesday
2026-03-03 03:41:04.683011,https://github.com/Subasangkarisaravanan/Data_Science_Projects/new/main,New File at / · Subasangkarisaravanan/Data_Science_Projects,chrome,Profile 1,github.com,learning,2026-03-03,3,Tuesday
2026-03-03 03:44:09.139972,https://github.com/Subasangkarisaravanan/Data_Science_Projects/new/main/Arieal_Object_Detection/data/classification_dataset,New File at Arieal_Object_Detection/data/classification_dataset · Subasangkarisaravanan/Data_Science_Projects,chrome,Profile 1,github.com,learning,2026-03-03,3,Tuesday
2026-03-03 03:44:09.139972,https://github.com/Subasangkarisaravanan/Data_Science_Projects/new/main/Arieal_Object_Detection/data/classification_dataset,New File at Arieal_Object_Detection/data/classification_dataset · Subasangkarisaravanan/Data_Science_Projects,edge,Default,github.com,learning,2026-03-03,3,Tuesday
2026-03-03 03:50:37.449478,https://github.com/Subasangkarisaravanan/Data_Science_Projects/new/main/Arieal_Object_Detection/data,New File at Arieal_Object_Detection/data · Subasangkarisaravanan/Data_Science_Projects,chrome,Profile 1,github.com,learning,2026-03-03,3,Tuesday
2026-03-03 03:50:37.449478,https://github.com/Subasangkarisaravanan/Data_Science_Projects/new/main/Arieal_Object_Detection/data,New File at Arieal_Object_Detection/data · Subasangkarisaravanan/Data_Science_Projects,edge,Default,github.com,learning,2026-03-03,3,Tuesday
2026-03-03 03:53:39.322154,https://github.com/Subasangkarisaravanan/Data_Science_Projects/tree/main/Arieal_Object_Detection/models,Data_Science_Projects/Arieal_Object_Detection/models at main · Subasangkarisaravanan/Data_Science_Projects,edge,Default,github.com,learning,2026-03-03,3,Tuesday
2026-03-03 03:53:39.322154,https://github.com/Subasangkarisaravanan/Data_Science_Projects/tree/main/Arieal_Object_Detection/models,Data_Science_Projects/Arieal_Object_Detection/models at main · Subasangkarisaravanan/Data_Science_Projects,chrome,Profile 1,github.com,learning,2026-03-03,3,Tuesday
2026-03-03 03:53:42.820826,https://github.com/Subasangkarisaravanan/Data_Science_Projects/upload/main/Arieal_Object_Detection/models,Upload files · Subasangkarisaravanan/Data_Science_Projects,edge,Default,github.com,learning,2026-03-03,3,Tuesday
2026-03-03 03:53:42.820826,https://github.com/Subasangkarisaravanan/Data_Science_Projects/upload/main/Arieal_Object_Detection/models,Upload files · Subasangkarisaravanan/Data_Science_Projects,chrome,Profile 1,github.com,learning,2026-03-03,3,Tuesday
2026-03-03 03:55:10.860831,https://github.com/Subasangkarisaravanan/Data_Science_Projects/new/main/Arieal_Object_Detection,New File at Arieal_Object_Detection · Subasangkarisaravanan/Data_Science_Projects,chrome,Profile 1,github.com,learning,2026-03-03,3,Tuesday
2026-03-03 03:55:10.860831,https://github.com/Subasangkarisaravanan/Data_Science_Projects/new/main/Arieal_Object_Detection,New File at Arieal_Object_Detection · Subasangkarisaravanan/Data_Science_Projects,edge,Default,github.com,learning,2026-03-03,3,Tuesday
2026-03-03 03:55:28.584126,https://github.com/Subasangkarisaravanan/Data_Science_Projects/tree/main/Arieal_Object_Detection/reports,Data_Science_Projects/Arieal_Object_Detection/reports at main · Subasangkarisaravanan/Data_Science_Projects,edge,Default,github.com,learning,2026-03-03,3,Tuesday
2026-03-03 03:55:28.584126,https://github.com/Subasangkarisaravanan/Data_Science_Projects/tree/main/Arieal_Object_Detection/reports,Data_Science_Projects/Arieal_Object_Detection/reports at main · Subasangkarisaravanan/Data_Science_Projects,chrome,Profile 1,github.com,learning,2026-03-03,3,Tuesday
2026-03-03 03:55:32.216997,https://github.com/Subasangkarisaravanan/Data_Science_Projects/upload/main/Arieal_Object_Detection/reports,Upload files · Subasangkarisaravanan/Data_Science_Projects,chrome,Profile 1,github.com,learning,2026-03-03,3,Tuesday
2026-03-03 03:55:32.216997,https://github.com/Subasangkarisaravanan/Data_Science_Projects/upload/main/Arieal_Object_Detection/reports,Upload files · Subasangkarisaravanan/Data_Science_Projects,edge,Default,github.com,learning,2026-03-03,3,Tuesday
2026-03-03 03:56:02.888397,https://github.com/Subasangkarisaravanan/Data_Science_Projects/new/main/Arieal_Object_Detection/src,New File at Arieal_Object_Detection/src · Subasangkarisaravanan/Data_Science_Projects,chrome,Profile 1,github.com,learning,2026-03-03,3,Tuesday
2026-03-03 03:56:02.888397,https://github.com/Subasangkarisaravanan/Data_Science_Projects/new/main/Arieal_Object_Detection/src,New File at Arieal_Object_Detection/src · Subasangkarisaravanan/Data_Science_Projects,edge,Default,github.com,learning,2026-03-03,3,Tuesday
2026-03-03 03:56:19.421469,https://github.com/Subasangkarisaravanan/Data_Science_Projects/upload/main/Arieal_Object_Detection/src/runs,Upload files · Subasangkarisaravanan/Data_Science_Projects,edge,Default,github.com,learning,2026-03-03,3,Tuesday
2026-03-03 03:56:19.421469,https://github.com/Subasangkarisaravanan/Data_Science_Projects/upload/main/Arieal_Object_Detection/src/runs,Upload files · Subasangkarisaravanan/Data_Science_Projects,chrome,Profile 1,github.com,learning,2026-03-03,3,Tuesday
2026-03-03 03:56:40.968840,https://github.com/Subasangkarisaravanan/Data_Science_Projects/upload/main/Arieal_Object_Detection/src,Upload files · Subasangkarisaravanan/Data_Science_Projects,edge,Default,github.com,learning,2026-03-03,3,Tuesday
2026-03-03 03:56:40.968840,https://github.com/Subasangkarisaravanan/Data_Science_Projects/upload/main/Arieal_Object_Detection/src,Upload files · Subasangkarisaravanan/Data_Science_Projects,chrome,Profile 1,github.com,learning,2026-03-03,3,Tuesday
2026-03-03 03:56:57.054275,https://github.com/Subasangkarisaravanan/Data_Science_Projects/new/main/Arieal_Object_Detection/src/runs,New File at Arieal_Object_Detection/src/runs · Subasangkarisaravanan/Data_Science_Projects,chrome,Profile 1,github.com,learning,2026-03-03,3,Tuesday
2026-03-03 03:56:57.054275,https://github.com/Subasangkarisaravanan/Data_Science_Projects/new/main/Arieal_Object_Detection/src/runs,New File at Arieal_Object_Detection/src/runs · Subasangkarisaravanan/Data_Science_Projects,edge,Default,github.com,learning,2026-03-03,3,Tuesday
2026-03-03 03:59:33.430020,https://github.com/Subasangkarisaravanan/Data_Science_Projects/compare/main...Subasangkarisaravanan-patch-1,Comparing main...Subasangkarisaravanan-patch-1 · Subasangkarisaravanan/Data_Science_Projects,chrome,Profile 1,github.com,learning,2026-03-03,3,Tuesday
2026-03-03 03:59:33.430020,https://github.com/Subasangkarisaravanan/Data_Science_Projects/compare/main...Subasangkarisaravanan-patch-1,Comparing main...Subasangkarisaravanan-patch-1 · Subasangkarisaravanan/Data_Science_Projects,edge,Default,github.com,learning,2026-03-03,3,Tuesday
2026-03-03 04:02:13.740636,https://github.com/,GitHub,chrome,Profile 1,github.com,learning,2026-03-03,4,Tuesday
2026-03-03 04:02:13.740636,https://github.com/,GitHub,edge,Default,github.com,learning,2026-03-03,4,Tuesday
2026-03-03 04:02:36.122989,https://github.com/Subasangkarisaravanan/Data_Science_Projects/upload/main/Arieal_Object_Detection/src/runs/detect,Upload files · Subasangkarisaravanan/Data_Science_Projects,edge,Default,github.com,learning,2026-03-03,4,Tuesday
2026-03-03 04:02:36.122989,https://github.com/Subasangkarisaravanan/Data_Science_Projects/upload/main/Arieal_Object_Detection/src/runs/detect,Upload files · Subasangkarisaravanan/Data_Science_Projects,chrome,Profile 1,github.com,learning,2026-03-03,4,Tuesday
2026-03-03 04:03:24.158204,https://github.com/Subasangkarisaravanan/Data_Science_Projects/tree/main/Arieal_Object_Detection/src,Data_Science_Projects/Arieal_Object_Detection/src at main · Subasangkarisaravanan/Data_Science_Projects,edge,Default,github.com,learning,2026-03-03,4,Tuesday
2026-03-03 04:03:24.158204,https://github.com/Subasangkarisaravanan/Data_Science_Projects/tree/main/Arieal_Object_Detection/src,Data_Science_Projects/Arieal_Object_Detection/src at main · Subasangkarisaravanan/Data_Science_Projects,chrome,Profile 1,github.com,learning,2026-03-03,4,Tuesday
2026-03-03 04:03:25.751070,https://github.com/Subasangkarisaravanan/Data_Science_Projects/tree/main/Arieal_Object_Detection/src/runs,Data_Science_Projects/Arieal_Object_Detection/src/runs at main · Subasangkarisaravanan/Data_Science_Projects,chrome,Profile 1,github.com,learning,2026-03-03,4,Tuesday
2026-03-03 04:03:25.751070,https://github.com/Subasangkarisaravanan/Data_Science_Projects/tree/main/Arieal_Object_Detection/src/runs,Data_Science_Projects/Arieal_Object_Detection/src/runs at main · Subasangkarisaravanan/Data_Science_Projects,edge,Default,github.com,learning,2026-03-03,4,Tuesday
2026-03-03 04:03:27.052428,https://github.com/Subasangkarisaravanan/Data_Science_Projects/tree/main/Arieal_Object_Detection/src/runs/detect,Data_Science_Projects/Arieal_Object_Detection/src/runs/detect at main · Subasangkarisaravanan/Data_Science_Projects,chrome,Profile 1,github.com,learning,2026-03-03,4,Tuesday
2026-03-03 04:03:27.052428,https://github.com/Subasangkarisaravanan/Data_Science_Projects/tree/main/Arieal_Object_Detection/src/runs/detect,Data_Science_Projects/Arieal_Object_Detection/src/runs/detect at main · Subasangkarisaravanan/Data_Science_Projects,edge,Default,github.com,learning,2026-03-03,4,Tuesday
2026-03-03 04:03:55.968794,https://github.com/Subasangkarisaravanan/Data_Science_Projects/tree/main/Arieal_Object_Detection/data/classification_dataset,Data_Science_Projects/Arieal_Object_Detection/data/classification_dataset at main · Subasangkarisaravanan/Data_Science_Projects,edge,Default,github.com,learning,2026-03-03,4,Tuesday
2026-03-03 04:03:55.968794,https://github.com/Subasangkarisaravanan/Data_Science_Projects/tree/main/Arieal_Object_Detection/data/classification_dataset,Data_Science_Projects/Arieal_Object_Detection/data/classification_dataset at main · Subasangkarisaravanan/Data_Science_Projects,chrome,Profile 1,github.com,learning,2026-03-03,4,Tuesday
2026-03-03 04:03:58.747890,https://github.com/Subasangkarisaravanan/Data_Science_Projects/upload/main/Arieal_Object_Detection/data/classification_dataset,Upload files · Subasangkarisaravanan/Data_Science_Projects,chrome,Profile 1,github.com,learning,2026-03-03,4,Tuesday
2026-03-03 04:03:58.747890,https://github.com/Subasangkarisaravanan/Data_Science_Projects/upload/main/Arieal_Object_Detection/data/classification_dataset,Upload files · Subasangkarisaravanan/Data_Science_Projects,edge,Default,github.com,learning,2026-03-03,4,Tuesday
2026-03-03 04:04:18.856774,https://github.com/Subasangkarisaravanan/Data_Science_Projects/upload/main/Arieal_Object_Detection/data,Upload files · Subasangkarisaravanan/Data_Science_Projects,edge,Default,github.com,learning,2026-03-03,4,Tuesday
2026-03-03 04:04:18.856774,https://github.com/Subasangkarisaravanan/Data_Science_Projects/upload/main/Arieal_Object_Detection/data,Upload files · Subasangkarisaravanan/Data_Science_Projects,chrome,Profile 1,github.com,learning,2026-03-03,4,Tuesday
2026-03-03 04:04:22.403386,https://github.com/Subasangkarisaravanan/Data_Science_Projects/upload/main/Arieal_Object_Detection,Upload files · Subasangkarisaravanan/Data_Science_Projects,edge,Default,github.com,learning,2026-03-03,4,Tuesday
2026-03-03 04:04:22.403386,https://github.com/Subasangkarisaravanan/Data_Science_Projects/upload/main/Arieal_Object_Detection,Upload files · Subasangkarisaravanan/Data_Science_Projects,chrome,Profile 1,github.com,learning,2026-03-03,4,Tuesday
2026-03-03 04:04:33.606382,https://github.com/Subasangkarisaravanan/Data_Science_Projects/tree/main/Arieal_Object_Detection/data,Data_Science_Projects/Arieal_Object_Detection/data at main · Subasangkarisaravanan/Data_Science_Projects,edge,Default,github.com,learning,2026-03-03,4,Tuesday
2026-03-03 04:04:33.606382,https://github.com/Subasangkarisaravanan/Data_Science_Projects/tree/main/Arieal_Object_Detection/data,Data_Science_Projects/Arieal_Object_Detection/data at main · Subasangkarisaravanan/Data_Science_Projects,chrome,Profile 1,github.com,learning,2026-03-03,4,Tuesday
2026-03-03 04:04:35.211146,https://github.com/Subasangkarisaravanan/Data_Science_Projects/tree/main/Arieal_Object_Detection/data/object_detection_dataset,Data_Science_Projects/Arieal_Object_Detection/data/object_detection_dataset at main · Subasangkarisaravanan/Data_Science_Projects,edge,Default,github.com,learning,2026-03-03,4,Tuesday
2026-03-03 04:04:35.211146,https://github.com/Subasangkarisaravanan/Data_Science_Projects/tree/main/Arieal_Object_Detection/data/object_detection_dataset,Data_Science_Projects/Arieal_Object_Detection/data/object_detection_dataset at main · Subasangkarisaravanan/Data_Science_Projects,chrome,Profile 1,github.com,learning,2026-03-03,4,Tuesday
2026-03-03 04:04:38.255776,https://github.com/Subasangkarisaravanan/Data_Science_Projects/upload/main/Arieal_Object_Detection/data/object_detection_dataset,Upload files · Subasangkarisaravanan/Data_Science_Projects,chrome,Profile 1,github.com,learning,2026-03-03,4,Tuesday
2026-03-03 04:04:38.255776,https://github.com/Subasangkarisaravanan/Data_Science_Projects/upload/main/Arieal_Object_Detection/data/object_detection_dataset,Upload files · Subasangkarisaravanan/Data_Science_Projects,edge,Default,github.com,learning,2026-03-03,4,Tuesday
2026-03-03 04:05:10.787125,https://github.com/Subasangkarisaravanan/Data_Science_Projects/upload,Processing your files…,edge,Default,github.com,learning,2026-03-03,4,Tuesday
2026-03-03 04:05:10.787125,https://github.com/Subasangkarisaravanan/Data_Science_Projects/upload,Processing your files…,chrome,Profile 1,github.com,learning,2026-03-03,4,Tuesday
2026-03-03 04:05:13.529385,https://github.com/Subasangkarisaravanan/Data_Science_Projects,Subasangkarisaravanan/Data_Science_Projects: Projects for Data Science,chrome,Profile 1,github.com,learning,2026-03-03,4,Tuesday
2026-03-03 04:05:13.529385,https://github.com/Subasangkarisaravanan/Data_Science_Projects,Subasangkarisaravanan/Data_Science_Projects: Projects for Data Science,edge,Default,github.com,learning,2026-03-03,4,Tuesday
2026-03-03 04:12:47.443209,https://github.com/Subasangkarisaravanan/Data_Science_Projects/tree/main/Arieal_Object_Detection,Data_Science_Projects/Arieal_Object_Detection at main · Subasangkarisaravanan/Data_Science_Projects,chrome,Profile 1,github.com,learning,2026-03-03,4,Tuesday
2026-03-03 04:12:47.443209,https://github.com/Subasangkarisaravanan/Data_Science_Projects/tree/main/Arieal_Object_Detection,Data_Science_Projects/Arieal_Object_Detection at main · Subasangkarisaravanan/Data_Science_Projects,edge,Default,github.com,learning,2026-03-03,4,Tuesday
2026-03-03 12:47:03.249091,https://www.flipkart.com/karan-enterprise-solar-stair-step-light-set/p/itm8a1881fda8617,KARAN ENTERPRISE Solar Stair Step Light Solar Light Set Price in India - Buy KARAN ENTERPRISE Solar Stair Step Light Solar Light Set online at Flipkart.com,edge,Default,flipkart.com,shopping,2026-03-03,12,Tuesday
2026-03-03 12:47:03.249091,http://www.flipkart.com/karan-enterprise-solar-stair-step-light-set/p/itm8a1881fda8617,KARAN ENTERPRISE Solar Stair Step Light Solar Light Set Price in India - Buy KARAN ENTERPRISE Solar Stair Step Light Solar Light Set online at Flipkart.com,chrome,Profile 1,flipkart.com,shopping,2026-03-03,12,Tuesday
2026-03-03 12:47:03.249091,https://www.flipkart.com/karan-enterprise-solar-stair-step-light-set/p/itm8a1881fda8617,KARAN ENTERPRISE Solar Stair Step Light Solar Light Set Price in India - Buy KARAN ENTERPRISE Solar Stair Step Light Solar Light Set online at Flipkart.com,chrome,Profile 1,flipkart.com,shopping,2026-03-03,12,Tuesday
2026-03-04 03:41:00.013777,https://letshyphen.com/collections/face-serum-2,Face Serum – HYPHEN,edge,Default,letshyphen.com,other,2026-03-04,3,Wednesday
2026-03-04 03:41:00.013777,https://letshyphen.com/collections/face-serum-2,Face Serum – HYPHEN,chrome,Profile 1,letshyphen.com,other,2026-03-04,3,Wednesday
2026-03-04 03:41:38.213331,https://letshyphen.com/collections/face-cleanser,Face Cleanser – HYPHEN,chrome,Profile 1,letshyphen.com,other,2026-03-04,3,Wednesday
2026-03-04 03:41:38.213331,https://letshyphen.com/collections/face-cleanser,Face Cleanser – HYPHEN,edge,Default,letshyphen.com,other,2026-03-04,3,Wednesday
2026-03-04 03:44:07.225679,https://letshyphen.com/collections/all,Collections | Hyphen | All Products – HYPHEN,chrome,Profile 1,letshyphen.com,other,2026-03-04,3,Wednesday
2026-03-04 03:44:07.225679,https://letshyphen.com/collections/all,Collections | Hyphen | All Products – HYPHEN,edge,Default,letshyphen.com,other,2026-03-04,3,Wednesday
2026-03-04 03:44:17.287986,https://letshyphen.com/collections/barrier-care-cream-collection,Collection | Hyphen | Barrier Care Face Creams – HYPHEN,edge,Default,letshyphen.com,other,2026-03-04,3,Wednesday
2026-03-04 03:44:17.287986,https://letshyphen.com/collections/barrier-care-cream-collection,Collection | Hyphen | Barrier Care Face Creams – HYPHEN,chrome,Profile 1,letshyphen.com,other,2026-03-04,3,Wednesday
2026-03-04 08:07:11.290458,https://v2.zenclass.in/class,,edge,Default,zenclass.in,learning,2026-03-04,8,Wednesday
2026-03-04 08:07:11.290458,https://v2.zenclass.in/class,GUVI,chrome,Profile 1,zenclass.in,learning,2026-03-04,8,Wednesday
2026-03-04 08:07:13.318914,https://v2.zenclass.in/login,GUVI,chrome,Profile 1,zenclass.in,learning,2026-03-04,8,Wednesday
2026-03-04 08:07:18.198750,https://v2.zenclass.in/dashboard,GUVI,edge,Default,zenclass.in,learning,2026-03-04,8,Wednesday
2026-03-04 08:07:18.198750,https://v2.zenclass.in/dashboard,GUVI,chrome,Profile 1,zenclass.in,learning,2026-03-04,8,Wednesday
2026-03-04 08:07:25.719477,https://v2.zenclass.in/mockinterview,GUVI,edge,Default,zenclass.in,learning,2026-03-04,8,Wednesday
2026-03-04 08:07:25.719477,https://v2.zenclass.in/mockinterview,GUVI,chrome,Profile 1,zenclass.in,learning,2026-03-04,8,Wednesday
2026-03-04 08:07:27.428813,https://v2.zenclass.in/query,GUVI,chrome,Profile 1,zenclass.in,learning,2026-03-04,8,Wednesday
2026-03-04 08:07:27.428813,https://v2.zenclass.in/query,GUVI,edge,Default,zenclass.in,learning,2026-03-04,8,Wednesday
2026-03-04 08:07:53.707517,https://v2.zenclass.in/projects,GUVI,chrome,Profile 1,zenclass.in,learning,2026-03-04,8,Wednesday
2026-03-04 08:08:00.063726,https://drive.google.com/drive/folders/1OE3b4iQonsO4ax_RH7zrheLlf14BI5Du,DS-S-WD-T-B105 - Final Project - Google Drive,chrome,Profile 1,google.com,search,2026-03-04,8,Wednesday
2026-03-04 08:08:00.063726,https://drive.google.com/drive/folders/1OE3b4iQonsO4ax_RH7zrheLlf14BI5Du,DS-S-WD-T-B105 - Final Project - Google Drive,edge,Default,google.com,search,2026-03-04,8,Wednesday
2026-03-04 08:08:00.624484,https://drive.google.com/drive/folders/1OE3b4iQonsO4ax_RH7zrheLlf14BI5Du,DS-S-WD-T-B105 - Final Project - Google Drive,chrome,Profile 1,google.com,search,2026-03-04,8,Wednesday
2026-03-04 08:08:07.748456,https://chat.openai.com/,ChatGPT,chrome,Profile 1,openai.com,other,2026-03-04,8,Wednesday
2026-03-04 08:08:07.748456,https://chatgpt.com/,ChatGPT,chrome,Profile 1,chatgpt.com,learning,2026-03-04,8,Wednesday
2026-03-04 08:08:29.289532,https://chatgpt.com/g/g-p-69a5b1f0ebc481919a25073d4c890857-final-project/project,ChatGPT - Final_Project,chrome,Profile 1,chatgpt.com,learning,2026-03-04,8,Wednesday
2026-03-04 08:08:48.740008,https://chatgpt.com/g/g-p-69a5b1f0ebc481919a25073d4c890857-final-project/c/69a5b264-30bc-8322-9c28-659eaf0e849a,Final_Project - Project Step-by-Step Guide,chrome,Profile 1,chatgpt.com,learning,2026-03-04,8,Wednesday
2026-03-04 09:27:40.494161,https://chat.openai.com/,ChatGPT,edge,Default,openai.com,other,2026-03-04,9,Wednesday
2026-03-04 09:27:49.684186,https://drive.google.com/drive/folders/1OE3b4iQonsO4ax_RH7zrheLlf14BI5Du,DS-S-WD-T-B105 - Final Project – Google Drive,edge,Default,google.com,search,2026-03-04,9,Wednesday
2026-03-04 09:27:50.823859,https://accounts.google.com/v3/signin/accountchooser,Sign in - Google Accounts,edge,Default,google.com,search,2026-03-04,9,Wednesday
2026-03-04 09:27:50.823859,https://auth.openai.com/api/accounts/authorize,Sign in - Google Accounts,edge,Default,openai.com,other,2026-03-04,9,Wednesday
2026-03-04 09:27:50.823859,https://accounts.google.com/o/oauth2/v2/auth,Sign in - Google Accounts,edge,Default,google.com,search,2026-03-04,9,Wednesday
2026-03-04 09:27:56.009043,https://chatgpt.com/g/g-p-69a5b1f0ebc481919a25073d4c890857-final-project,Get started | ChatGPT,edge,Default,chatgpt.com,learning,2026-03-04,9,Wednesday
2026-03-04 09:27:56.009043,https://chatgpt.com/auth/login/,Get started | ChatGPT,edge,Default,chatgpt.com,learning,2026-03-04,9,Wednesday
2026-03-04 09:27:59.320076,https://accounts.google.com/ServiceLogin,ChatGPT,edge,Default,google.com,search,2026-03-04,9,Wednesday
2026-03-04 09:27:59.320076,https://accounts.google.com/signin/oauth/consent,ChatGPT,edge,Default,google.com,search,2026-03-04,9,Wednesday
2026-03-04 09:27:59.320076,https://accounts.google.com/InteractiveLogin,ChatGPT,edge,Default,google.com,search,2026-03-04,9,Wednesday
2026-03-04 09:27:59.320076,https://auth.openai.com/api/accounts/callback/google,ChatGPT,edge,Default,openai.com,other,2026-03-04,9,Wednesday
2026-03-04 09:27:59.320076,https://chatgpt.com/api/auth/callback/openai,ChatGPT,edge,Default,chatgpt.com,learning,2026-03-04,9,Wednesday
2026-03-04 09:27:59.320076,https://chatgpt.com/,ChatGPT,edge,Default,chatgpt.com,learning,2026-03-04,9,Wednesday
2026-03-04 09:28:07.561403,https://chatgpt.com/g/g-p-69a5b1f0ebc481919a25073d4c890857-final-project/project,ChatGPT - Final_Project,edge,Default,chatgpt.com,learning,2026-03-04,9,Wednesday
2026-03-04 09:28:10.071292,https://chatgpt.com/g/g-p-69a5b1f0ebc481919a25073d4c890857-final-project/c/69a5b264-30bc-8322-9c28-659eaf0e849a,Final_Project - Project Step-by-Step Guide,edge,Default,chatgpt.com,learning,2026-03-04,9,Wednesday
2026-03-04 09:46:14.122661,https://v2.zenclass.in/projects,GUVI,edge,Default,zenclass.in,learning,2026-03-04,9,Wednesday
2026-03-04 09:46:14.530807,https://v2.zenclass.in/login,GUVI,edge,Default,zenclass.in,learning,2026-03-04,9,Wednesday
2026-03-04 10:05:02.348136,https://chatgpt.com/g/g-p-69a803cca02881919658d7e367401bba/project,ChatGPT - Ram_Logger,edge,Default,chatgpt.com,learning,2026-03-04,10,Wednesday
2026-03-04 10:11:25.751373,https://chatgpt.com/g/g-p-69a803cca02881919658d7e367401bba-ram-logger/c/69a80407-c39c-8323-bba7-c98bda8b59f3,ChatGPT - Ram_Logger,edge,Default,chatgpt.com,learning,2026-03-04,10,Wednesday
